path	bigsmiles	canonical_bigsmiles
PolymerLit-MT_processed/1.corrected.mol	{[][$]CC[$][]}	{[][>]CC[<][]}
PolymerLit-MT_processed/10.corrected.mol	{[][$]CC(OC(=O)C)[$][]}	{[][>]CC(OC(C)=O)[<],[>]C(OC(C)=O)C[<][]}
PolymerLit-MT_processed/100.corrected.mol	{[][$]CC(CC)[$][]}	{[][>]CC(CC)[<],[>]C(CC)C[<][]}
PolymerLit-MT_processed/101.corrected.mol	{[][<]OCCOC(=O)CCCCCCCC(=O)[>][]}	{[][>]OCCOC(=O)CCCCCCCC(=O)[<][]}
PolymerLit-MT_processed/102.corrected.mol	{[][$]CC(C(=O)OC(C)CCCCCC)[$][]}	{[][>]CC(C(OC(CCCCCC)C)=O)[<],[>]C(C(OC(CCCCCC)C)=O)C[<][]}
PolymerLit-MT_processed/103.corrected.mol	{[][$]CC(C(=O)OCCC)[$][]}	{[][>]CC(C(OCCC)=O)[<],[>]C(C(OCCC)=O)C[<][]}
PolymerLit-MT_processed/104.corrected.mol	{[][$]CC(F)(F)[$][]}	{[][>]CC(F)(F)[<],[>]C(F)(F)C[<][]}
PolymerLit-MT_processed/105.corrected.mol	{[][<]OCCOC(=O)CCCCC(=O)[>][]}	{[][>]OCCOC(=O)CCCCC(=O)[<][]}
PolymerLit-MT_processed/106.corrected.mol	{[][$]CC(CCCC(C)C)[$][]}	{[][>]CC(CCCC(C)C)[<],[>]C(CCCC(C)C)C[<][]}
PolymerLit-MT_processed/107.corrected.mol	{[][<]OC(C)CCCC(C)C(=O)[>][]}	{[][>]OC(C)CCCC(C)C(=O)[<][]}
PolymerLit-MT_processed/108.corrected.mol	{[][<]OCCOC(=O)CCCCCCCCC(=O)[>][]}	{[][>]OCCOC(=O)CCCCCCCCC(=O)[<][]}
PolymerLit-MT_processed/109.corrected.mol	{[][<]CCCC(C)(C1=CC=CC=C1)[>][]}	{[][>]CCCC(c(cc1)ccc1)(C)[<][]}
PolymerLit-MT_processed/11.corrected.mol	{[][$]CCN(CCN)CCNCCN(CCNCCN)CCN(CN(CN)CN)CC[$][]}	{[][>]CCN(CN(CN)CN)CCN(CCNCCN)CCNCCN(CCN)CC[<],[>]CCN(CCN)CCNCCN(CCNCCN)CCN(CN(CN)CN)CC[<][]}
PolymerLit-MT_processed/110.corrected.mol	{[][$]CC(C(=O)OCC(C)C)[$][]}	{[][>]CC(C(OCC(C)C)=O)[<],[>]C(C(OCC(C)C)=O)C[<][]}
PolymerLit-MT_processed/111.corrected.mol	{[][$]CC(OCC(C)C)[$][]}	{[][>]CC(OCC(C)C)[<],[>]C(OCC(C)C)C[<][]}
PolymerLit-MT_processed/112.corrected.mol	{[][$]CC(C(=O)OCC)[$][]}	{[][>]CC(C(OCC)=O)[<],[>]C(C(OCC)=O)C[<][]}
PolymerLit-MT_processed/113.corrected.mol	{[][$]CC(OC(C)CC)[$][]}	{[][>]CC(OC(CC)C)[<],[>]C(OC(CC)C)C[<][]}
PolymerLit-MT_processed/114.corrected.mol	{[][$]CC(C(=O)OC(C)CC)[$][]}	{[][>]CC(C(OC(CC)C)=O)[<],[>]C(C(OC(CC)C)=O)C[<][]}
PolymerLit-MT_processed/115.corrected.mol	{[][$]CC(OCC)[$][]}	{[][>]CC(OCC)[<],[>]C(OCC)C[<][]}
PolymerLit-MT_processed/116.corrected.mol	{[][$]CC(C(=O)OC(CC)CC)[$][]}	{[][>]CC(C(OC(CC)CC)=O)[<],[>]C(C(OC(CC)CC)=O)C[<][]}
PolymerLit-MT_processed/117.corrected.mol	{[][$]CC(CCC(C)C)[$][]}	{[][>]CC(CCC(C)C)[<],[>]C(CCC(C)C)C[<][]}
PolymerLit-MT_processed/118.corrected.mol	{[][<]CC(CCl)(CCl)CO[>][]}	{[][>]OCC(CCl)(CCl)C[<][]}
PolymerLit-MT_processed/119.corrected.mol	{[][<]CCCC(C)(C1=CC=C(N(C)C)C=C1)[>][]}	{[][>]CCCC(C)(c(cc1)ccc1N(C)C)[<][]}
PolymerLit-MT_processed/12.corrected.mol	{[][$]{[$][$]C(F)(F)C(F)(F)[$][$]}C(F)(CC(F)(F)C(C(F)(F)F)OC(F)(F)C(F)(F)S(=O)(=O)[O-1])C(F)(O)[$][]}	{[][>3]C(F)(F)C(F)(F)[<3],[>3]C(F)(CC(C(OC(C(S(=O)(=O)[O-])(F)F)(F)F)C(F)(F)F)(F)F)C(F)(O)[<3],[>1]C(F)(O)C(F)(CC(C(OC(C(S(=O)(=O)[O-])(F)F)(F)F)C(F)(F)F)(F)F)[<1],[>3][<1],[>1][<3],[>1]C(F)(O)C(F)(CC(C(OC(C(S(=O)(=O)[O-])(F)F)(F)F)C(F)(F)F)(F)F)C(F)(F){[<][>]C(F)(F)C(F)(F)[<][>]}C(F)(F)[<1][]}
PolymerLit-MT_processed/120.corrected.mol	{[][$]CC(C=C)[$][]}	{[][>]CC(C=C)[<],[>]C(C=C)C[<][]}
PolymerLit-MT_processed/121.corrected.mol	{[][$]CC(OC(C)C)[$][]}	{[][>]CC(OC(C)C)[<],[>]C(OC(C)C)C[<][]}
PolymerLit-MT_processed/122.corrected.mol	{[][<]OCCOC(=O)CCC(=O)[>][]}	{[][>]OCCOC(=O)CCC(=O)[<][]}
PolymerLit-MT_processed/123.corrected.mol	{[][$]CC(SC)[$][]}	{[][>]CC(SC)[<],[>]C(SC)C[<][]}
PolymerLit-MT_processed/124.corrected.mol	{[][<][Si](C1=CC=CC=C1)(C1=CC=CC=C1)O[Si](C)(C)C1=CC=C(C=C1)[Si](C)(C)O[>][]}	{[][>][Si](c(cc2)ccc2)(c(cc2)ccc2)O[Si](C)(C)c(cc1)ccc1[Si](C)(C)O[<][]}
PolymerLit-MT_processed/125.corrected.mol	{[][$]CC(OC(=O)CCC)[$][]}	{[][>]CC(OC(CCC)=O)[<],[>]C(OC(CCC)=O)C[<][]}
PolymerLit-MT_processed/126.corrected.mol	{[][$]CC(C1=CC=C(COCCCCCC)C=C1)[$][]}	{[][>]CC(c(cc2)ccc2COCCCCCC)[<],[>]C(c(cc1)ccc1COCCCCCC)C[<][]}
PolymerLit-MT_processed/127.corrected.mol	{[][$]CC(C1=CC=C(CCCC)C=C1)[$][]}	{[][>]CC(c(cc2)ccc2CCCC)[<],[>]C(c(cc1)ccc1CCCC)C[<][]}
PolymerLit-MT_processed/128.corrected.mol	{[][$]CC(C(=O)OC)[$][]}	{[][>]CC(C(OC)=O)[<],[>]C(C(OC)=O)C[<][]}
PolymerLit-MT_processed/129.corrected.mol	{[][$]CC(OC(=O)CC)[$][]}	{[][>]CC(OC(CC)=O)[<],[>]C(OC(CC)=O)C[<][]}
PolymerLit-MT_processed/13.corrected.mol	{[][$]C=1NC(=CC1)C1=CC=C(N1)[$][]}	{[][$]C=1NC(=CC1)C1=CC=C(N1)[$][]}
PolymerLit-MT_processed/130.corrected.mol	{[][$]CC(C)(C(=O)OCC(CC)CC)[$][]}	{[][>]CC(C)(C(OCC(CC)CC)=O)[<],[>]C(C)(C(OCC(CC)CC)=O)C[<][]}
PolymerLit-MT_processed/131.corrected.mol	{[][$]CC(C1=CC=CC=C1OCCCCCCCC)[$][]}	{[][>]CC(c(ccc2)c(c2)OCCCCCCCC)[<],[>]C(c(ccc1)c(c1)OCCCCCCCC)C[<][]}
PolymerLit-MT_processed/132.corrected.mol	{[][$]CC(C)(C(=O)OCCOC)[$][]}	{[][>]CC(C)(C(OCCOC)=O)[<],[>]C(C)(C(OCCOC)=O)C[<][]}
PolymerLit-MT_processed/133.corrected.mol	{[][$]CC(C1=CC=C(COCCC)C=C1)[$][]}	{[][>]CC(c(cc2)ccc2COCCC)[<],[>]C(c(cc1)ccc1COCCC)C[<][]}
PolymerLit-MT_processed/134.corrected.mol	{[][$]CC1=C(CC)C=C(C=C1)C[$][]}	{[][>]Cc(cc1)cc(CC)c1C[<],[>]Cc(c(c2)CC)ccc2C[<][]}
PolymerLit-MT_processed/135.corrected.mol	{[][$]CC(C(F)(F)F)[$][]}	{[][>]CC(C(F)(F)F)[<],[>]C(C(F)(F)F)C[<][]}
PolymerLit-MT_processed/136.corrected.mol	{[][$]CC(CC(C)C)[$][]}	{[][>]CC(CC(C)C)[<],[>]C(CC(C)C)C[<][]}
PolymerLit-MT_processed/137.corrected.mol	{[][$]CC(OC=O)[$][]}	{[][>]CC(OC=O)[<],[>]C(OC=O)C[<][]}
PolymerLit-MT_processed/138.corrected.mol	{[][$]CC(OC(=O)CCl)[$][]}	{[][>]CC(OC(=O)CCl)[<],[>]C(OC(=O)CCl)C[<][]}
PolymerLit-MT_processed/139.corrected.mol	{[][$]CC(C)(C(=O)OCC(C)(C)C)[$][]}	{[][>]CC(C)(C(OCC(C)(C)C)=O)[<],[>]C(C)(C(OCC(C)(C)C)=O)C[<][]}
PolymerLit-MT_processed/14.corrected.mol	{[][$]C1=CC=C(S1)[$][]}	{[][>]c(cc1)sc1[<][]}
PolymerLit-MT_processed/140.corrected.mol	{[][$]CC(C)(C(=O)OCCC)[$][]}	{[][>]CC(C)(C(OCCC)=O)[<],[>]C(C)(C(OCCC)=O)C[<][]}
PolymerLit-MT_processed/141.corrected.mol	{[][<]NCCCCCCCCCCCC(=O)[>][]}	{[][>]NCCCCCCCCCCCC(=O)[<][]}
PolymerLit-MT_processed/142.corrected.mol	{[][<]CCC[Si](C1=CC=C(C)C=C1)(C1=CC=C(C)C=C1)[>][]}	{[][>][Si](c(cc1)ccc1C)(c(cc1)ccc1C)CCC[<][]}
PolymerLit-MT_processed/143.corrected.mol	{[][$]CC(CCC1CCCCC1)[$][]}	{[][>]CC(CCC(CC2)CCC2)[<],[>]C(CCC(CC1)CCC1)C[<][]}
PolymerLit-MT_processed/144.corrected.mol	{[][$]CC(C(F)(F)C(F)(F)F)[$][]}	{[][>]CC(C(C(F)(F)F)(F)F)[<],[>]C(C(C(F)(F)F)(F)F)C[<][]}
PolymerLit-MT_processed/145.corrected.mol	{[][$]CC(C(=O)OC(C)(C)C)[$][]}	{[][>]CC(C(OC(C)(C)C)=O)[<],[>]C(C(OC(C)(C)C)=O)C[<][]}
PolymerLit-MT_processed/146.corrected.mol	{[][<]CC(COC1=CC=CC=C1)O[>],[<]C(COC1=CC=CC=C1)CO[>][]}	{[][>]OCC(COc(cc2)ccc2)[<],[>]OC(COc(cc1)ccc1)C[<][]}
PolymerLit-MT_processed/147.corrected.mol	{[][$]CC(F)(C(F)(F)F)[$][]}	{[][>]CC(F)(C(F)(F)F)[<],[>]C(F)(C(F)(F)F)C[<][]}
PolymerLit-MT_processed/148.corrected.mol	{[][<]OC1=CC(=CC=C1)[>][]}	{[][>]c(ccc1)cc1O[<][]}
PolymerLit-MT_processed/149.corrected.mol	{[][$]CC(C(=O)NCCCC)[$][]}	{[][>]CC(C(NCCCC)=O)[<],[>]C(C(NCCCC)=O)C[<][]}
PolymerLit-MT_processed/15.corrected.mol	{[][$]C1=C2C(OCCO2)=C(S1)[$][]}	{[][>]c(c(c1OC2)OC2)sc1[<][]}
PolymerLit-MT_processed/150.corrected.mol	{[][$]CC(OC(=O)C(F)(F)F)[$][]}	{[][>]CC(OC(C(F)(F)F)=O)[<],[>]C(OC(C(F)(F)F)=O)C[<][]}
PolymerLit-MT_processed/151.corrected.mol	{[][<]CC1CC(OC(CCC)O1)[>][]}	{[][>]CC(OC(CCC)O1)CC1[<][]}
PolymerLit-MT_processed/152.corrected.mol	{[][<]OCCOC(=O)C1=CC(=CC=C1)C(=O)[>][]}	{[][>]OCCOC(=O)c(ccc1)cc1C(=O)[<][]}
PolymerLit-MT_processed/153.corrected.mol	{[][<]CCC[Si](C1=CC=C(N(C)C)C=C1)(C1=CC=CC=C1)[>][]}	{[][>][Si](c(cc1)ccc1)(c(cc1)ccc1N(C)C)CCC[<][]}
PolymerLit-MT_processed/154.corrected.mol	{[][$]CC(C1=CC=C(OCCC(C)C)C=C1)[$][]}	{[][>]CC(c(cc2)ccc2OCCC(C)C)[<],[>]C(c(cc1)ccc1OCCC(C)C)C[<][]}
PolymerLit-MT_processed/155.corrected.mol	{[][$]CC(C(F)(F)C(F)(F)C(F)(F)F)[$][]}	{[][>]CC(C(C(C(F)(F)F)(F)F)(F)F)[<],[>]C(C(C(C(F)(F)F)(F)F)(F)F)C[<][]}
PolymerLit-MT_processed/156.corrected.mol	{[][<][Si](C1=CC=CC=C1)(C1=CC=CC=C1)C1=CC(=CC=C1)O[>][]}	{[][>][Si](c(cc2)ccc2)(c(cc2)ccc2)c(ccc1)cc1O[<][]}
PolymerLit-MT_processed/157.corrected.mol	{[][$]CC1=CC=C(C=C1)C[$][]}	{[][>]Cc(cc1)ccc1C[<][]}
PolymerLit-MT_processed/158.corrected.mol	{[][$]CC(CC1CCCC1)[$][]}	{[][>]CC(CC(CC2)CC2)[<],[>]C(CC(CC1)CC1)C[<][]}
PolymerLit-MT_processed/159.corrected.mol	{[][$]CC(CC1=CC=CC=C1)[$][]}	{[][>]CC(Cc(cc2)ccc2)[<],[>]C(Cc(cc1)ccc1)C[<][]}
PolymerLit-MT_processed/16.corrected.mol	{[][<]C1=CC=C(C=C1)NC1=CC=C(C=C1)N[>][]}	{[][>]c(cc2)ccc2Nc(cc1)ccc1N[<][]}
PolymerLit-MT_processed/160.corrected.mol	{[][<]NCCCCCC(=O)[>][]}	{[][>]NCCCCCC(=O)[<][]}
PolymerLit-MT_processed/161.corrected.mol	{[][<]OCCOC(=O)C1=C2C(C=CC=C2)=C(C=C1)C(=O)[>][]}	{[][>]OCCOC(=O)c(c(c1cc2)cc2)ccc1C(=O)[<][]}
PolymerLit-MT_processed/162.corrected.mol	{[][$]CC(Cl)(C(=O)OCCC)[$][]}	{[][>]CC(Cl)(C(OCCC)=O)[<],[>]C(Cl)(C(OCCC)=O)C[<][]}
PolymerLit-MT_processed/163.corrected.mol	{[][<]OCCOC(=O)C1=CC=CC2=C1C=CC=C2C(=O)[>][]}	{[][>]OCCOC(=O)c(ccc1)c(cc2)c1c(c2)C(=O)[<][]}
PolymerLit-MT_processed/164.corrected.mol	{[][$]CC1C(OC(CC)O1)C[$],[$]CC1CC(OC(CC)O1)[$][]}	{[][>]CC(OC1CC)C(O1)C[<],[>]CC(OC(CC)O2)CC2[<],[>]C(OC(CC)O4)CC4C[<][]}
PolymerLit-MT_processed/165.corrected.mol	{[][$]CC(CC1CCCCC1)[$][]}	{[][>]CC(CC(CC2)CCC2)[<],[>]C(CC(CC1)CCC1)C[<][]}
PolymerLit-MT_processed/166.corrected.mol	{[][$]CC(C1CCCC1)[$][]}	{[][>]CC(C(CC2)CC2)[<],[>]C(C(CC1)CC1)C[<][]}
PolymerLit-MT_processed/167.corrected.mol	{[][$]CC(C)(C(=O)OCC(O)C)[$][]}	{[][>]CC(C)(C(OCC(C)O)=O)[<],[>]C(C)(C(OCC(C)O)=O)C[<][]}
PolymerLit-MT_processed/168.corrected.mol	{[][$]CC(C1=CC=C(COC)C=C1)[$][]}	{[][>]CC(c(cc2)ccc2COC)[<],[>]C(c(cc1)ccc1COC)C[<][]}
PolymerLit-MT_processed/169.corrected.mol	{[][$]CC1=CC=C(C=C1Cl)C[$][]}	{[][>]Cc(cc1)cc(Cl)c1C[<],[>]Cc(c(c2)Cl)ccc2C[<][]}
PolymerLit-MT_processed/17.corrected.mol	O{[>][<]C(=O)CC(C)O[>],[<]C(=O)CC(CC)O[>][<]}[H]	[H]O{[<][>]C(C)CC(=O)O[<],[>]C(CC)CC(=O)O[<][>]}[H]
PolymerLit-MT_processed/170.corrected.mol	{[][$]CC1=CC=C(C=C1Br)C[$][]}	{[][>]Cc(cc1)cc(Br)c1C[<],[>]Cc(c(c2)Br)ccc2C[<][]}
PolymerLit-MT_processed/171.corrected.mol	{[][<]OCCOC1=CC=C(C=C1)C(=O)[>][]}	{[][>]OCCOc(cc1)ccc1C(=O)[<][]}
PolymerLit-MT_processed/172.corrected.mol	{[][<]OC1=CC=C(C=C1)[>][]}	{[][>]c(cc1)ccc1O[<][]}
PolymerLit-MT_processed/173.corrected.mol	{[][$]CC1=CC=C(C=C1C#N)C[$][]}	{[][>]Cc(cc1)cc(C#N)c1C[<],[>]Cc(c(c2)C#N)ccc2C[<][]}
PolymerLit-MT_processed/174.corrected.mol	{[][$]C(F)(F)C1=CC=C(C=C1)C(F)(F)[$][]}	{[][>]C(F)(F)c(cc1)ccc1C(F)(F)[<][]}
PolymerLit-MT_processed/175.corrected.mol	{[][<]NCC1=CC=CC(=C1)CNC(=O)CCCCC(=O)[>][]}	{[][>]NCc(ccc1)cc1CNC(=O)CCCCC(=O)[<][]}
PolymerLit-MT_processed/176.corrected.mol	{[][<]OC1=CC=C(C=C1)SC1=CC=C(C=C1)OC(=O)[>][]}	{[][>]Oc(cc2)ccc2Sc(cc1)ccc1OC(=O)[<][]}
PolymerLit-MT_processed/177.corrected.mol	{[][<]OC1=C(C)C=C(C=C1)C(C)(CC)C1=CC(C)=C(C=C1)OC(=O)[>][]}	{[][>]Oc(c(c2)C)ccc2C(C)(CC)c(cc1)cc(C)c1OC(=O)[<][]}
PolymerLit-MT_processed/178.corrected.mol	{[][$]CC(C)(C(=O)OC1=CC=CC=C1)[$][]}	{[][>]CC(C(=O)Oc(cc2)ccc2)(C)[<],[>]C(C(=O)Oc(cc1)ccc1)(C)C[<][]}
PolymerLit-MT_processed/179.corrected.mol	{[][<]OCCOC(=O)C1=CC=C2C(=C1)C=CC(=C2)C(=O)[>][]}	{[][>]OCCOC(=O)c(cc1)cc(c1c1)ccc1C(=O)[<][]}
PolymerLit-MT_processed/18.corrected.mol	{[][<]CCCCCC(=O)O[>][]}	{[][>]OC(=O)CCCCC[<][]}
PolymerLit-MT_processed/180.corrected.mol	{[][$]CC(C1=CC=C(C2=CC=CC=C2)C=C1)[$][]}	{[][>]CC(c(cc2)ccc2-c(cc2)ccc2)[<],[>]C(c(cc1)ccc1-c(cc1)ccc1)C[<][]}
PolymerLit-MT_processed/181.corrected.mol	{[][$]CC(C1=CC=NC=C1)[$][]}	{[][>]CC(c(cc2)ccn2)[<],[>]C(c(cc1)ccn1)C[<][]}
PolymerLit-MT_processed/182.corrected.mol	{[][$]CC(N1CCCC1=O)[$][]}	{[][>]CC(N(CC2)C(C2)=O)[<],[>]C(N(CC1)C(C1)=O)C[<][]}
PolymerLit-MT_processed/183.corrected.mol	{[][$]CC(N1C2=C(C=3C1=CC=CC3)C=CC=C2)[$][]}	{[][>]CC(n(c(ccc3)c4c3)c(c4c3)ccc3)[<],[>]C(n(c(ccc1)c2c1)c(c2c1)ccc1)C[<][]}
PolymerLit-MT_processed/184.corrected.mol	{[][$]CC(C1=CC=C2C(C=CC=C2)=C1)[$][]}	{[][>]CC(c(cc3)cc(ccc4)c3c4)[<],[>]C(c(cc1)cc(ccc2)c1c2)C[<][]}
PolymerLit-MT_processed/185.corrected.mol	{[][$]CC(C#N)(C(=O)OC)[$][]}	{[][>]CC(C#N)(C(OC)=O)[<],[>]C(C#N)(C(OC)=O)C[<][]}
PolymerLit-MT_processed/186.corrected.mol	{[][<]OC1=CC=C(C=C1)C1(CCCC1)C1=CC=C(C=C1)OC(=O)[>][]}	{[][>]Oc(cc4)ccc4C(CC2)(CC2)c(cc1)ccc1OC(=O)[<][]}
PolymerLit-MT_processed/187.corrected.mol	{[][<]OC1=CC=C(C=C1)C1(CCCCC1)C1=CC=C(C=C1)OC(=O)[>][]}	{[][>]Oc(cc4)ccc4C(CCC2)(CC2)c(cc1)ccc1OC(=O)[<][]}
PolymerLit-MT_processed/188.corrected.mol	{[][<]OC1=CC=C(C=C1)C(CC1=CC=CC=C1)C1=CC=C(C=C1)OC(=O)[>][]}	{[][>]Oc(cc4)ccc4C(Cc(cc2)ccc2)c(cc1)ccc1OC(=O)[<][]}
PolymerLit-MT_processed/189.corrected.mol	{[][<]OC1=CC=C(C=C1)C(C)(C)C1=CC=C(C=C1)OC1=CC=C(C=C1)S(=O)(=O)C1=CC=C(C=C1)[>][]}	{[][>]c(cc8)ccc8S(=O)(=O)c(cc4)ccc4Oc(cc2)ccc2C(C)(C)c(cc1)ccc1O[<][]}
PolymerLit-MT_processed/19.corrected.mol	{[][<]C(=O)OCCCCCCO[>][]}	{[][>]OCCCCCCOC(=O)[<][]}
PolymerLit-MT_processed/190.corrected.mol	{[][<]OC1=CC=C(C=C1)C(C)(C)C1=CC(Cl)=C(C(Cl)=C1)OC(=O)[>][]}	{[][>]Oc(cc2)ccc2C(C)(C)c(cc1Cl)cc(Cl)c1OC(=O)[<][]}
PolymerLit-MT_processed/191.corrected.mol	{[][<]OC1=C(C)C=C(C=C1C)C(C)(C)C1=CC(C)=C(C(C)=C1)OC(=O)[>][]}	{[][>]Oc(c(c2)C)c(C)cc2C(C)(C)c(cc1C)cc(C)c1OC(=O)[<][]}
PolymerLit-MT_processed/192.corrected.mol	{[][<]OC1=C(C2=CC=CC=C2)C=C(C=C1C1=CC=CC=C1)[>][]}	{[][>]c(cc1-c(cc2)ccc2)cc(-c(cc2)ccc2)c1O[<][]}
PolymerLit-MT_processed/193.corrected.mol	{[][<]C(=O)C1=CC=C(C=C1)C1(C2=C(C=CC=C2)C(=O)O1)C1=CC=C(C=C1)C(=O)OC1=CC=C(C=C1)C1=CC=C(C=C1)O[>][]}	{[][>]Oc(cc%16)ccc%16c(cc8)ccc8OC(=O)c(cc4)ccc4C(OC2=O)(c(c2c2)ccc2)c(cc1)ccc1C(=O)[<][]}
PolymerLit-MT_processed/194.corrected.mol	{[][<]C=1C=CC(=CC1)C(=O)C1=CC=C(C=C1)N1C(=O)C2=C(C1=O)C=C1C(=C2)C(=O)N(C1=O)[>][]}	{[][>]n(c(c4cc5c6=O)=O)c(=O)c4cc5c(=O)n6c(cc2)ccc2C(=O)c(cc1)ccc1[<][]}
PolymerLit-MT_processed/195.corrected.mol	{[][<]C1=CC=C(C=C1)C1=NC2=C(N=C1)C=CC(=C2)C1=CC2=C(C=C1)N=CC(=N2)[>][]}	{[][>]c(cnc4cc5)nc4cc5c(cc2)cc(c2n2)nc(c2)c(cc1)ccc1[<][]}
PolymerLit-MT_processed/196.corrected.mol	{[][<]OC1=CC=C(C=C1)C1(CC2CCC1C2)C1=CC=C(C=C1)OC(=O)[>][]}	{[][>]Oc(cc5)ccc5C(C(C2)C3)(CC2C3)c(cc1)ccc1OC(=O)[<][]}
PolymerLit-MT_processed/197.corrected.mol	{[][<]OC1=C(C)C=C(C=C1C)[>][]}	{[][>]c(cc1C)cc(C)c1O[<][]}
PolymerLit-MT_processed/198.corrected.mol	{[][$]C(F)(F)C(F)(C1=C(F)C(F)=C(F)C(F)=C1F)[$][]}	{[][>]C(F)(F)C(F)(c(c(F)c2F)c(c(c2F)F)F)[<],[>]C(F)(c(c(F)c1F)c(c(c1F)F)F)C(F)(F)[<][]}
PolymerLit-MT_processed/199.corrected.mol	{[][<]OC1=CC=C(C=C1)C(C(Cl)(F)F)(C(Cl)(F)F)C1=CC=C(C=C1)OC(=O)[>][]}	{[][>]Oc(cc2)ccc2C(C(F)(F)Cl)(C(F)(F)Cl)c(cc1)ccc1OC(=O)[<][]}
PolymerLit-MT_processed/2.corrected.mol	{[][$]CC(C)[$][]}	{[][>]CC(C)[<],[>]C(C)C[<][]}
PolymerLit-MT_processed/20.corrected.mol	{[][<]C(=O)CCC(=O)OCCCCO[>][]}	{[][>]OCCCCOC(=O)CCC(=O)[<][]}
PolymerLit-MT_processed/200.corrected.mol	{[][$]CC(C1=CC=CC=C1CO)[$][]}	{[][>]CC(c(ccc2)c(c2)CO)[<],[>]C(c(ccc1)c(c1)CO)C[<][]}
PolymerLit-MT_processed/201.corrected.mol	{[][<]OCC[>][<]}OCC(CO{[>][<]CCO[>][<]})(CO{[>][<]CCO[>][<]})CO{[>][<]CCO[>][]}	{[][<]OCC[>][<]}OCC(CO{[>][<]CCO[>][<]})(CO{[>][<]CCO[>][<]})CO{[>][<]CCO[>][]}
PolymerLit-MT_processed/202.corrected.mol	C1CCCCCC{[$][$]=C/CCCCCC/C=[$][$]}C1	{[][>]CCCCCCCC[<][]}
PolymerLit-MT_processed/203.corrected.mol	[H]{[>][<]NC(CC1=CC=C(O)C=C1)C(=O)[>],[<]NC(CCCCN)C(=O)[>],[<]NC(CC1=CC(O)=C(O)C=C1)C(=O)[>][<]}OCC	[H]{[<][>]NC(CCCCN)C(=O)[<],[>]NC(Cc(cc1)ccc1O)C(=O)[<],[>]NC(Cc(cc2O)ccc2O)C(=O)[<][>]}OCC[H]
PolymerLit-MT_processed/204.corrected.mol	C1CCCCCCC{[$][$]C2C(CCCCC{[$][$]C3C(CCCCCC3)[$][$]}CCCC2)[$][$]}CCCCC1	C1CCCCCCC{[$][$]C2C(CCCCC{[$][$]C3C(CCCCCC3)[$][$]}CCCC2)[$][$]}CCCCC1
PolymerLit-MT_processed/205.corrected.mol	{[][$]=C/C=C\C=C/C=C\C=C/C=C\C=C/C=C\C=[$][]}	{[][$]=C/C=C\C=C/C=C\C=C/C=C\C=C/C=C\C=[$][]}
PolymerLit-MT_processed/206.corrected.mol	failed to obtain BigSMILES	failed to obtain BigSMILES
PolymerLit-MT_processed/207.corrected.mol	[H]{[>][<][C@@]1(O)OC(CO)[C@](C([C@]1O)O)O[C@]1(O)[C@](O)C(O)[C@](C(O1)CO)O[>][]}	[H]{[<][>]C(O)(OC(CO)C2OC(O)(OC(CO)C1O[<])C(O)C1O)C(O)C2O[]}
PolymerLit-MT_processed/208.corrected.mol	{[][$]CC(C#N)[$],[$]C/C=C/C[$],[$]CC(C1=CC=CC=C1)[$][]}	{[][>]CC(C#N)[<],[>]C(C#N)C[<],[>]C/C=C/C[<],[>]CC(c(cc1)ccc1)[<],[>]C(c(cc2)ccc2)C[<][]}
PolymerLit-MT_processed/209.corrected.mol	{[][$]CC(C#N)[$],[$]CC(C1=CC=CC=C1)[$],[$]CC(C(OC)=O)[$][]}	{[][>]CC(C#N)[<],[>]C(C#N)C[<],[>]CC(C(OC)=O)[<],[>]C(C(OC)=O)C[<],[>]CC(c(cc1)ccc1)[<],[>]C(c(cc2)ccc2)C[<][]}
PolymerLit-MT_processed/21.corrected.mol	{[][<]C(C)C(=O)O[>][]}	{[][>]OC(=O)C(C)[<][]}
PolymerLit-MT_processed/210.corrected.mol	{[][<]N1C(=O)C2=C(C1=O)C=CC(=C2)OC1=CC=C(C=C1)C(C)(C)C1=CC=C(C=C1)OC1=CC=C2C(=C1)C(=O)N(C2=O)C1=CC=CC(=C1)[>][]}	{[][>]c(ccc%12)cc%12N(C(c%12cc%13)=O)C(=O)c%12cc%13Oc(cc6)ccc6C(C)(C)c(cc3)ccc3Oc(ccc1C2=O)cc1C(=O)N2[<][]}
PolymerLit-MT_processed/211.corrected.mol	CCC(CCC){[$][$]CC({[>][<]OCC[>][<]}O)[$][$]}[H]	[H]{[<][>]C(O{[<][>]CCO[<][>]}[H])C[<],[>]CC(O{[<][>]CCO[<][>]}{[<][>]CCO[<][>]}[H])[<][>]}C(CC)CCC[H]
PolymerLit-MT_processed/212.corrected.mol	{[][$]CC(C(NC(C)C)=O)[$][]}	{[][>]CC(C(NC(C)C)=O)[<],[>]C(C(NC(C)C)=O)C[<][]}
PolymerLit-MT_processed/213.corrected.mol	{[][$]CC(C)(C(NC(C)C)=O)[$],[$]C(C(NC(C)C)=O)C[$][]}	{[][>]CC(C(NC(C)C)=O)[<],[>]C(C(NC(C)C)=O)C[<],[>]CC(C)(C(NC(C)C)=O)[<],[>]C(C)(C(NC(C)C)=O)C[<][]}
PolymerLit-MT_processed/214.corrected.mol	{[][<]O[C@]1[C@@](O)[C@@](O)[C@@](O[C@@]1C[O-1])O[C@]1[C@@](O)[C@@](O)[C@@](O[C@@]1C[O-1].[Na+1].[Na+1])O[>][]}	{[][<]O[C@]1[C@@](O)[C@@](O)[C@@](O[C@@]1C[O-1])O[C@]1[C@@](O)[C@@](O)[C@@](O[C@@]1C[O-1].[Na+1].[Na+1])O[>][]}
PolymerLit-MT_processed/215.corrected.mol	{[][<]N(C(C)(C)C)CCN(C(C)(C)C)C(=O)NCC1CCCC(C1)CNC(=O)[>][]}	{[][>]N(C(C)(C)C)CCN(C(C)(C)C)C(=O)NCC(CCC1)CC1CNC(=O)[<][]}
PolymerLit-MT_processed/216.corrected.mol	{[][$]CN(C(=O)C)C[$],[$]CN(C(=O)CCN1C(=O)C=CC1=O)C[$][]}	{[][>]CN(C(C)=O)C[<],[>]CN(C(CCN(C(C=1)=O)C(C=1)=O)=O)C[<][]}
PolymerLit-MT_processed/217.corrected.mol	{[][$]CN(C(=O)C)C[$],[$]CN(C(=O)CCC=1OC=CC1)C[$][]}	{[][>]CN(C(C)=O)C[<],[>]CN(C(=O)CCc(oc1)cc1)C[<][]}
PolymerLit-MT_processed/218.corrected.mol	{[][$]CN(C(=O)C)C[$],[$]CN(C(=O)CCS)C[$][]}	{[][>]CN(C(C)=O)C[<],[>]CN(C(=O)CCS)C[<][]}
PolymerLit-MT_processed/219.corrected.mol	failed to obtain BigSMILES	failed to obtain BigSMILES
PolymerLit-MT_processed/22.corrected.mol	{[][<]OC(=O)C1=CC=C(C=C1)C(=O)OCCC[>][]}	{[][>]OC(=O)c(cc1)ccc1C(=O)OCCC[<][]}
PolymerLit-MT_processed/220.corrected.mol	{[][<]N1C(=O)C2=C(C1=O)C=CC(=C2)OC1=CC=C(C=C1)C(C)(C)C1=CC=C(C=C1)OC1=CC=2C(=O)N(C(=O)C2C=C1)C1=CC=C(C=C1)OC1=CC=C(C=C1)C1=CC=C(C=C1)OC1=CC=C(C=C1)[>][]}	{[][>]c(cc%12)ccc%12Oc(cc%12)ccc%12c(cc%12)ccc%12Oc(cc%12)ccc%12N(C(c%12cc%13)=O)C(=O)c%12cc%13Oc(cc6)ccc6C(C)(C)c(cc3)ccc3Oc(ccc1C2=O)cc1C(=O)N2[<][]}
PolymerLit-MT_processed/221.corrected.mol	{[][$]=CC1CCC(C1)C=[$][]}	{[][>]CC(CC1)CC1C[<][]}
PolymerLit-MT_processed/222.corrected.mol	{[][$]=C\C1CCC(C1)C=[$][$]}{[$][$]=C\C1C(C(=O)O)C(C(=O)O)C(C1)C=[$][]}	{[][>]CC(CC2)CC2C[<][>]}{[<][>]CC(C(C4C(=O)O)C(=O)O)CC4C[<][]}
PolymerLit-MT_processed/223.corrected.mol	{[][$]C1=C2C(CC=N2)=C(C(O)=C1O)C1=C2C(CC=N2)=C(C(O)=C1O)[$][]}	{[][>]c(c(c9O)O)c(N=C%10)c(C%10)c9c(c(c4O)O)c(N=C5)c(C5)c4[<],[>]c(c(c2O)O)c(CC=3)c(N=3)c2c(c(c1O)O)c(CC=2)c(N=2)c1[<][]}
PolymerLit-MT_processed/224.corrected.mol	C({[>][<]C=1C=CC=C(C1OCC1CO1)C[>][<]}C1=CC=CC=C1OCC1CO1)C1=C(C=CC=C1)OCC1CO1	[H]c(ccc4)c(OCC(O5)C5)c4C{[<][>]c(ccc4)c(OCC(O5)C5)c4C[<][>]}c(cc2)c(cc2)OCC(C1)(O1)[H]
PolymerLit-MT_processed/225.corrected.mol	CC(=C)C(O)OCCNC(=O)OCC({[>][<]C(F)(F)C(F)(F)O[>],[<]C(F)(F)O[>][<]}OC(F)(F)COC(=O)NCCOC(=O)C(=C)C)(F)F	[H]CC(=C)C(O)OCCNC(=O)OCC(F)(F)OC(F)(F){[<][>]OC(F)(F)[<],[>]C(F)(F)OC(F)(F)[<][>]}COC(=O)NCCOC(=O)C(=C)C[H]
PolymerLit-MT_processed/226.corrected.mol	[H]{[>][<][C@@]1(OC(=O)C)OC(COC(=O)C)[C@](C([C@]1O)O)O[C@@]1(OC(=O)C)[C@](O)C(O)[C@](C(O1)COC(=O)C)O[>][]}	[H]{[<][>]C(OC(C)=O)(OC(COC(C)=O)C2OC(OC(C)=O)(OC(COC(C)=O)C1O[<])C(O)C1O)C(O)C2O[]}
PolymerLit-MT_processed/227.corrected.mol	O{[>][<]C(C)COC(=O)CCC(=O)O[>][<]}CC(O)C	[H]O{[<][>]C(C)COC(=O)CCC(=O)O[<][>]}CC(C)O[H]
PolymerLit-MT_processed/228.corrected.mol	{[][<]CC(C)OC(=O)O[>][]}	{[][>]OC(=O)OC(C)C[<][]}
PolymerLit-MT_processed/229.corrected.mol	{[][<]CCOC(=O)O[>][]}	{[][>]OC(=O)OCC[<][]}
PolymerLit-MT_processed/23.corrected.mol	{[][$]CC1=CC(Cl)=C(C=C1)C[$][]}	{[][>]Cc(cc1)cc(Cl)c1C[<],[>]Cc(c(c2)Cl)ccc2C[<][]}
PolymerLit-MT_processed/230.corrected.mol	{[][<]OC(=O)OC1C(CCCC1)[>][]}	{[][>]OC(=O)OC(CC1)C(CC1)[<][]}
PolymerLit-MT_processed/231.corrected.mol	{[][<]CO[>],[<]CCO[>][]}	{[][>]CO[<],[>]C[<][]}
PolymerLit-MT_processed/232.corrected.mol	failed to obtain BigSMILES	failed to obtain BigSMILES
PolymerLit-MT_processed/233.corrected.mol	[H]{[>][<][C@@]1(O[N+1](=O)[O-1])OC(CO[N+1](=O)[O-1])[C@](C([C@]1O)O)O[C@@]1(O[N+1](=O)[O-1])[C@](O)C(O)[C@](C(O1)CO[N+1](=O)[O-1])O[>][]}	[H]{[<][>]C(O[N+](=O)[O-])(OC(CO[N+](=O)[O-])C2OC(O[N+](=O)[O-])(OC(CO[N+](=O)[O-])C1O[<])C(O)C1O)C(O)C2O[]}
PolymerLit-MT_processed/234.corrected.mol	{[][<]CC(CCl)O[>],[<]CCO[>][]}	{[][>]OCC[<],[>]OC(CCl)C[<][]}
PolymerLit-MT_processed/235.corrected.mol	{[][$]C(F)(F)C(F)(C(F)(F)F)[$],[$]C(F)(F)C(F)(F)[$][]}	{[][>]C(F)(F)C(F)(F)[<],[>]C(F)(F)C(F)(C(F)(F)F)[<],[>]C(F)(C(F)(F)F)C(F)(F)[<][]}
PolymerLit-MT_processed/236.corrected.mol	{[][<]SC1=CC=C(C=C1)[>][]}	{[][>]c(cc1)ccc1S[<][]}
PolymerLit-MT_processed/237.corrected.mol	{[][<]C=C/C1=CC=C(C=C1)[>][]}	{[][>]c(cc1)ccc1C=C[<][]}
PolymerLit-MT_processed/238.corrected.mol	{[][<]OC1=CC=C(C=C1)C(=O)C1=CC=C(C=C1)[>][]}	{[][>]c(cc2)ccc2C(=O)c(cc1)ccc1O[<][]}
PolymerLit-MT_processed/239.corrected.mol	{[][$]C(C)(C(=O)OC)C[$],[$]C/C=C/C[$],[$]CC(C1=CC=CC=C1)[$][]}	{[][>]C/C=C/C[<],[>]CC(C)(C(OC)=O)[<],[>]C(C)(C(OC)=O)C[<],[>]CC(c(cc1)ccc1)[<],[>]C(c(cc2)ccc2)C[<][]}
PolymerLit-MT_processed/24.corrected.mol	{[][$]CC(C#N)[$][]}	{[][>]CC(C#N)[<],[>]C(C#N)C[<][]}
PolymerLit-MT_processed/240.corrected.mol	{[][$]CC[$],[$]CC(OC(=O)C)[$][]}	{[][>]CC[<],[>]CC(OC(C)=O)[<],[>]C(OC(C)=O)C[<][]}
PolymerLit-MT_processed/241.corrected.mol	{[][$]CC(C1=CC=CC=C1)[$],[$]CC(C#N)[$][]}	{[][>]CC(C#N)[<],[>]C(C#N)C[<],[>]CC(c(cc1)ccc1)[<],[>]C(c(cc2)ccc2)C[<][]}
PolymerLit-MT_processed/242.corrected.mol	{[][$]C=1OC2=C(N1)C=C(C=C2)C1=CC2=C(C=C1)OC(=N2)C1=CC(=CC=C1)[$][]}	{[][>]c(oc4cc5)nc4cc5c(cc2)cc(c2o2)nc2c(ccc1)cc1[<],[>]c(ccc%18)cc%18c(oc%18cc%19)nc%18cc%19c(cc9)cc(c9o9)nc9[<][]}
PolymerLit-MT_processed/243.corrected.mol	failed to obtain BigSMILES	failed to obtain BigSMILES
PolymerLit-MT_processed/244.corrected.mol	[H]{[>][<]OCCOC(=O)CCC(=O)[>][<]}OCCO	[H]OCCO{[<][>]C(=O)CCC(=O)OCCO[<][>]}[H]
PolymerLit-MT_processed/245.corrected.mol	{[][$]CC[$],[$]CC(OC(=O)C)[$][]}	{[][>]CC[<],[>]CC(OC(C)=O)[<],[>]C(OC(C)=O)C[<][]}
PolymerLit-MT_processed/246.corrected.mol	{[][$]CC[$],[$]C(F)(F)C(F)(F)[$][]}	{[][>]CC[<],[>]C(F)(F)C(F)(F)[<][]}
PolymerLit-MT_processed/247.corrected.mol	{[][$]CC[$],[$]C(F)(F)C(Cl)(F)[$][]}	{[][>]CC[<],[>]C(Cl)(F)C(F)(F)[<],[>]C(F)(F)C(Cl)(F)[<][]}
PolymerLit-MT_processed/248.corrected.mol	{[][<]OCC(=O)[>][<]}O	{[][>]OCC(=O)[<][>]}O[H]
PolymerLit-MT_processed/249.corrected.mol	{[][<][Si]N[>][]}	{[][>][Si]N[<][]}
PolymerLit-MT_processed/25.corrected.mol	{[][<]NCCCCCCCCCCCC(=O)[>][]}	{[][>]NCCCCCCCCCCCC(=O)[<][]}
PolymerLit-MT_processed/250.corrected.mol	{[][<]C=1N=NN(C1)C[C@@](O)COC[>][]}	{[][>]c(nn1)cn1CC(O)COC[<][]}
PolymerLit-MT_processed/251.corrected.mol	CCC(C){[$][$]CC(C1=CC=CC=C1)[$][$]}{[$][$]C/C=C\(C)C[$],[$]C/C=C/(C)C[$],[$]CC(C(=C)C)[$],[$]CC(C)(C=C)[$][$]}{[$][$]CC(C1=CC=CC=C1)[$][$]}{[>][<]CCO[>][<]}[H]	CCC(C){[$][$]CC(C1=CC=CC=C1)[$][$]}{[$][$]C/C=C\(C)C[$],[$]C/C=C/(C)C[$],[$]CC(C(=C)C)[$],[$]CC(C)(C=C)[$][$]}{[$][$]CC(C1=CC=CC=C1)[$][$]}{[>][<]CCO[>][<]}[H]
PolymerLit-MT_processed/252.corrected.mol	CCC(C){[$][$]C/C=C\(C)C[$],[$]C/C=C/(C)C[$],[$]CC(C(=C)C)[$],[$]CC(C)(C=C)[$][$]}{[$][$]CC(C1=CC=CC=C1)[$][$]}{[>][<][Si](C)(C)O[>][]}	CCC(C){[$][$]C/C=C\(C)C[$],[$]C/C=C/(C)C[$],[$]CC(C(=C)C)[$],[$]CC(C)(C=C)[$][$]}{[$][$]CC(C1=CC=CC=C1)[$][$]}{[>][<][Si](C)(C)O[>][]}
PolymerLit-MT_processed/253.corrected.mol	{[][$]CC(C1=CC=CC=C1)[$][$]}{[>][<][Si](C)(C)O[>][]}	{[][>]O[Si](C)(C)[<][>]}{[<][>]CC(c(cc2)ccc2)[<],[>]C(c(cc1)ccc1)C[<][]}
PolymerLit-MT_processed/254.corrected.mol	[H]{[$][$]C(CC)C[$],[$]CCCC[$][$]}{[$][$]C(C1CCCCC1)C[$][$]}C(CC)C	[H]{[<][>]CCCC[<],[>]CC(CC)[<],[>]C(CC)C[<][>]}{[<][>]CC(C(CC2)CCC2)[<],[>]C(C(CC1)CCC1)C[<][>]}C(C)CC[H]
PolymerLit-MT_processed/255.corrected.mol	{[][$]CC(C1=C(C(=O)OC2=CC=C(OCCCC)C=C2)C=CC(C(=O)OC2=CC=C(OCCCC)C=C2)=C1)[$][$]}{[>][<][Si](C)(C)O[>][]}	{[][>]O[Si](C)(C)[<][>]}{[<][>]CC(c(cc3C(Oc(cc4)ccc4OCCCC)=O)c(cc3)C(=O)Oc(cc3)ccc3OCCCC)[<],[>]C(c(cc1C(Oc(cc2)ccc2OCCCC)=O)c(cc1)C(=O)Oc(cc1)ccc1OCCCC)C[<][]}
PolymerLit-MT_processed/256.corrected.mol	CCC(C){[$][$]CC(C1=CC=CC=C1)[$][$]}{[$][$]CC(C(=O)OCC(CC)CCCC)(C)[$][$]}[H]	[H]{[<][>]CC(C)(C(OCC(CCCC)CC)=O)[<],[>]C(C)(C(OCC(CCCC)CC)=O)C[<][>]}{[<][>]CC(c(cc2)ccc2)[<],[>]C(c(cc1)ccc1)C[<][>]}C(C)CC[H]
PolymerLit-MT_processed/257.corrected.mol	CCC({[$][$]CC(C1=CC=CC=C1)[$][$]}{[$][$]CC(C(OCCC)=O)(C)[$][$]}[H])C	[H]{[<][>]CC(C)(C(OCCC)=O)[<],[>]C(C)(C(OCCC)=O)C[<][>]}{[<][>]CC(c(cc2)ccc2)[<],[>]C(c(cc1)ccc1)C[<][>]}C(C)CC[H]
PolymerLit-MT_processed/258.corrected.mol	{[][<]CCO[>][<]}{[$][$]C/C=C\(C)C[$],[$]C/C=C/(C)C[$],[$]CC(C(C)=C)[$],[$]CC(C=C)(C)[$][]}	{[][<]CCO[>][<]}{[$][$]C/C=C\(C)C[$],[$]C/C=C/(C)C[$],[$]CC(C(C)=C)[$],[$]CC(C=C)(C)[$][]}
PolymerLit-MT_processed/259.corrected.mol	{[][<]CCO[>][<]}{[$][$]C/C=C\C[$],[$]C/C=C/C[$],[$]CC(C=C)[$][]}	{[][>]CCO[<][>]}{[<][>]C/C=C/C[<],[>]C/C=C\C[<],[>]CC(C=C)[<],[>]C(C=C)C[<][]}
PolymerLit-MT_processed/26.corrected.mol	{[][<]CC(Cl)[>][]}	{[][>]CC(Cl)[<][]}
PolymerLit-MT_processed/260.corrected.mol	{[][<][Si](C)(C)O[>][<]}{[$][$]C/C=C\C[$],[$]C/C=C/C[$],[$]CC(C=C)[$][]}	{[][>][Si](C)(C)O[<][>]}{[<][>]C/C=C/C[<],[>]C/C=C\C[<],[>]CC(C=C)[<],[>]C(C=C)C[<][]}
PolymerLit-MT_processed/261.corrected.mol	{[][$]CC(C1=CC=CC=N1)[$][$]}{[$][$]CC(C1=CC=NC=C1)[$][]}	{[][>]CC(c(nc%16)ccc%16)[<],[>]C(c(nc8)ccc8)C[<][>]}{[<][>]CC(c(cc2)ccn2)[<],[>]C(c(cc1)ccn1)C[<][]}
PolymerLit-MT_processed/262.corrected.mol	{[][$]CCC(C)C[$],[$]CC(C(C)C)[$],[$]CC(C)(CC)[$][$]}{[$][$]CC[$][]}	{[][>3]CC[<3],[>1]CC(C(C)C)[<1],[>1]C(C(C)C)C[<1],[>1]CCC(C)C[<1],[>1]CC(C)(CC)[<1],[>1]C(C)(CC)C[<1],[>1]CC(C)CC[<1],[>3]CC[<1][]}
PolymerLit-MT_processed/263.corrected.mol	COCCOCCO{[>][<]CCO[>][<]}{[>][<]C(CC)CO[>][<]}[H]	[H]OC{[<][>]C(CC)OC[<][>]}COCCOC{[<][>]COC[<][>]}[H]
PolymerLit-MT_processed/264.corrected.mol	{[][<]C(C)C(=O)O[>][<]}{[$][$]CCC(C)C[$],[$]CC(C(C)C)[$],[$]CC(C)(CC)[$][]}	{[][>]CC(C(C)C)[<],[>]C(C(C)C)C[<],[>]CCC(C)C[<],[>]CC(C)CC[<],[>]CC(C)(CC)[<],[>]C(C)(CC)C[<][>]}{[<][>]OC(=O)C(C)[<][]}
PolymerLit-MT_processed/265.corrected.mol	{[][$]CC(C1=CC=CC=C1)[$][$]}{[$][$]CC(C1=CC=CC=N1)[$][]}	{[][>]CC(c(nc%16)ccc%16)[<],[>]C(c(nc8)ccc8)C[<][>]}{[<][>]CC(c(cc2)ccc2)[<],[>]C(c(cc1)ccc1)C[<][]}
PolymerLit-MT_processed/266.corrected.mol	{[][$]CC(C1=CC=CC=C1)[$][$]}{[$][$]CC(C1=CC=NC=C1)[$][]}	{[][>]CC(c(cc4)ccc4)[<],[>]C(c(cc2)ccc2)C[<][>]}{[<][>]CC(c(cc%16)ccn%16)[<],[>]C(c(cc8)ccn8)C[<][]}
PolymerLit-MT_processed/267.corrected.mol	CC(C)(C{[$][$]=C/C1CCC(C1)/C=[$][$]}{[$][$]=C/C1CC(C2C1CN(C(C)(C)C)[Sn](Cl)(Cl)N(C(C)(C)C)C2)C=[$][$]})C	{[][>1]CC(C(C4CN5C(C)(C)C)CN(C(C)(C)C)[Sn]5(Cl)Cl)CC4C[<1];[H]CC(C)(C)C[<1],[H]CC(C)(C)CCC(CC2)CC2{[<][>]CCC(CC2)CC2[<][>]}C[<1],[>1][H][]}
PolymerLit-MT_processed/268.corrected.mol	CC(C)(C{[$][$]=C/C1C(CO[Si](C)(C)C)CC(C1)/C=[$][$]}{[$][$]=C/C1C(C2C3=C(C(OC)=CC=C3OC)C1C=C2)/C=[$][$]}CC1=CC=CC=C1)C	[H]CC(C)(C)C{[<][>]CC(CC4CO[Si](C)(C)C)CC4C[<],[>]CC(C(C8)CO[Si](C)(C)C)CC8C[<][>]}C{[<][>]C(C(C=%16)c%17c(c%18)OC)C(C(C=%16)c%17c(c%18)OC)CC[<][>]}c(cc1)c(cc1)[H]
PolymerLit-MT_processed/269.corrected.mol	{[][$]CC(C1CCCCC1)[$][$]}{[$][$]CCCC[$],[$]CC(CC)[$][]}	{[][>]CCCC[<],[>]CC(CC)[<],[>]C(CC)C[<][>]}{[<][>]CC(C(CC2)CCC2)[<],[>]C(C(CC1)CCC1)C[<][]}
PolymerLit-MT_processed/27.corrected.mol	{[][<]CC(O)[>][]}	{[][>]CC(O)[<][]}
PolymerLit-MT_processed/270.corrected.mol	{[][$]CC(C1CCCCC1)[$][$]}{[$][$]CCC(C)C[$],[$]CC(C(C)C)[$],[$]CC(C)(CC)[$][]}	{[][>]CC(C(CC4)CCC4)[<],[>]C(C(CC2)CCC2)C[<][>]}{[<][>]CC(C(C)C)[<],[>]C(C(C)C)C[<],[>]CCC(C)C[<],[>]CC(C)CC[<],[>]CC(C)(CC)[<],[>]C(C)(CC)C[<][]}
PolymerLit-MT_processed/271.corrected.mol	{[][$]CCC(C)C[$],[$]CC(C(C)C)[$],[$]CC(C)(CC)[$][$]}{[$][$]CC(CC)[$],[$]CCCC[$][]}	{[][>]CCCC[<],[>]CC(CC)[<],[>]C(CC)C[<][>]}{[<][>]CC(C(C)C)[<],[>]C(C(C)C)C[<],[>]CCC(C)C[<],[>]CC(C)CC[<],[>]CC(C)(CC)[<],[>]C(C)(CC)C[<][]}
PolymerLit-MT_processed/272.corrected.mol	{[][$]CC(C1=CC=CC=C1)[$][$]}{[$][$]CCC(C)C[$],[$]CC(C(C)C)[$],[$]CC(C)(CC)[$][]}	{[][>]CC(c(cc4)ccc4)[<],[>]C(c(cc2)ccc2)C[<][>]}{[<][>]CC(C(C)C)[<],[>]C(C(C)C)C[<],[>]CCC(C)C[<],[>]CC(C)CC[<],[>]CC(C)(CC)[<],[>]C(C)(CC)C[<][]}
PolymerLit-MT_processed/273.corrected.mol	{[][$]CC(C1=CC=CC=C1)[$],[$]CC(C1=CC=C(S(=O)(=O)O)C=C1)[$][$]}{[$][$]CCC(C)C[$],[$]CC(C(C)C)[$],[$]CC(C)(CC)[$][]}	{[][>]CC(C(C)C)[<],[>]C(C(C)C)C[<],[>]CCC(C)C[<],[>]CC(C)CC[<],[>]CC(C)(CC)[<],[>]C(C)(CC)C[<][>]}{[<][>]CC(c(cc2)ccc2)[<],[>]C(c(cc1)ccc1)C[<],[>]CC(c(cc4)ccc4S(=O)(=O)O)[<],[>]C(c(cc8)ccc8S(=O)(=O)O)C[<][]}
PolymerLit-MT_processed/274.corrected.mol	[H]{[>][<]OC(=O)OC(C)C[>][<]}OCC{[$][$]CC(C1=CC=CC=C1)[$][$]}C(CC)C	[H]O{[<][>]C(=O)OC(C)CO[<][>]}CC{[<][>]CC(c(cc2)ccc2)[<],[>]C(c(cc1)ccc1)C[<][>]}C(C)CC[H]
PolymerLit-MT_processed/275.corrected.mol	{[][$]CC(C1=CC=CC=N1)[$][$]}{[$][$]CC(C(OCCOC)=O)(C)[$][]}	{[][>]CC(c(nc4)ccc4)[<],[>]C(c(nc2)ccc2)C[<][>]}{[<][>]CC(C)(C(OCCOC)=O)[<],[>]C(C)(C(OCCOC)=O)C[<][]}
PolymerLit-MT_processed/276.corrected.mol	{[][$]CC(C1=CC=CC=C1)[$][$]}{[$][$]CC(C1=CC=CC=N1)[$][]}	{[][>]CC(c(nc%16)ccc%16)[<],[>]C(c(nc8)ccc8)C[<][>]}{[<][>]CC(c(cc2)ccc2)[<],[>]C(c(cc1)ccc1)C[<][]}
PolymerLit-MT_processed/277.corrected.mol	{[][$]CC(C1=CC(O)=C(O)C=C1)[$][$]}{[$][$]CC(C1=CC=CC=C1)[$][]}	{[][>]CC(c(cc4)ccc4)[<],[>]C(c(cc2)ccc2)C[<][>]}{[<][>]CC(c(cc%16O)ccc%16O)[<],[>]C(c(cc8O)ccc8O)C[<][]}
PolymerLit-MT_processed/278.corrected.mol	CO{[>][<]CCO[>][<]}{[>][<]C(=O)C(C)O[>],[<]C(=O)CO[>][<]}C(CO)=O	[H]OCC(=O)O{[<][>]CC(=O)O[<],[>]C(C)C(=O)O[<][>]}C{[<][>]COC[<][>]}[H]
PolymerLit-MT_processed/279.corrected.mol	{[][$]CCCC[$],[$]CC(CC)[$][$]}{[>][<][Si](C)(C)O[>][]}	{[][>]O[Si](C)(C)[<][>]}{[<][>]CCCC[<],[>]CC(CC)[<],[>]C(CC)C[<][]}
PolymerLit-MT_processed/28.corrected.mol	{[][$]CC(C([O-1].[Na+1])=O)[$][]}	{[][$]CC(C([O-1].[Na+1])=O)[$][]}
PolymerLit-MT_processed/280.corrected.mol	{[][<]CCO[>][<]}{[$][$]CCCC[$],[$]CC(CC)[$][]}	{[][>]CCO[<][>]}{[<][>]CCCC[<],[>]CC(CC)[<],[>]C(CC)C[<][]}
PolymerLit-MT_processed/281.corrected.mol	{[][<]CCO[>][<]}{[$][$]CCC(C)C[$],[$]CC(C(C)C)[$],[$]CC(C)(CC)[$][]}	{[][>]CCO[<][>]}{[<][>]CC(C(C)C)[<],[>]C(C(C)C)C[<],[>]CCC(C)C[<],[>]CC(C)CC[<],[>]CC(C)(CC)[<],[>]C(C)(CC)C[<][]}
PolymerLit-MT_processed/282.corrected.mol	{[][$]CC(C1=CC=CC=C1)[$][$]}{[$][$]C/C=C\(C)C[$],[$]C/C=C/(C)C[$],[$]CC(C(C)=C)[$],[$]CC(C=C)(C)[$][]}	{[][$]CC(C1=CC=CC=C1)[$][$]}{[$][$]C/C=C\(C)C[$],[$]C/C=C/(C)C[$],[$]CC(C(C)=C)[$],[$]CC(C=C)(C)[$][]}
PolymerLit-MT_processed/283.corrected.mol	{[][$]CC(C1CCCCC1)[$][$]}{[>][<]CCO[>][]}	{[][>]OCC[<][>]}{[<][>]CC(C(CC2)CCC2)[<],[>]C(C(CC1)CCC1)C[<][]}
PolymerLit-MT_processed/284.corrected.mol	{[][$]CC(C1CCCCC1)[$][$]}{[$][$]C/C=C\(C)C[$],[$]C/C=C/(C)C[$],[$]CC(C(C)=C)[$],[$]CC(C=C)(C)[$][]}	{[][$]CC(C1CCCCC1)[$][$]}{[$][$]C/C=C\(C)C[$],[$]C/C=C/(C)C[$],[$]CC(C(C)=C)[$],[$]CC(C=C)(C)[$][]}
PolymerLit-MT_processed/285.corrected.mol	{[][<]CC(C1=CC=CC=C1)[>][<]}{[$][$]C/C=C\C[$],[$]C/C=C/C[$],[$]CC(C=C)[$][]}	{[][>]CC(c(cc2)ccc2)[<][>]}{[<][>]C/C=C/C[<],[>]C/C=C\C[<],[>]CC(C=C)[<],[>]C(C=C)C[<][]}
PolymerLit-MT_processed/286.corrected.mol	{[][<]CC(C1CCCCC1)[>][<]}{[$][$]C/C=C\C[$],[$]C/C=C/C[$],[$]CC(C=C)[$][]}	{[][>]CC(C(CC2)CCC2)[<][>]}{[<][>]C/C=C/C[<],[>]C/C=C\C[<],[>]CC(C=C)[<],[>]C(C=C)C[<][]}
PolymerLit-MT_processed/287.corrected.mol	[H]{[>][<]OC(=O)C(C)[>][<]}{[$][$]C/C=C\(C)C[$],[$]C/C=C/(C)C[$],[$]CC(C(C)=C)[$],[$]CC(C=C)(C)[$][$]}C(CC)C	[H]{[>][<]OC(=O)C(C)[>][<]}{[$][$]C/C=C\(C)C[$],[$]C/C=C/(C)C[$],[$]CC(C(C)=C)[$],[$]CC(C=C)(C)[$][$]}C(CC)C
PolymerLit-MT_processed/288.corrected.mol	C[Si](C)(C){[>][<][Si](C)(C)O[>][<]}{[$][$]C/C=C\(C)C[$],[$]C/C=C/(C)C[$],[$]CC(C(C)=C)[$],[$]CC(C)(C=C)[$][$]}C(CC)C	C[Si](C)(C){[>][<][Si](C)(C)O[>][<]}{[$][$]C/C=C\(C)C[$],[$]C/C=C/(C)C[$],[$]CC(C(C)=C)[$],[$]CC(C)(C=C)[$][$]}C(CC)C
PolymerLit-MT_processed/289.corrected.mol	{[][$]CCC(C)C[$],[$]CC(C(C)C)[$],[$]CC(C)(CC)[$][$]}{[$][$]O[Si](C)(C)[$][]}	{[][>]O[Si](C)(C)[<],[>][Si](C)(C)O[<][>]}{[<][>]CC(C(C)C)[<],[>]C(C(C)C)C[<],[>]CCC(C)C[<],[>]CC(C)CC[<],[>]CC(C)(CC)[<],[>]C(C)(CC)C[<][]}
PolymerLit-MT_processed/29.corrected.mol	{[][<]CC(C(=O)OCCCCCCCC)(C#N)[>][]}	{[][>]CC(C#N)(C(OCCCCCCCC)=O)[<][]}
PolymerLit-MT_processed/290.corrected.mol	{[][<]C(C)C(=O)O[>][<]}{[$][$]CCCC[$],[$]CC(CC)[$][]}	{[][>]CCCC[<],[>]CC(CC)[<],[>]C(CC)C[<][>]}{[<][>]OC(=O)C(C)[<][]}
PolymerLit-MT_processed/291.corrected.mol	{[][$][Si](C)(C)O[$][$]}{[$][$]CC(C1CCCCC1)[$][]}	{[][>]O[Si](C)(C)[<],[>][Si](C)(C)O[<][>]}{[<][>]CC(C(CC2)CCC2)[<],[>]C(C(CC1)CCC1)C[<][]}
PolymerLit-MT_processed/292.corrected.mol	[H]{[>][<]OC(=O)OC(C)C[>][<]}{[$][$]CC(C1CCCCC1)[$][]}	{[][>]CC(C(CC2)CCC2)[<],[>]C(C(CC1)CCC1)C[<][>]}{[<][>]CC(C)OC(=O)O[<][>]}[H]
PolymerLit-MT_processed/293.corrected.mol	{[][$]CC(C1=CC=CC=C1)[$][$]}C(C)(C)C(=O)O{[>][<]CCO[>][<]}C(=O)C({[$][$]CC(C1=CC=CC=C1)[$][$]})(C)C	{[][>]CC(c(cc4)ccc4)[<],[>]C(c(cc2)ccc2)C[<][>]}C(C)(C)C(=O)O{[<][>]CCO[<][>]}C(=O)C(C)(C){[<][>]CC(c(cc8)ccc8)[<],[>]C(c(cc1)ccc1)C[<][>]}[H]
PolymerLit-MT_processed/294.corrected.mol	{[][<]OC(C)CC(=O)[>][<]}{[>][<]OC(CCC)CC(=O)[>][]}	{[][>]OC(C)CC(=O)[<][>]}{[<][>]OC(CCC)CC(=O)[<][]}
PolymerLit-MT_processed/295.corrected.mol	C=CC({[>][<]OC(C)C(=O)[>][<]}{[>][<]OCC[>][<]}{[>][<]OC(=O)C(C)[>][<]}OC(=O)C=C)=O	[H]C(=C){[<][>]C(=O)OC(C)[<][>]}C(=O){[<][>]OC(=O)C(C)[<][>]}O{[<][>]OCC[<][>]}C(=O)C(=C)[H]
PolymerLit-MT_processed/296.corrected.mol	{[][$]CC(C{[>][<]OCC[>][<]}OC)[$],[$]C(C(=O)O)C(C(O)=O)[$][$]}{[$][$]CC(C1=CC=CC=C1)[$][$]}SC(C1=CC=CC=C1)=S	{[][>]C(C(=O)O)C(C(=O)O)[<],[>]CC([<])COC{[<][>]COC[<][>]}[H],[>]C(C[<])COC{[<][>]COC[<][>]}{[<][>]COC[<][>]}[H][>]}{[<][>]CC(c(cc4)ccc4)[<],[>]C(c(cc2)ccc2)C[<][>]}SC(=S)c(cc1)c(cc1)[H]
PolymerLit-MT_processed/297.corrected.mol	[H]{[>][<]OCCCC(CSC{[>][<]CO[>][<]})C(=O)[>][<]}{[>][<]C(=O)C(C)OC(=O)C(C)O[>][<]}OCC1=CC=CC=C1	{[>5][<5][>6],[<5][H]{[<][>]C(=O)C(C)OC(=O)C(C)O[<][>]}OCc(cc1)c(cc1)[H][>6],[<5][H]OCCCC({[<][>]C(=O)OCCCC([<])CSC{[<][>]CO[<][>]}{[<][>]CO[<][>]}[H][>]}C(=O){[<][>]C(=O)C(C)OC(=O)C(C)O[<][>]}{[<][>]C(=O)C(C)OC(=O)C(C)O[<][>]}OCc(cc1)c(cc1)[H])CSC{[<][>]CO[<][>]}[H][>6][<6]}
PolymerLit-MT_processed/298.corrected.mol	{[][$]CC(C)(C(=O)NC(C)C)[$][$]}C{[$][$]C(=C/OC1=CC=CC=C1)C[$],[$]C(=C)C(OC1=CC=CC=C1)[$][]}	{[][>]CC(=COc(cc8)ccc8)[<],[>]C(=COc(cc1)ccc1)C[<],[>]C(Oc(cc2)ccc2)C(=C)[<],[>]C(=C)C(Oc(cc4)ccc4)[<][>]}{[<][>]C{[<][>]CC(C)(C(NC(C)C)=O)[<][>]}C(C)(C(NC(C)C)=O)[<][>]}C{[<][>]CC(C)(C(NC(C)C)=O)[<][]}
PolymerLit-MT_processed/299.corrected.mol	OC(=O)CCC({[$][$]C(C)(C(=O)OCCN(C)C)C[$][$]}{[$][$]CC(C1=CC=CC=C1)[$][$]}SC(=S)C1=CC=CC=C1)(C)C#N	[H]c(cc4)c(cc4)C(=S)S{[<][>]CC(c(cc8)ccc8)[<],[>]C(c(cc2)ccc2)C[<][>]}{[<][>]CC(C)(C(OCCN(C)C)=O)[<],[>]C(C)(C(OCCN(C)C)=O)C[<][>]}C(C#N)(C)CCC(=O)O[H]
PolymerLit-MT_processed/3.corrected.mol	{[][$]C(F)(F)C(F)(F)[$][]}	{[][>]C(F)(F)C(F)(F)[<][]}
PolymerLit-MT_processed/30.corrected.mol	{[][<]OC1[C@](O)[C@@](O)C([C@@](CO)O1)[>][]}	{[][>]OC(C(O)C1O)OC(CO)C1[<][]}
PolymerLit-MT_processed/300.corrected.mol	CCC(C){[$][$]CC(C1=CC=CC=C1)[$][$]}CCC(OCCOCC1=CC=C(C=C)C=C1){[$][$]CC(OCCCl)[$][$]}CC(OC)OCCCl	[H]COC(OCCCl)C{[<][>]CC(OCCCl)[<],[>]C(OCCCl)C[<][>]}C(OCCOCc(cc1)ccc1C=C)CC{[<][>]CC(c(cc4)ccc4)[<],[>]C(c(cc2)ccc2)C[<][>]}C(C)CC[H]
PolymerLit-MT_processed/31.corrected.mol	{[][<]O[Si](C)(C)[>][]}	{[][>][Si](C)(C)O[<][]}
PolymerLit-MT_processed/32.corrected.mol	O{[$][$]C/C=C/C[$],[$]CC(C=C)[$],[$]C/C=C\C[$][$]}O	[H]O{[<][>]C/C=C/C[<],[>]C/C=C\C[<],[>]CC(C=C)[<],[>]C(C=C)C[<][>]}O[H]
PolymerLit-MT_processed/33.corrected.mol	{[][<]C(=O)C1=CC=C(C=C1)C(=O)NC1=CC=C(C=C1)N[>][]}	{[][>]Nc(cc2)ccc2NC(=O)c(cc1)ccc1C(=O)[<][]}
PolymerLit-MT_processed/34.corrected.mol	{[][<]CC(C)(C(=O)OC)[>][]}	{[][>]CC(C)(C(OC)=O)[<][]}
PolymerLit-MT_processed/35.corrected.mol	[H]{[>][<]OCC[>],[<]CC(O{[>][<]CC(O)[>][<]}[H])[>][<]}O	[H]{[<][>]OCC[<],[>]CC([H])O[H],[>]CC(OCC(O){[<][>]CC(O)[<][>]}[H])[<][>]}O[H]
PolymerLit-MT_processed/36.corrected.mol	CCC(C){[$][$]CC(C1=CC=CC=C1)[$][$]}CC(C1=CC=CC=C1)C	[H]CCC(C){[<][>]CC(c(cc4)ccc4)[<],[>]C(c(cc2)ccc2)C[<][>]}CC(c(cc1)ccc1)C[H]
PolymerLit-MT_processed/37.corrected.mol	[H]{[$][$]C(C)(C(=O)OC)C[$][$]}C(C1=CC=CC=C1)(C1=CC=CC=C1)C{[$][$]C(C1=CC=CC=C1)C[$][$]}C(C)CC	[H]{[<][>]CC(C)(C(OC)=O)[<],[>]C(C)(C(OC)=O)C[<][>]}C(c(cc4)ccc4)(c(cc4)ccc4)C{[<][>]CC(c(cc2)ccc2)[<],[>]C(c(cc1)ccc1)C[<][>]}C(C)CC[H]
PolymerLit-MT_processed/38.corrected.mol	O{[>][<]CCO[>][<]}[H]	[H]O{[<][>]CCO[<][>]}[H]
PolymerLit-MT_processed/39.corrected.mol	[H]{[$][$]CC(C)[$],[$]CC[$][$]}[H]	[H]{[<][>]CC[<],[>]CC(C)[<],[>]C(C)C[<][>]}[H]
PolymerLit-MT_processed/4.corrected.mol	{[][<]CO[>][]}	{[][>]OC[<][]}
PolymerLit-MT_processed/40.corrected.mol	{[][<]C(=O)NC1=CC=C(C=C1)CC1=CC=C(C=C1)NC(=O)O{[>][<]CCO[>][<]}[>][]}	{[][>]OCC[<],[>]OC(=O)Nc(cc2)ccc2Cc(cc1)ccc1NC(=O)[<][]}
PolymerLit-MT_processed/41.corrected.mol	{[][<]C(=O)C1=CC=C(C=C1)C(=O)OCCCCO[>],[<]C(=O)CCCCC(=O)OCCCCO[>][]}	{[][>]OCCCCOC(=O)CCCCC(=O)[<],[>]OCCCCOC(=O)c(cc1)ccc1C(=O)[<][]}
PolymerLit-MT_processed/42.corrected.mol	CC1CS{[>][<]C(C2=CC=CC=C2)C[>][<]}C(C)(C)C(=O)OC/C2=C/N(N=N2)CC(O)COC1=O	{[][>]CC(c(cc2)ccc2)[<],[>]SCC(C)C(=O)OCC(O)Cn(nn1)cc1COC(=O)C(C)(C)[<][]}
PolymerLit-MT_processed/43.corrected.mol	{[][$]CC(C1=CC=CC=C1)[$],[$]C/C=C/C[$][]}	{[][>]C/C=C/C[<],[>]CC(c(cc1)ccc1)[<],[>]C(c(cc2)ccc2)C[<][]}
PolymerLit-MT_processed/44.corrected.mol	{[][<]N=P(OCCOCCOC(=O)C(C)(C)Br)(OCCOCCOC(=O)C(C)(C)Br)[>][]}	{[][>]P(OCCOCCOC(C(C)(C)Br)=O)(OCCOCCOC(=O)C(C)(C)Br)=N[<][]}
PolymerLit-MT_processed/45.corrected.mol	{[][<]N=P(OCCOCCOC(=O)C({[$][$]CC(C1=CC=CC=C1)[$][$]}Br)(C)C)(OCCOCCOC(=O)C({[$][$]CC(C1=CC=CC=C1)[$][$]}Br)(C)C)[>][]}	{[][>]P(=N[<])([<])OCCOCCOC(=O)C(C)(C){[<][>]CC(c(cc2)ccc2)[<],[>]C(c(cc1)ccc1)C[<][>]}Br[]}
PolymerLit-MT_processed/46.corrected.mol	{[][<]P1(O/C2=C\(C3=C(C=CC4=C3C=CC=C4)O1)C1=C(C=CC=C1)C=C2)=N[>][]}	{[][<]P1(O/C2=C\(C3=C(C=CC4=C3C=CC=C4)O1)C1=C(C=CC=C1)C=C2)=N[>][]}
PolymerLit-MT_processed/47.corrected.mol	{[][<]P(NC(C(C)CC)C(=O)OCC)(N{[>][<]CCO[>][<]})=N[>][]}	{[][>]P([<])(NC(C(C)CC)C(OCC)=O)=NN{[<][>]CCO[<][>]}[H][]}
PolymerLit-MT_processed/48.corrected.mol	{[][<]P(OC1=CC=C(C2=CC=CC=C2)C=C1)(NCC(=O)NCC(=O)OCC)=N[>][]}	{[][>]P(NCC(NCC(OCC)=O)=O)(Oc(cc1)ccc1-c(cc1)ccc1)=N[<][]}
PolymerLit-MT_processed/49.corrected.mol	{[][<]N1BNB(NB1)[>][]}	{[][>]N(BN1)BNB1[<][]}
PolymerLit-MT_processed/5.corrected.mol	{[][<]OC1=CC=C(C=C1)S(=O)(=O)C1=CC=C(C=C1)OC1=CC=C(C=C1)S(O)(O)C1=CC=C(C=C1)[>][]}	{[][>]c(cc8)ccc8S(O)(O)c(cc4)ccc4Oc(cc2)ccc2S(=O)(=O)c(cc1)ccc1O[<][]}
PolymerLit-MT_processed/50.corrected.mol	C[Si](C)(O{[>][<][Si](C1=CC=CC=C1)(C)O[>],[<][Si](C)(C)O[>][<]}[Si](C)(C)C)C	[H]C[Si](C)(C)O{[<][>][Si](C)(C)O[<],[>][Si](c(cc1)ccc1)(C)O[<][>]}[Si](C)(C)C[H]
PolymerLit-MT_processed/51.corrected.mol	C[Si](C)(C)O{[>][<][Si](C)(CCCOCC(O)COC(=O)C=1C(=O)C2=C3N(C(C)CO/C3=C\(N3CCN(C)CC3)\C(F)=C/2)C1)O[>],[<][Si](C)(C)O[>],[<][Si](C)(CCCOCC1CO1)O[>][<]}[Si](C)(C)C	C[Si](C)(C)O{[>][<][Si](C)(CCCOCC(O)COC(=O)C=1C(=O)C2=C3N(C(C)CO/C3=C\(N3CCN(C)CC3)\C(F)=C/2)C1)O[>],[<][Si](C)(C)O[>],[<][Si](C)(CCCOCC1CO1)O[>][<]}[Si](C)(C)C
PolymerLit-MT_processed/52.corrected.mol	{[][<]C(F)(F)C(Cl)(F)[>][]}	{[][>]C(F)(F)C(Cl)(F)[<][]}
PolymerLit-MT_processed/53.corrected.mol	{[][$]CC(C)(C)[$][]}	{[][>]CC(C)(C)[<],[>]C(C)(C)C[<][]}
PolymerLit-MT_processed/54.corrected.mol	{[][$]C/C(Cl)=C/C[$][]}	{[][>]C/C=C(\Cl)/C[<],[>]C\C(\Cl)=C\C[<][]}
PolymerLit-MT_processed/55.corrected.mol	{[][$]C/C=C\(C)C[$][]}	{[][$]C/C=C\(C)C[$][]}
PolymerLit-MT_processed/56.corrected.mol	{[][$]C/C=C/(C)C[$][]}	{[][$]C/C=C/(C)C[$][]}
PolymerLit-MT_processed/57.corrected.mol	failed to obtain BigSMILES	failed to obtain BigSMILES
PolymerLit-MT_processed/58.corrected.mol	failed to obtain BigSMILES	failed to obtain BigSMILES
PolymerLit-MT_processed/59.corrected.mol	{[][<]C(=O)C1=CC=C(C=C1)C(=O)NC1=CC=C(C=C1)N[>],[<]NC1=CC=C(C=C1)OC1=CC(=CC=C1)NC(=O)C1=CC=C(C=C1)C(=O)[>][]}	{[][>]Nc(cc%16)ccc%16NC(=O)c(cc8)ccc8C(=O)[<],[>]C(=O)c(cc4)ccc4C(=O)Nc(ccc2)cc2Oc(cc1)ccc1N[<][]}
PolymerLit-MT_processed/6.corrected.mol	{[][<]OC1=CC=C(C=C1)OC1=CC=C(C=C1)C(=O)C1=CC=C(C=C1)[>][]}	{[][>]c(cc4)ccc4C(=O)c(cc2)ccc2Oc(cc1)ccc1O[<][]}
PolymerLit-MT_processed/60.corrected.mol	CC(Cl){[>][<]CC(Cl)(Cl)[>],[<]CC(Cl)[>][<]}CC(Cl)Cl	[H]C(Cl)(Cl)C{[<][>]C(Cl)C[<],[>]C(Cl)(Cl)C[<][>]}C(Cl)C[H]
PolymerLit-MT_processed/61.corrected.mol	{[][$]C(F)(C(F)(F)F)C(F)(F)[$],[$]CC(F)(F)[$][]}	{[][>]CC(F)(F)[<],[>]C(F)(F)C[<],[>]C(F)(F)C(F)(C(F)(F)F)[<],[>]C(F)(C(F)(F)F)C(F)(F)[<][]}
PolymerLit-MT_processed/62.corrected.mol	[H]{[>][<]OC(=O)C1=CC=C(C=C1)C(=O)OCC[>][<]}O	[H]O{[<][>]CCOC(=O)c(cc1)ccc1C(=O)O[<][>]}[H]
PolymerLit-MT_processed/63.corrected.mol	{[][<]NC1=CC(=CC=C1)NC(=O)C1=CC(=CC=C1)C(=O)[>][]}	{[][>]Nc(ccc2)cc2NC(=O)c(ccc1)cc1C(=O)[<][]}
PolymerLit-MT_processed/64.corrected.mol	{[][<]{[>][<]C(C)CO[>][<]}C(=O)NC1=CC=C(C=C1)CC1=CC=C(C=C1)NC(=O)NCCN[>][]}	{[][>]OCC(C)[<],[>]NCCNC(=O)Nc(cc2)ccc2Cc(cc1)ccc1NC(=O)[<][]}
PolymerLit-MT_processed/65.corrected.mol	failed to obtain BigSMILES	failed to obtain BigSMILES
PolymerLit-MT_processed/66.corrected.mol	failed to obtain BigSMILES	failed to obtain BigSMILES
PolymerLit-MT_processed/67.corrected.mol	failed to obtain BigSMILES	failed to obtain BigSMILES
PolymerLit-MT_processed/68.corrected.mol	failed to obtain BigSMILES	failed to obtain BigSMILES
PolymerLit-MT_processed/69.corrected.mol	failed to obtain BigSMILES	failed to obtain BigSMILES
PolymerLit-MT_processed/7.corrected.mol	{[][<]OC(=O)OC1=CC=C(C=C1)C(C)(C)C1=CC=C(C=C1)[>][]}	{[][>]c(cc2)ccc2C(C)(C)c(cc1)ccc1OC(=O)O[<][]}
PolymerLit-MT_processed/70.corrected.mol	failed to obtain BigSMILES	failed to obtain BigSMILES
PolymerLit-MT_processed/71.corrected.mol	O=C1C/C2=C\C(=C/(C)/C=C\2)\N=C/=N\C2=C/(/C=C\C(NC({[>][<]OC(C)C[>][<]}O1)=O)=C2)C	O=C1C/C2=C\C(=C/(C)/C=C\2)\N=C/=N\C2=C/(/C=C\C(NC({[>][<]OC(C)C[>][<]}O1)=O)=C2)C
PolymerLit-MT_processed/72.corrected.mol	CC1(C{[>][<]OCC[>][<]}OCC#CC#CCO{[>][<]CCO[>][<]}C1)C	CC1(C{[>][<]OCC[>][<]}OCC#CC#CCO{[>][<]CCO[>][<]}C1)C
PolymerLit-MT_processed/73.corrected.mol	O1CC#CC#CCOCC{[$][$]C(C2=CC=CC=C2)C[$][$]}{[$][$]C(C2=CC=CC=C2)C[$][$]}CC1	O1CC#CC#CCOCC{[$][$]C(C2=CC=CC=C2)C[$][$]}{[$][$]C(C2=CC=CC=C2)C[$][$]}CC1
PolymerLit-MT_processed/74.corrected.mol	C1C#CC#CC{[>][<]OC(COC2=CC=CC=C2)C[>][<]}O{[>][<]CC(COC2=CC=CC=C2)O[>][<]}1	C1C#CC#CC{[>][<]OC(COC2=CC=CC=C2)C[>][<]}O{[>][<]CC(COC2=CC=CC=C2)O[>][<]}1
PolymerLit-MT_processed/75.corrected.mol	CCCCCC1=C2SC(=C1){[$][$]C1=C/(CCCCC)/C=C(S1)[$][$]}C=1S/C(CCCC#CC#CCCC2)=C\(C1)CCCCC	CCCCCC1=C2SC(=C1){[$][$]C1=C/(CCCCC)/C=C(S1)[$][$]}C=1S/C(CCCC#CC#CCCC2)=C\(C1)CCCCC
PolymerLit-MT_processed/76.corrected.mol	COC1/C2=C\C=C\(C=C2)COCCCCOC({[>][<]CC(OCCCl)[>][<]}C1)C	COC1/C2=C\C=C\(C=C2)COCCCCOC({[>][<]CC(OCCCl)[>][<]}C1)C
PolymerLit-MT_processed/77.corrected.mol	O=C1/C2=C\C=C\(C=C2)COCC{[>][<]CCOCC[>][<]}CCN2CCC(CCO1)CC2	O=C1/C2=C\C=C\(C=C2)COCC{[>][<]CCOCC[>][<]}CCN2CCC(CCO1)CC2
PolymerLit-MT_processed/78.corrected.mol	O=C1C(O{[>][<]C(=O)C(C)OC(=O)C(C)O[>][<]}C(=O)C(C)OC(=O)C(C)OC(=O)C(C)O1)C	{[][>]OC(C)C(=O)OC(C)C(=O)[<][]}
PolymerLit-MT_processed/79.corrected.mol	{[][<][Si](CC)(CC)O[>][]}	{[][>][Si](CC)(CC)O[<][]}
PolymerLit-MT_processed/8.corrected.mol	{[][<]NCCCCCCNC(=O)CCCCC(=O)[>][]}	{[][>]NCCCCCCNC(=O)CCCCC(=O)[<][]}
PolymerLit-MT_processed/80.corrected.mol	{[][<]C[Si](C)(C)[>][]}	{[][>][Si](C)(C)C[<][]}
PolymerLit-MT_processed/81.corrected.mol	{[][<][Si](C1=CC=CC=C1)(C)O[>][]}	{[][>][Si](c(cc1)ccc1)(C)O[<][]}
PolymerLit-MT_processed/82.corrected.mol	{[][<]CC(COCCCCCC)O[>],[<]C(COCCCCCC)CO[>][]}	{[][>]OCC(COCCCCCC)[<],[>]OC(COCCCCCC)C[<][]}
PolymerLit-MT_processed/83.corrected.mol	{[][<]CCCCO[>][]}	{[][>]OCCCC[<][]}
PolymerLit-MT_processed/84.corrected.mol	{[][<][Si](C)(C)N[>][]}	{[][>][Si](C)(C)N[<][]}
PolymerLit-MT_processed/85.corrected.mol	{[][$]CC=C(CCCC)C[$][]}	{[][>]CC=C(CCCC)C[<],[>]CC(CCCC)=CC[<][]}
PolymerLit-MT_processed/86.corrected.mol	{[][$]CC(OCCCCCCCC)[$][]}	{[][>]CC(OCCCCCCCC)[<],[>]C(OCCCCCCCC)C[<][]}
PolymerLit-MT_processed/87.corrected.mol	{[][<]CC(COCCCC)O[>],[<]C(COCCCC)CO[>][]}	{[][>]OCC(COCCCC)[<],[>]OC(COCCCC)C[<][]}
PolymerLit-MT_processed/88.corrected.mol	{[][<]CCCO[>][]}	{[][>]OCCC[<][]}
PolymerLit-MT_processed/89.corrected.mol	{[][<][Si](C)(CCC(F)(F)F)O[>][]}	{[][>][Si](CCC(F)(F)F)(C)O[<][]}
PolymerLit-MT_processed/9.corrected.mol	[H]{[$][$]C(N1CCCC1=O)C[$][$]}[H]	[H]{[<][>]CC(N(CC2)C(C2)=O)[<],[>]C(N(CC1)C(C1)=O)C[<][>]}[H]
PolymerLit-MT_processed/90.corrected.mol	{[][<]CCC[Si](C)(C)[>][]}	{[][>][Si](C)(C)CCC[<][]}
PolymerLit-MT_processed/91.corrected.mol	{[][<]CCCCCCCCO[>][]}	{[][>]OCCCCCCCC[<][]}
PolymerLit-MT_processed/92.corrected.mol	{[][<]CCCCCCO[>][]}	{[][>]OCCCCCC[<][]}
PolymerLit-MT_processed/93.corrected.mol	{[][<]OCCCCOC(=O)CCCCC(=O)[>][]}	{[][>]OCCCCOC(=O)CCCCC(=O)[<][]}
PolymerLit-MT_processed/94.corrected.mol	{[][$]CC(OCC(CC)CCCC)[$][]}	{[][>]CC(OCC(CCCC)CC)[<],[>]C(OCC(CCCC)CC)C[<][]}
PolymerLit-MT_processed/95.corrected.mol	{[][$]CC(C(=O)OCCCCCCCC)[$][]}	{[][>]CC(C(OCCCCCCCC)=O)[<],[>]C(C(OCCCCCCCC)=O)C[<][]}
PolymerLit-MT_processed/96.corrected.mol	{[][<]CC(COC)O[>],[<]C(COC)CO[>][]}	{[][>]OCC(COC)[<],[>]OC(COC)C[<][]}
PolymerLit-MT_processed/97.corrected.mol	{[][$]CC(CCCCC)[$][]}	{[][>]CC(CCCCC)[<],[>]C(CCCCC)C[<][]}
PolymerLit-MT_processed/98.corrected.mol	{[][<]OCCC(C)CCC(=O)[>][]}	{[][>]OCCC(C)CCC(=O)[<][]}
PolymerLit-MT_processed/99.corrected.mol	{[][<]CC(C)S[>],[<]C(C)CS[>][]}	{[][>]SCC(C)[<],[>]SC(C)C[<][]}
PolymerLit-OA_processed/generic/acsmacrolett/0c00044_f1_1.corrected.mol	C=C(C({[>][<]OCC[>][<]}O)=O)C	[H]O{[<][>]CCO[<][>]}C(=O)C(=C)C[H]
PolymerLit-OA_processed/generic/acsmacrolett/0c00044_f1_2.corrected.mol	CC(C)(C)SC(SC{[>][<]C[>][<]}C)=S	[H]{[<][>]C[<][>]}CCSC(=S)SC(C)(C)C[H]
PolymerLit-OA_processed/generic/acsmacrolett/0c00044_f1_3.corrected.mol	C=C(C({[>][<]OCC(C)[>][<]}O)=O)C	[H]O{[<][>]C(C)CO[<][>]}C(=O)C(=C)C[H]
PolymerLit-OA_processed/generic/acsmacrolett/0c00175_f1_1.corrected.mol	CC1(CSSC1)C(OCCO{[>][<]CCO[>][<]}CCOC(=O)C1(CSSC1)C)=O	[H]CC(CS2)(CS2)C(=O)OCCO{[<][>]OCC[<][>]}CCOC(=O)C(CS1)(CS1)C[H]
PolymerLit-OA_processed/generic/acsmacrolett/0c00175_f1_2.corrected.mol	O=C(C1CC2C=CC1C2)OCCO{[>][<]CCO[>][<]}CCOC(C1C2C=CC(C2)C1)=O	[H]C(C(C2)C=3)(CC2C=3)C(=O)OCCOCCO{[<][>]CCO[<][>]}C(=O)C(C(C1)C=2)(CC1C=2)[H]
PolymerLit-OA_processed/generic/acsmacrolett/0c00241_f1_1.corrected.mol	SCC{[>][<]OCC[>][<]}OCC(CO{[>][<]CCO[>][<]}CCS)(C{[>][<]OCC[>][<]}OCCS)CO{[>][<]CCO[>][<]}CCS	[H]SCCOC{[<][>]COC[<][>]}C(COCC{[<][>]OCC[<][>]}S[H])(COCC{[<][>]OCC[<][>]}S[H])COCC{[<][>]OCC[<][>]}S[H]
PolymerLit-OA_processed/generic/acsmacrolett/0c00461_f1_1.corrected.mol	failed to obtain BigSMILES	failed to obtain BigSMILES
PolymerLit-OA_processed/generic/acsmacrolett/0c00461_f1_2.corrected.mol	C{[>][<]CC(C)(C(=O)O{[>][<]CCO[>][<]}C)[>][<]}C	[H]C{[<][>]C(C)(C(=O)OC{[<][>]COC[<][>]}[H])C[<][>]}C[H]
PolymerLit-OA_processed/generic/acsmacrolett/0c00461_f1_3.corrected.mol	C{[>][<]C(C)(C(=O)O[R])C[>],[<]C(C)(C(=O)O{[>][<]CCO[>][<]}C)C[>][<]}C	C{[>][<]C(C)(C(=O)O[R])C[>],[<]C(C)(C(=O)O{[>][<]CCO[>][<]}C)C[>][<]}C
PolymerLit-OA_processed/generic/acsmacrolett/0c00461_f2_1.corrected.mol	C=C(C(=O)O{[>][<]CCO[>][<]}C)C	[H]CO{[<][>]CCO[<][>]}C(=O)C(=C)C[H]
PolymerLit-OA_processed/generic/acsmacrolett/0c00461_f2_2.corrected.mol	failed to obtain BigSMILES	failed to obtain BigSMILES
PolymerLit-OA_processed/generic/acsmacrolett/0c00469_s1_1.corrected.mol	C{[>][<]CC(C(=O)NCCNC(=O)C([<])C[>])[>][<]}(C)(C){[>][<]C(C(=O)NC1=CC=C(C=C1)/N=N/C1=CC=CC=C1)C[>][<]}{[>][<]CC(C(=O)NC(C)C)[>][<]}C	C{[>][<]CC(C(=O)NCCNC(=O)C([<])C[>])[>][<]}(C)(C){[>][<]C(C(=O)NC1=CC=C(C=C1)/N=N/C1=CC=CC=C1)C[>][<]}{[>][<]CC(C(=O)NC(C)C)[>][<]}C
PolymerLit-OA_processed/generic/acsmacrolett/0c00495_f1_1.corrected.mol	C{[>][<]C=1C=CC2=C(C1)C(C)(C)C1=C2C=CC(=C1)C1=CC=C(S1)C1=CC=C(S1)[>][<]}C	[H]C{[<][>]c(cc6)sc6c(cc3)sc3c(cc1)cc(c1-c1cc2)C(C)(C)c1cc2[<][>]}C[H]
PolymerLit-OA_processed/generic/acsmacrolett/0c00495_f1_2.corrected.mol	C{[>][<]C1=CC2=C(C=C1)C1=C(C2(C)C)C=C(C=C1)C1=CC=C(C2=NSN=C12)[>][<]}C	[H]C{[<][>]c(cc3)cc(c3-c3cc4)C(C)(C)c3cc4c(cc1)c(ns2)c(n2)c1[<][>]}C[H]
PolymerLit-OA_processed/generic/acsmacrolett/0c00645_f1_1.corrected.mol	C{[>][<]CC[>][<]}C	[H]CC{[<][>]CC[<][>]}[H]
PolymerLit-OA_processed/generic/acsmacrolett/0c00645_f1_10.corrected.mol	C{[>][<]CC(C1=CC=CC=C1)[>][<]}C	[H]C{[<][>]C(c(cc1)ccc1)C[<][>]}C[H]
PolymerLit-OA_processed/generic/acsmacrolett/0c00645_f1_11.corrected.mol	C{[>][<]C/C(C)=C\C[>][<]}C	[H]CC{[<][>]\C=C(\C)/CC[<][>]}[H]
PolymerLit-OA_processed/generic/acsmacrolett/0c00645_f1_12.corrected.mol	C{[>][<]CC(C)(C)[>][<]}C	[H]C{[<][>]C(C)(C)C[<][>]}C[H]
PolymerLit-OA_processed/generic/acsmacrolett/0c00645_f1_2.corrected.mol	C{[>][<]CC(C#N)[>][<]}C	[H]C{[<][>]C(C#N)C[<][>]}C[H]
PolymerLit-OA_processed/generic/acsmacrolett/0c00645_f1_3.corrected.mol	C{[>][<]CC(OC(=O)C)[>][<]}C	[H]C{[<][>]C(OC(C)=O)C[<][>]}C[H]
PolymerLit-OA_processed/generic/acsmacrolett/0c00645_f1_4.corrected.mol	C{[>][<]NCCCCCC(=O)[>][<]}C	[H]C{[<][>]NCCCCCC(=O)[<][>]}C[H]
PolymerLit-OA_processed/generic/acsmacrolett/0c00645_f1_5.corrected.mol	C{[>][<]CC(C)(C(=O)OCC)[>][<]}C	[H]C{[<][>]C(C)(C(OCC)=O)C[<][>]}C[H]
PolymerLit-OA_processed/generic/acsmacrolett/0c00645_f1_6.corrected.mol	C{[>][<]CC(C)[>][<]}C	[H]C{[<][>]C(C)C[<][>]}C[H]
PolymerLit-OA_processed/generic/acsmacrolett/0c00645_f1_7.corrected.mol	C{[>][<]CC(O)[>][<]}C	[H]C{[<][>]C(O)C[<][>]}C[H]
PolymerLit-OA_processed/generic/acsmacrolett/0c00645_f1_8.corrected.mol	O{[>][<]CCO[>][<]}C	[H]OC{[<][>]COC[<][>]}[H]
PolymerLit-OA_processed/generic/acsmacrolett/0c00645_f1_9.corrected.mol	C{[>][<]CC(Cl)[>][<]}C	[H]C{[<][>]C(Cl)C[<][>]}C[H]
PolymerLit-OA_processed/generic/acsmacrolett/0c00784_f1_1.corrected.mol	C{[>][<]CC(N1C=C[N+1](=C1)CCCCN1C=NC=N1)[>][<]}C.C	C{[>][<]CC(N1C=C[N+1](=C1)CCCCN1C=NC=N1)[>][<]}C.C
PolymerLit-OA_processed/generic/acsmacrolett/0c00784_f1_2.corrected.mol	[Br-1].C{[>][<]CC(N1C=C[N+1](=C1)CCCCN1C=[N+1](C=N1)CC)[>][<]}C.[Br-1]	[Br-1].C{[>][<]CC(N1C=C[N+1](=C1)CCCCN1C=[N+1](C=N1)CC)[>][<]}C.[Br-1]
PolymerLit-OA_processed/generic/acsmacrolett/0c00849_f1_1.corrected.mol	{[][<]C(C=C)C[>][<]}{[>][<]CCO[>][]}	{[][>]OCC[<][>]}{[<][>]CC(C=C)[<][]}
PolymerLit-OA_processed/generic/acsmacrolett/1c00142_f1_1.corrected.mol	[H]{[>][<]NC(CCC(=O)[O-1])C(=O)NC(CCCC[N+1])C(=O)[>][<]}{[>][<]NC(CC1=CNC2=C1C=CC=C2)C(=O)NC(CC1=CNC=N1)C(=O)[>][<]}O	[H]{[>][<]NC(CCC(=O)[O-1])C(=O)NC(CCCC[N+1])C(=O)[>][<]}{[>][<]NC(CC1=CNC2=C1C=CC=C2)C(=O)NC(CC1=CNC=N1)C(=O)[>][<]}O
PolymerLit-OA_processed/generic/acsmacrolett/1c00457_f1_1.corrected.mol	C{[>][<]C1=CC=C(C=C1)/C(C#N)=C/C1=CC=C(C=C1)/C=C(C#N)[>][<]}C	[H]C{[<][>]c(cc2)ccc2\C(\C#N)=C\c(cc1)ccc1C=C(C#N)[<][>]}C[H]
PolymerLit-OA_processed/generic/acsmacrolett/1c00457_f1_2.corrected.mol	C{[>][<]C1=CC=C(C=C1)/C(C#N)=C/C1=CC(Br)=C(C=C1Br)/C=C(C#N)[>][<]}C	[H]C{[<][>]c(cc2)ccc2\C(\C#N)=C\c(c(c1)Br)cc(Br)c1C=C(C#N)[<][>]}C[H]
PolymerLit-OA_processed/generic/acsmacrolett/1c00457_f1_3.corrected.mol	C{[>][<]C1=CC=C(C=C1)/C(C#N)=C/C1=CC(C)=C(C=C1C)/C=C(C#N)[>][<]}C	[H]C{[<][>]c(cc2)ccc2\C(\C#N)=C\c(c(c1)C)cc(C)c1C=C(C#N)[<][>]}C[H]
PolymerLit-OA_processed/generic/acsmacrolett/1c00457_f1_4.corrected.mol	C{[>][<]C1=CC=C(C=C1)/C(C#N)=C/C1=CC(/C=C([>])C#N)=CC(=C1)/C=C/(C#N)C1=CC=C(C=C1)[<][<]}(C)C	C{[>][<]C1=CC=C(C=C1)/C(C#N)=C/C1=CC(/C=C([>])C#N)=CC(=C1)/C=C/(C#N)C1=CC=C(C=C1)[<][<]}(C)C
PolymerLit-OA_processed/generic/acsmacrolett/1c00558_s1_1.corrected.mol	C{[>][<]CC(C)(C(=O)OC1=C(C(=C(C(=C1F)F)F)F)F)[>][<]}C	[H]C{[<][>]C(C(=O)Oc(c(F)c1F)c(F)c(F)c1F)(C)C[<][>]}C[H]
PolymerLit-OA_processed/generic/acsmacrolett/1c00564_f1_1.corrected.mol	CC(C)(CCCO)SC(S{[>][<]C[>][<]}C)=S	[H]{[<][>]C[<][>]}CSC(=S)SC(C)(C)CCCO[H]
PolymerLit-OA_processed/generic/acsmacrolett/1c00564_f2_1.corrected.mol	CC(C)(CCCO{[>][<]P(=O)(CC)OCCO[>][<]}[H]){[>][<]CC(C(=O)N(C)C)[>][<]}SC(S{[>][<]C[>][<]}C)=S	[H]{[<][>]C[<][>]}CSC(=S)S{[<][>]P(=O)(CC)OCCO[<][>]}C(C)(C)CCCO{[<][>]C(C(N(C)C)=O)C[<][>]}[H]
PolymerLit-OA_processed/generic/acsmacrolett/1c00564_f2_2.corrected.mol	CC(C)(CCCO{[>][<]P(=O)(CC)OCCO[>][<]}[H])SC(S{[>][<]C[>][<]}C)=S	[H]{[<][>]C[<][>]}OCCCC(C)(C)SC(=S)S{[<][>]P(=O)(CC)OCCO[<][>]}C[H]
PolymerLit-OA_processed/generic/acsmacrolett/1c00564_f4_1.corrected.mol	CC(C)(CCCO{[>][<]P(=O)(CC)OCCO[>][<]}[H])SC(S{[>][<]C[>][<]}C)=S	[H]{[<][>]C[<][>]}OCCCC(C)(C)SC(=S)S{[<][>]P(=O)(CC)OCCO[<][>]}C[H]
PolymerLit-OA_processed/generic/acsmacrolett/1c00564_f4_2.corrected.mol	CC({[>][<]CC(C1=CC=CC=C1)[>][<]}SC(=S)S{[>][<]C[>][<]}C)(CCCO{[>][<]P(=O)(CC)OCCO[>][<]}[H])C	[H]{[<][>]C[<][>]}OCCCC(C)(C){[<][>]CC(c(cc1)ccc1)[<][>]}SC(=S)S{[<][>]P(=O)(CC)OCCO[<][>]}C[H]
PolymerLit-OA_processed/generic/acsmacrolett/1c00564_s1_1.corrected.mol	[H]{[>][<]OCCOP(=O)(C)[>][<]}OCCOC(=O)C(C)(C){[>][<]CC([R])[>][<]}Br	[H]{[>][<]OCCOP(=O)(C)[>][<]}OCCOC(=O)C(C)(C){[>][<]CC([R])[>][<]}Br
PolymerLit-OA_processed/generic/acsmacrolett/1c00564_s1_2.corrected.mol	CC(C)(CCCO)SC(S{[>][<]C[>][<]}C)=S	[H]{[<][>]C[<][>]}CSC(=S)SC(C)(C)CCCO[H]
PolymerLit-OA_processed/generic/acsmacrolett/1c00564_s1_3.corrected.mol	CC(C)(CCCO{[>][<]P(=O)([R])OCCO[>][<]}[H]){[>][<]CC([R])[>][<]}SC(S{[>][<]C[>][<]}C)=S	CC(C)(CCCO{[>][<]P(=O)([R])OCCO[>][<]}[H]){[>][<]CC([R])[>][<]}SC(S{[>][<]C[>][<]}C)=S
PolymerLit-OA_processed/generic/acsmacrolett/1c00628_f1_1.corrected.mol	C{[>][<]O[C@@]1C(CO)O[C@@](C(C1O)C)[>][<]}{[>][<]O[C@@]1C(CO)O[C@@](C(C1O)N)[>][<]}C	{[][>1]C(C(C1O)C)OC(CO)C1O[<1];[H]C[<1],[H]CC(C(C4O)N)OC(CO)C4{[<][>]OC(C(C4O)N)OC(CO)C4[<][>]}O[<1],[>1]C[H][]}
PolymerLit-OA_processed/generic/acsmacrolett/1c00628_f3_1.corrected.mol	failed to obtain BigSMILES	failed to obtain BigSMILES
PolymerLit-OA_processed/generic/acsmacrolett/1c00628_f3_2.corrected.mol	C{[>][<]CC(C1=CC=C(C=C1)C)[>][<]}C	[H]C{[<][>]C(c(cc1)ccc1C)C[<][>]}C[H]
PolymerLit-OA_processed/generic/acsmacrolett/1c00628_f3_3.corrected.mol	C{[>][<]CC(C)(C)[>][<]}C	[H]C{[<][>]C(C)(C)C[<][>]}C[H]
PolymerLit-OA_processed/generic/acsmacrolett/1c00628_f3_4.corrected.mol	C{[>][<]CC(N1CCCC1=O)[>][<]}C	[H]C{[<][>]C(N(CC1)C(C1)=O)C[<][>]}C[H]
PolymerLit-OA_processed/generic/acsmacrolett/1c00647_f2_1.corrected.mol	C{[>][<]CC(C(=O)NC(C)C)[>][<]}{[>][<]CC(C(=O)N(C)C)[>][<]}{[>][<]CC(C(NCCC[N+1](C)C)=O)[>][<]}C	{[][>1]C(C(NC(C)C)=O)C[<1];[H]{[<][>]CC(C(NCCC[NH+](C)C)=O)[<][>]}C[<1],[H]{[<][>]CC(C(NCCC[NH+](C)C)=O)[<][>]}CC(C(N(C)C)=O){[<][>]CC(C(N(C)C)=O)[<][>]}C[<1],[>1]C[H][]}
PolymerLit-OA_processed/generic/acsmacrolett/1c00647_f2_2.corrected.mol	C{[>][<]CC(C(=O)[O-1])[>][<]}C	[H]C{[<][>]C(C(=O)[O-])C[<][>]}C[H]
PolymerLit-OA_processed/generic/acsmacrolett/1c00647_s1_1.corrected.mol	C{[>][<]CC(C(=O)NC(C)C)[>][<]}{[>][<]CC(C(=O)N(C)C)[>][<]}C	[H]{[<][>]CC(C(N(C)C)=O)[<][>]}C{[<][>]C(C(NC(C)C)=O)C[<][>]}C[H]
PolymerLit-OA_processed/generic/acsmacrolett/1c00647_s1_2.corrected.mol	C{[>][<]CC(C(=O)NCCC[N+1](C)C)[>][<]}C.[Cl-1]	C{[>][<]CC(C(=O)NCCC[N+1](C)C)[>][<]}C.[Cl-1]
PolymerLit-OA_processed/generic/acsmacrolett/1c00647_s1_3.corrected.mol	C{[>][<]CC(C(=O)[O-1])[>][<]}C.[Na+1]	C{[>][<]CC(C(=O)[O-1])[>][<]}C.[Na+1]
PolymerLit-OA_processed/generic/acsmacrolett/1c00676_a_1.corrected.mol	C{[>][<]CCOC(=O)C1=CC=C(O1)C(=O)O[>][<]}C	[H]C{[<][>]OC(=O)c(cc1)oc1C(=O)OCC[<][>]}C[H]
PolymerLit-OA_processed/generic/acsmacrolett/1c00676_f1_1.corrected.mol	OCC{[>][<]OC(=O)C1=CC=C(C=C1)C(=O)OCC[>][<]}O	[H]OCCO{[<][>]C(=O)c(cc1)ccc1C(=O)OCCO[<][>]}[H]
PolymerLit-OA_processed/generic/acsmacrolett/1c00676_f1_2.corrected.mol	OCC{[>][<]OC(=O)C1=CC=C(O1)C(=O)OCC[>][<]}O	[H]OCCO{[<][>]C(=O)c(cc1)oc1C(=O)OCCO[<][>]}[H]
PolymerLit-OA_processed/generic/acsmacrolett/1c00682_f1_1.corrected.mol	C{[>][<]CC(C)(C(=O)OCC1CO1)[>][<]}C	[H]C{[<][>]C(C(=O)OCC(O1)C1)(C)C[<][>]}C[H]
PolymerLit-OA_processed/generic/acsmacrolett/1c00682_f1_2.corrected.mol	C{[>][<]CC(C)(C(=O)OCC(CNC1=NN=C(S1)SSC1=NN=C(S1)N[R])O)[>][<]}C	C{[>][<]CC(C)(C(=O)OCC(CNC1=NN=C(S1)SSC1=NN=C(S1)N[R])O)[>][<]}C
PolymerLit-OA_processed/generic/acsmacrolett/1c00682_f1_3.corrected.mol	C{[>][<]CC(C)(C(=O)OCC(O)C)[>][<]}C	[H]C{[<][>]C(C)(C(OCC(C)O)=O)C[<][>]}C[H]
PolymerLit-OA_processed/generic/acsmacrolett/1c00686_f2_1.corrected.mol	F{[>][<]C([H])(C=1C(F)=C(C(F)=C(F)C1F)F)[>][<]}C	[H]C{[<][>]C(c(c(F)c1F)c(c(c1F)F)F)[<][>]}F
PolymerLit-OA_processed/generic/acsmacrolett/1c00686_s1_1.corrected.mol	C{[>][<]C(C(=O)O{[>][<]C[>][<]}[Rf])([H])[>][<]}C	[H]C{[<][>]C([<])C(=O)O{[<][>]C[<][>]}[Rf][>]}C[H]
PolymerLit-OA_processed/generic/acsmacrolett/1c00686_s1_2.corrected.mol	C{[>][<]C(C)([H])[>][<]}C	[H]C{[<][>]C(C)[<][>]}C[H]
PolymerLit-OA_processed/generic/acsmacrolett/1c00686_s1_3.corrected.mol	C=CC(O{[>][<]C[>][<]}[Rf])=O	[Rf]{[<][>]C[<][>]}OC(=O)C(=C)[H]
PolymerLit-OA_processed/generic/acsmacrolett/1c00686_s1_4.corrected.mol	C{[>][<]C(C1=C(C(=C(C(=C1F)F)F)F)F)([H])[>][<]}C	[H]C{[<][>]C(c(c(F)c1F)c(c(c1F)F)F)[<][>]}C[H]
PolymerLit-OA_processed/generic/acsmacrolett/1c00712_s1_1.corrected.mol	CCCCCCC(OCC{[>][<]C(C(C)=C)C[>][<]}{[>][<]CC(C)(C=C)[>][<]}{[>][<]C/C(C)=C[>][<]}CCOC(=O)CCCCCC)=O	{[][>1]C(C)(C=C)C[<1];[H]CCCCCCC(=O)OC{[<][>]CC=C(C)[<][>]}CC[<1],[H]CCCCCCC(=O)OC{[<][>]CC=C(C)[<][>]}C{[<][>]CC(C(=C)C)[<][>]}C[<1],[>1]COC(=O)CCCCCC[H][]}
PolymerLit-OA_processed/generic/acsmacrolett/1c00712_s1_2.corrected.mol	OC(CO)[C@@](C(C([C@@]=O)O)O){[>][<]O[C@@]1OC(CO)[C@@](C(O)C1O)[>][<]}O	[H]OCC(O)C(C(C(C=O)O)O)O{[<][>]C(C(O)C1O)OC(CO)C1O[<][>]}[H]
PolymerLit-OA_processed/generic/acsmacrolett/1c00712_s1_3.corrected.mol	OC(CO)[C@@]({[>][<]O[C@@]1OC(CO)[C@@](C(O)C1O)[>][<]}O)C(O)C(O)[C@@]N(CC#C)C(=O)C	[H]O{[<][>]C(C(O1)CO)C(O)C(O)C1O[<][>]}C(C(C(CN(C(C)=O)CC#C)O)O)C(O)CO[H]
PolymerLit-OA_processed/generic/acsmacrolett/1c00712_s1_4.corrected.mol	OCC{[>][<]C(C(=C)C)C[>][<]}{[>][<]CC(C)(C=C)[>][<]}{[>][<]C/C(C)=C[>][<]}CCO	{[][>1]C(C)(C=C)C[<1];[H]OCC{[<][>]C=C(C)C[<][>]}C[<1],[H]OCC{[<][>]C=C(C)C[<][>]}CC(C(=C)C){[<][>]CC(C(=C)C)[<][>]}C[<1],[>1]CO[H][]}
PolymerLit-OA_processed/generic/acsmacrolett/1c00716_f1_1.corrected.mol	CC({[>][<]CC(C(=O)NCCO)[>][<]}SC(=S)SC)(C(=O)OC1=C(C(=C(C(=C1F)F)F)F)F)C	[H]CSC(=S)S{[<][>]C(C(=O)NCCO)C[<][>]}C(C(=O)Oc(c(F)c1F)c(F)c(F)c1F)(C)C[H]
PolymerLit-OA_processed/generic/acsmacrolett/1c00758_s1_1.corrected.mol	C=CC({[>][<]OCC[>][<]}OC(=O)C=C)=O	[H]C(=C)C(=O){[<][>]CCO[<][>]}OC(=O)C(=C)[H]
PolymerLit-OA_processed/generic/acsmacrolett/1c00776_a_1.corrected.mol	C{[>][<]C(C(=O)N(C)C)[>],[<]CC(C(=O)O[R])[>][<]}C	C{[>][<]C(C(=O)N(C)C)[>],[<]CC(C(=O)O[R])[>][<]}C
PolymerLit-OA_processed/generic/acsmacrolett/1c00776_f1_1.corrected.mol	C{[>][<]CC(C(=O)N(C)C)[>],[<]CC(C(=O)O[R])[>][<]}C	C{[>][<]CC(C(=O)N(C)C)[>],[<]CC(C(=O)O[R])[>][<]}C
PolymerLit-OA_processed/generic/acsmacrolett/1c00776_f1_2.corrected.mol	C{[>][<]CC(C)(C(=O)O{[>][<]CCO[>][<]}C)[>],[<]CC(C)(C(=O)O[R])[>][<]}C	C{[>][<]CC(C)(C(=O)O{[>][<]CCO[>][<]}C)[>],[<]CC(C)(C(=O)O[R])[>][<]}C
PolymerLit-OA_processed/generic/acsmacrolett/1c00776_f2_1.corrected.mol	COC(CCC({[>][<]CC(C(=O)OCC1CCCO1)[>],[<]CC(C(=O)N(C)C)[>][<]}SC(=S)SCC)(C)C)=O	[H]COC(=O)CCC(C)(C){[<][>]C(C(N(C)C)=O)C[<],[>]C(C(=O)OCC(OC1)CC1)C[<][>]}SC(=S)SCC[H]
PolymerLit-OA_processed/generic/acsmacrolett/1c00776_f3_1.corrected.mol	C{[>][<]CC(C(=O)N(C)C)[>],[<]C(C(=O)OCC1CCCO1)C[>][<]}C	[H]C{[<][>]CC(C(N(C)C)=O)[<],[>]C(C(=O)OCC(OC1)CC1)C[<][>]}C[H]
PolymerLit-OA_processed/generic/acsmacrolett/1c00776_f3_2.corrected.mol	C{[>][<]CC(C(=O)N(C)C)[>],[<]C(C(=O)OCCCC)C[>][<]}C	[H]C{[<][>]CC(C(N(C)C)=O)[<],[>]C(C(OCCCC)=O)C[<][>]}C[H]
PolymerLit-OA_processed/generic/acsmacrolett/1c00776_f3_3.corrected.mol	C{[>][<]CC(C(=O)N(C)C)[>],[<]C(C(OCC1=CC=CC=C1)=O)C[>][<]}C	[H]C{[<][>]CC(C(N(C)C)=O)[<],[>]C(C(=O)OCc(cc1)ccc1)C[<][>]}C[H]
PolymerLit-OA_processed/generic/acsmacrolett/1c00776_f3_4.corrected.mol	C{[>][<]CC(C(=O)N(C)C)[>],[<]CC(C(=O)OC(C)(C)C)[>][<]}C	[H]C{[<][>]C(C(N(C)C)=O)C[<],[>]C(C(OC(C)(C)C)=O)C[<][>]}C[H]
PolymerLit-OA_processed/generic/acsmacrolett/2c00004_f1_1.corrected.mol	C{[>][<]CC(C)(C(=O)OC)[>][<]}[I]	[H]C{[<][>]CC(C)(C(OC)=O)[<][>]}I
PolymerLit-OA_processed/generic/acsmacrolett/2c00004_f1_2.corrected.mol	C{[>][<]CC(C)(C(=O)OC)[>][<]}{[>][<]CC(OCC(C)C)[>][<]}C	[H]{[<][>]CC(OCC(C)C)[<][>]}C{[<][>]C(C)(C(OC)=O)C[<][>]}C[H]
PolymerLit-OA_processed/generic/acsmacrolett/2c00004_s2_1.corrected.mol	[R]{[>][<]CC(OC)[>][<]}C	[R]{[>][<]CC(OC)[>][<]}C
PolymerLit-OA_processed/generic/acsmacrolett/2c00004_s3_1.corrected.mol	CCOC(C({[>][<]CC(C)(C(=O)OC)[>][<]}{[>][<]CC(OC)[>][<]}Br)C1=CC=CC=C1)=O	{[][>1]C(C)(C(OC)=O)C[<1];Br[<1],BrC(OC){[<][>]CC(OC)[<][>]}C[<1],[>1]C(c(cc1)ccc1)C(=O)OCC[H][]}
PolymerLit-OA_processed/generic/acsmacrolett/2c00004_s3_2.corrected.mol	CCOC(C({[>][<]CC(C)(C(=O)OC)[>][<]}[I])C1=CC=CC=C1)=O	[H]CCOC(=O)C(c(cc1)ccc1){[<][>]C(C)(C(OC)=O)C[<][>]}I
PolymerLit-OA_processed/generic/acsmacrolett/2c00136_f1_1.corrected.mol	C{[>][<]C(C1=CC=C(C(=C1)OCOC)C1=C(C=C(C=C1)C)OCOC)=C([H])[>][<]}C	[H]C{[<][>]C=C(c(cc1OCOC)ccc1-c(ccc1C)c(c1)OCOC)[<][>]}C[H]
PolymerLit-OA_processed/generic/acsmacrolett/2c00136_f1_2.corrected.mol	C{[>][<]C(C1=CC=C(C(=C1)OCOC)C1=C(C=C(C=C1)C(=O)C)OCOC)=C([H])[>][<]}C	[H]C{[<][>]C=C(c(cc1OCOC)ccc1-c(ccc1C(C)=O)c(c1)OCOC)[<][>]}C[H]
PolymerLit-OA_processed/generic/acsmacrolett/2c00136_f1_3.corrected.mol	C{[>][<]C=C(C1=CC(OCOC)=C(C=C1)C1=C(C=C(C)C=C1)OCOC)[>],[<]C=C(C1=CC(=C(C=C1)C1=C(C=C(C=C1)C)OCOC)C(=O)O)[>][<]}C	[H]C{[<][>]C=C(c(cc1C(=O)O)ccc1-c(ccc1C)c(c1)OCOC)[<],[>]C=C(c(cc2OCOC)ccc2-c(ccc2C)c(c2)OCOC)[<][>]}C[H]
PolymerLit-OA_processed/generic/acsmacrolett/2c00136_f1_4.corrected.mol	C{[>][<]C=C(C1=CC(=C(C=C1)C1=C(C=C(C=C1)C)OCOC)C(=O)O)[>],[<]C=C(C1=CC(OCOC)=C(C=C1)C1=C(C=C(C(=O)C)C=C1)OCOC)[>][<]}C	[H]C{[<][>]C=C(c(cc1C(=O)O)ccc1-c(ccc1C)c(c1)OCOC)[<],[>]C=C(c(cc2OCOC)ccc2-c(ccc2C(C)=O)c(c2)OCOC)[<][>]}C[H]
PolymerLit-OA_processed/generic/acsmacrolett/2c00302_f1_1.corrected.mol	C{[>][<]OCC[>][<]}C	[H]C{[<][>]OCC[<][>]}C[H]
PolymerLit-OA_processed/generic/acsmacrolett/2c00302_f1_2.corrected.mol	{[][<]CC(C)(C(=O)OC1=CC=CC=C1)[>][<]}Br	{[][>]CC(C(=O)Oc(cc1)ccc1)(C)[<][>]}Br
PolymerLit-OA_processed/generic/acsmacrolett/2c00302_f2_1.corrected.mol	C{[>][<]CC(C)(C(=O)OC1=CC=CC=C1)[>][<]}C	[H]C{[<][>]C(C(=O)Oc(cc1)ccc1)(C)C[<][>]}C[H]
PolymerLit-OA_processed/generic/acsmacrolett/2c00302_f2_2.corrected.mol	C{[>][<]CC(C)(C(=O)OC1=CC=C(C=C1)C)[>][<]}C	[H]C{[<][>]C(C)(C(Oc(cc1)ccc1C)=O)C[<][>]}C[H]
PolymerLit-OA_processed/generic/acsmacrolett/2c00302_f2_3.corrected.mol	C{[>][<]CC(C)(C(=O)OC1=C(C=CC=C1)OC)[>][<]}C	[H]C{[<][>]C(C)(C(Oc(ccc1)c(c1)OC)=O)C[<][>]}C[H]
PolymerLit-OA_processed/generic/acsmacrolett/2c00302_f2_4.corrected.mol	C{[>][<]CC(C)(C(=O)OC1=CC(=CC=C1C)C(C)C)[>][<]}C	[H]C{[<][>]C(C)(C(Oc(cc(c1)C(C)C)c(c1)C)=O)C[<][>]}C[H]
PolymerLit-OA_processed/generic/acsmacrolett/2c00302_f2_5.corrected.mol	C{[>][<]CC(C)(C(=O)OC1=C(C=C(C=C1)C(=O)[H])OC)[>][<]}C	[H]C{[<][>]C(C)(C(Oc(ccc1C=O)c(c1)OC)=O)C[<][>]}C[H]
PolymerLit-OA_processed/generic/acsmacrolett/2c00302_f2_6.corrected.mol	C{[>][<]CC(C)(C(=O)OC1=C(C=CC=C1OC)OC)[>][<]}C	[H]C{[<][>]C(C)(C(Oc(c(cc1)OC)c(c1)OC)=O)C[<][>]}C[H]
PolymerLit-OA_processed/generic/acsmacrolett/2c00302_s1_1.corrected.mol	C{[>][<]CC(C)(C(=O)OC1=C(C(=C(C(=C1C)C)C)C)C)[>][<]}Br	[H]C{[<][>]CC(C)(C(Oc(c(C)c1C)c(c(c1C)C)C)=O)[<][>]}Br
PolymerLit-OA_processed/generic/acsmacrolett/2c00359_f1_1.corrected.mol	C{[>][<]SCCCCCCSC(=O)NCCCCCC{[>][<]NC(=O)S{[>][<]CCOCCOCCSCCC(=O)O[R]OC(=O)CCS[>][<]}CCOCC(C)OCCSC(=O)NCCCCCC[>][<]}NC(=O)[>][<]}C	C{[>][<]SCCCCCCSC(=O)NCCCCCC{[>][<]NC(=O)S{[>][<]CCOCCOCCSCCC(=O)O[R]OC(=O)CCS[>][<]}CCOCC(C)OCCSC(=O)NCCCCCC[>][<]}NC(=O)[>][<]}C
PolymerLit-OA_processed/generic/acsmacrolett/2c00359_f1_2.corrected.mol	C{[>][<]CCC[>][<]}OC1=CC=C(C=C1)C(OC1=C(C=C(C=C1)OC(=O)C1=CC=C(C=C1)O{[>][<]CCC[>][<]}C)C)=O	[H]C{[<][>]CCC[<][>]}Oc(cc4)ccc4C(=O)Oc(cc2)cc(C)c2OC(=O)c(cc1)ccc1OC{[<][>]CCC[<][>]}[H]
PolymerLit-OA_processed/generic/acsmacrolett/2c00455_f1_1.corrected.mol	CCCN(CCC(NCCCC({[>][<]C[>][<]}C(=O)NCCN([C@](C(=O)NO)CO)S(=O)(=O)C1=CC=C(C=C1)C)=O)=O)CCC(=O)NCCCC(=O){[>][<]C[>][<]}C(=O)NCCN([C@](C(=O)NO)CO)S(=O)(=O)C1=CC=C(C=C1)C	[H]ONC(=O)C(CO)N(S(c(cc2)ccc2C)(=O)=O)CCNC(=O){[<][>]C[<][>]}C(=O)CCCNC(=O)CCN(CCC)CCC(=O)NCCCC(=O){[<][>]C[<][>]}C(=O)NCCN(S(c(cc1)ccc1C)(=O)=O)C(CO)C(=O)NO[H]
PolymerLit-OA_processed/generic/acsmacrolett/2c00506_f1_1.corrected.mol	CC(C)(C){[>][<]CC(C)(C(=O)OC)[>][<]}SC(S{[>][<]C[>][<]}C)=S	[H]{[<][>]C[<][>]}CSC(=S)S{[<][>]C(C)(C(OC)=O)C[<][>]}C(C)(C)C[H]
PolymerLit-OA_processed/generic/acsmacrolett/2c00506_f1_2.corrected.mol	CC({[>][<]CC(C)(C(=O)OC)[>][<]}SC(=S)C1=CC=CC=C1)(C)C	[H]c(cc1)c(cc1)C(=S)S{[<][>]C(C)(C(OC)=O)C[<][>]}C(C)(C)C[H]
PolymerLit-OA_processed/generic/acsmacrolett/2c00506_f1_3.corrected.mol	CC({[>][<]CC(C)(C(=O)OC)[>][<]}SC(=S)N1N=C(C(=C1C)Cl)C)(CC)C	[H]CCC(C)(C){[<][>]C(C)(C(OC)=O)C[<][>]}SC(=S)n(nc1C)c(c1Cl)C[H]
PolymerLit-OA_processed/generic/acsmacrolett/2c00506_f4_1.corrected.mol	CC({[>][<]CC(C)(C(=O)OC(C)(C)C)[>][<]}SC(=S)C1=CC=CC=C1)(C)C	[H]c(cc1)c(cc1)C(=S)S{[<][>]C(C)(C(OC(C)(C)C)=O)C[<][>]}C(C)(C)C[H]
PolymerLit-OA_processed/generic/acsmacrolett/2c00506_f4_2.corrected.mol	{[][<]CC(C)(C(=O)O)[>][]}	{[][>]CC(C(=O)O)(C)[<][]}
PolymerLit-OA_processed/generic/acsmacrolett/2c00506_f4_3.corrected.mol	CC({[>][<]CC(C)(C(=O)OCC1CO1)[>][<]}SC(=S)C1=CC=CC=C1)(C)C	[H]c(cc2)c(cc2)C(=S)S{[<][>]C(C(=O)OCC(O1)C1)(C)C[<][>]}C(C)(C)C[H]
PolymerLit-OA_processed/generic/acsmacrolett/2c00672_f3_1.corrected.mol	C{[>][<]C1=CC2=C(C=C1)OC1=C(C2(C2=CC=C(C=C2)CCC[N+1]2(CCCCC2)C)C)C=C(C=C1)[>][<]}C	[H]C{[<][>]c(cc1)cc(c1O1)C(C)(c(cc2)ccc2CCC[N+](CC2)(C)CCC2)c(c1c1)cc(c1)[<][>]}C[H]
PolymerLit-OA_processed/generic/acsmacrolett/2c00672_f3_2.corrected.mol	C{[>][<]C1=CC2=C(C=C1)OC1=C(C2(C2=CC=C(C=C2)CCC[N+1](C)(C)C)C)C=C(C=C1)[>][<]}C	[H]C{[<][>]c(cc1)cc(c1O1)C(C)(c(cc2)ccc2CCC[N+](C)(C)C)c(c1c1)cc(c1)[<][>]}C[H]
PolymerLit-OA_processed/generic/acsmacrolett/2c00672_f3_3.corrected.mol	C{[>][<]C1=CC2=C(C=C1)OC1=C(C2(C2=CC=C(C=C2)CCC[N+1]23CCC(CC3)CC2)C)C=C(C=C1)[>][<]}C	[H]C{[<][>]c(cc1)cc(c1O1)C(C)(c(cc2)ccc2CCC[N+](CC2)(CC3)CCC23)c(c1c1)cc(c1)[<][>]}C[H]
PolymerLit-OA_processed/generic/acsmacrolett/2c00672_s1_1.corrected.mol	C{[>][<]C1=CC2=C(C=C1)OC1=C(C2(C2=CC=C(C=C2)CCCBr)C)C=C(C=C1)[>][<]}C	[H]C{[<][>]c(cc1)cc(c1O1)C(C)(c(cc2)ccc2CCCBr)c(c1c1)cc(c1)[<][>]}C[H]
PolymerLit-OA_processed/generic/acsmacrolett/2c00672_s1_2.corrected.mol	C{[>][<]C1=CC2=C(C=C1)OC1=C(C2(C2=CC=C(C=C2)CCCC)C)C=C(C=C1)[>][<]}C	[H]C{[<][>]c(cc1)cc(c1O1)C(c(cc2)ccc2CCCC)(C)c(c1c1)cc(c1)[<][>]}C[H]
PolymerLit-OA_processed/generic/acsmacrolett/2c00672_s1_3.corrected.mol	C{[>][<]C1=CC(=C(C=C1)O)C(C1=CC=C(C=C1)CCCBr)(C)C1=C(O)C=CC(=C1)[>][<]}C	[H]C{[<][>]c(ccc4O)cc4C(c(cc2)ccc2CCCBr)(C)c(c(c1)O)cc(c1)[<][>]}C[H]
PolymerLit-OA_processed/generic/acsmacrolett/2c00699_a_1.corrected.mol	C{[>][<]CC(C(=O)OCCC(=O)OC(CN1C=NC2=C(C1=O)C=C(C=C2)Cl)COC1=CC=C(C=C1)CC)[>][<]}C	[H]C{[<][>]C(C(OCCC(OC(COc(cc1)ccc1CC)Cn(c(=O)c1cc2Cl)cnc1cc2)=O)=O)C[<][>]}C[H]
PolymerLit-OA_processed/generic/acsmacrolett/2c00699_f2_1.corrected.mol	C=CC(O{[>][<]CCO[>][<]}C)=O	[H]CO{[<][>]CCO[<][>]}C(=O)C(=C)[H]
PolymerLit-OA_processed/generic/acsmacrolett/2c00701_f2_1.corrected.mol	CCO{[>][<][Si](C)(C)O[>][<]}[Si](C)(OCC)C	[H]CCO[Si](C)(C)O{[<][>][Si](C)(C)O[<][>]}CC[H]
PolymerLit-OA_processed/generic/acsmacrolett/2c00701_f2_2.corrected.mol	CC(O[Si](C)(C)O{[>][<][Si](C)(C)O[>][<]}[Si](C)(C)OC(=O)C)=O	[H]CC(=O)O[Si](C)(C)O{[<][>]O[Si](C)(C)[<][>]}[Si](C)(C)OC(=O)C[H]
PolymerLit-OA_processed/generic/acsmacrolett/2c00701_f2_3.corrected.mol	O[Si](C)(O{[>][<][Si](C)(C)O[>][<]}[Si](C)(C)O)C	[H]O[Si](C)(C)O{[<][>]O[Si](C)(C)[<][>]}[Si](C)(C)O[H]
PolymerLit-OA_processed/generic/acsmacrolett/2c00701_f2_4.corrected.mol	{[][<][Si](C)(C)O[>][]}	{[][>][Si](C)(C)O[<][]}
PolymerLit-OA_processed/generic/acsmacrolett/2c00701_f2_5.corrected.mol	[H][Si](C)(O{[>][<][Si](C)(C)O[>][<]}[Si](C)(C)[H])C	[H]C[Si](C)O{[<][>][Si](C)(C)O[<][>]}[Si](C)C[H]
PolymerLit-OA_processed/generic/acsmacrolett/2c00701_f2_6.corrected.mol	C=C[Si](C)(O{[>][<][Si](C)(C)O[>][<]}[Si](C)(C)C=C)C	[H]C(=C)[Si](C)(C)O{[<][>]O[Si](C)(C)[<][>]}[Si](C)(C)C(=C)[H]
PolymerLit-OA_processed/generic/acsmacrolett/2c00737_f2_1.corrected.mol	C{[>][<]=CC1CCC(C1)C=[>][<]}C	[H]CC{[<][>]C(CC1)CC1CC[<][>]}[H]
PolymerLit-OA_processed/generic/acsmacrolett/2c00737_f2_2.corrected.mol	C{[>][<]=CC1CC(C(C1C(=O)OC)C(=O)O)C=[>][<]}C	[H]CC{[<][>]C(C(C1C(OC)=O)C(=O)O)CC1CC[<][>]}[H]
PolymerLit-OA_processed/generic/acsmacrolett/2c00737_s1_1.corrected.mol	O{[>][<]CCO[>][<]}C	[H]OC{[<][>]COC[<][>]}[H]
PolymerLit-OA_processed/generic/acsmacrolett/2c00737_s1_2.corrected.mol	C{[>][<]=CC1CC(C(C1C(=O)O{[>][<]CCO[>][<]}C)C(=O)O)C=[>][<]}C	[H]CC{[<][>]C(C(C1C(=O)O)C(=O)OC{[<][>]COC[<][>]}[H])CC1CC[<][>]}[H]
PolymerLit-OA_processed/generic/acsmacrolett/2c00737_s1_3.corrected.mol	C{[>][<]=CC1CC(C2C1C(OC2=O)=O)C=[>][<]}C	[H]CC{[<][>]C(C(C1C2=O)C(O2)=O)CC1CC[<][>]}[H]
PolymerLit-OA_processed/generic/acsmacrolett/2c00743_s1_1.corrected.mol	C{[>][<]C(=O)C1=CC=C(O1)C1=CC=C(O1)C(=O)OCCCCCO[>][<]}C	[H]C{[<][>]OCCCCCOC(=O)c(cc2)oc2c(cc1)oc1C(=O)[<][>]}C[H]
PolymerLit-OA_processed/generic/acsmacrolett/2c00743_s1_2.corrected.mol	C{[>][<]C(=O)C1=CC(=CO1)C1=COC(=C1)C(=O)OCCCCCO[>][<]}C	[H]C{[<][>]OCCCCCOC(=O)c(oc2)cc2c(co1)cc1C(=O)[<][>]}C[H]
PolymerLit-OA_processed/generic/acsmacrolett/3c00021_c1_1.corrected.mol	OC(CCC({[>][<]CC(C)(C(=O)O)[>][<]}{[>][<]CC(C)(C(=O)OC)[>][<]}{[>][<]CC(C)(C(=O)OCCCC)[>][<]}{[>][<]CC(C1=CC=CC=C1)[>][<]}{[>][<]CC(C1=CC=C(C=C1)C)[>][<]}SC(=S)SC)(C)C)=O	{[][>1]CC(c(cc4)ccc4C)[<1];[H]OC(=O)CCC(C)(C){[<][>]C(C(=O)O)(C)C[<][>]}{[<][>]CC(C)(C(OC)=O)[<][>]}[<1],[H]OC(=O)CCC(C)(C){[<][>]C(C(=O)O)(C)C[<][>]}C{[<][>]C(c(cc2)ccc2)C[<][>]}{[<][>]C(c(cc2)ccc2)C[<][>]}C(c(cc1)ccc1)[<1],[H]OC(=O)CCC(C)(C){[<][>]C(C(=O)O)(C)C[<][>]}{[<][>]CC(C)(C(OC)=O)[<][>]}C{[<][>]C(c(cc2)ccc2)C[<][>]}{[<][>]C(c(cc2)ccc2)C[<][>]}{[<][>]C(c(cc2)ccc2)C[<][>]}C(c(cc1)ccc1)[<1],[H]OC(=O)CCC(C)(C){[<][>]C(C(=O)O)(C)C[<][>]}{[<][>]CC(C)(C(OCCCC)=O)[<][>]}[<1],[H]OC(=O)CCC(C)(C){[<][>]C(C(=O)O)(C)C[<][>]}{[<][>]CC(C)(C(OC)=O)[<][>]}CC(C)(C(OC)=O){[<][>]CC(C)(C(OCCCC)=O)[<][>]}{[<][>]CC(C)(C(OCCCC)=O)[<][>]}[<1],[H]OC(=O)CCC(C)(C){[<][>]C(C(=O)O)(C)C[<][>]}{[<][>]CC(C)(C(OCCCC)=O)[<][>]}C{[<][>]C(c(cc2)ccc2)C[<][>]}C(c(cc1)ccc1)[<1],[H]OC(=O)CCC(C)(C){[<][>]C(C(=O)O)(C)C[<][>]}{[<][>]CC(C)(C(OC)=O)[<][>]}CC(C)(C(OC)=O){[<][>]CC(C)(C(OCCCC)=O)[<][>]}{[<][>]CC(C)(C(OCCCC)=O)[<][>]}C{[<][>]C(c(cc2)ccc2)C[<][>]}C(c(cc1)ccc1)[<1],[>1]SC(=S)SC[H][]}
PolymerLit-OA_processed/generic/acsmacrolett/3c00044_f1_1.corrected.mol	[X]{[>][<]OCC[>][<]}OCC(CO{[>][<]CCO[>][<]}[X])(CO{[>][<]CCO[>][<]}[X])CO{[>][<]CCO[>][<]}[X]	[X]{[>][<]OCC[>][<]}OCC(CO{[>][<]CCO[>][<]}[X])(CO{[>][<]CCO[>][<]}[X])CO{[>][<]CCO[>][<]}[X]
PolymerLit-OA_processed/generic/acsmacrolett/3c00055_f1_1.corrected.mol	C{[>][<]CC(C)(C(OC)=O)CC(C(OCCCC)=O)[>][<]}C	[H]C{[<][>]C(C(OCCCC)=O)CC(C)(C(OC)=O)C[<][>]}C[H]
PolymerLit-OA_processed/generic/acsmacrolett/3c00208_f1_1.corrected.mol	[H]{[>][<]O[C@@]1C(C(=O)OCCCC(OC2=C(C=CC(=C2)C)C)=O)O[C@@](C(C1O)O)OC1C(NC)[C@@](OC([C@@]1O)C)O[>][<]}[H]	[H]{[<][>]OC(OC3C)C(NC)C(C3O)OC(C(O)C1O)OC(C(OCCCC(Oc(cc2C)c(cc2)C)=O)=O)C1O[<][>]}[H]
PolymerLit-OA_processed/generic/acsmacrolett/3c00208_f1_2.corrected.mol	[H]{[>][<]O[C@@]1C(C(=O)O)O[C@@](C(C1O)O)OC1C(NC)[C@@](OC([C@@]1O)CO)O[>][<]}[H]	[H]{[<][>]OC(OC2CO)C(NC)C(C2O)OC(C(O)C1O)OC(C(=O)O)C1O[<][>]}[H]
PolymerLit-OA_processed/generic/acsmacrolett/3c00217_f1_1.corrected.mol	C{[>][<]C=1NB(C=2C(=CC(=CC2C)C)C)C(=CC1)[>][<]}C	[H]C{[<][>]C(B(N1)c(c(C)c2)c(cc2C)C)=CC=C1[<][>]}C[H]
PolymerLit-OA_processed/generic/acsmacrolett/3c00217_f1_2.corrected.mol	C{[>][<]C=1SC2=C(C1)N1C3=C(SC([R])=C3)C3=C(C=C([R])S3)B1C1=C2SC(=C1)C[>][<]}C	C{[>][<]C=1SC2=C(C1)N1C3=C(SC([R])=C3)C3=C(C=C([R])S3)B1C1=C2SC(=C1)C[>][<]}C
PolymerLit-OA_processed/generic/acsmacrolett/3c00276_f3_1.corrected.mol	C{[>][<]O[C@@]1C(CO)O[C@@]([C@@](C1O)NC(=O)C)[>][<]}C	[H]C{[<][>]C(C(C1O)NC(C)=O)OC(CO)C1O[<][>]}C[H]
PolymerLit-OA_processed/generic/acsmacrolett/3c00276_f3_2.corrected.mol	C{[>][<]OC(C)CC(=O)[>][<]}C	[H]C{[<][>]OC(C)CC(=O)[<][>]}C[H]
PolymerLit-OA_processed/generic/acsmacrolett/3c00276_f4_1.corrected.mol	C{[>][<]OC1=CC=C(C=C1)C(C)(C)C1=CC=C(C=C1)OC(=O)[>][<]}C	[H]C{[<][>]Oc(cc2)ccc2C(C)(C)c(cc1)ccc1OC(=O)[<][>]}C[H]
PolymerLit-OA_processed/generic/acsmacrolett/3c00276_f4_2.corrected.mol	C{[>][<]NCCCCCC(=O)[>][<]}C	[H]C{[<][>]NCCCCCC(=O)[<][>]}C[H]
PolymerLit-OA_processed/generic/acsmacrolett/3c00355_a_1.corrected.mol	C{[>][<]CC(C(=O)OC)[>][<]}C	[H]C{[<][>]C(C(OC)=O)C[<][>]}C[H]
PolymerLit-OA_processed/generic/acsmacrolett/3c00355_a_2.corrected.mol	C{[>][<]CC(C(=O)OCCCS(=O)(=O)OCC(C)C)[>][<]}C	[H]C{[<][>]C(C(OCCCS(OCC(C)C)(=O)=O)=O)C[<][>]}C[H]
PolymerLit-OA_processed/generic/acsmacrolett/3c00355_a_3.corrected.mol	C{[>][<]CC(C(=O)OCCCS(=O)(=O)[O-1])[>][<]}C.[Na+1]	C{[>][<]CC(C(=O)OCCCS(=O)(=O)[O-1])[>][<]}C.[Na+1]
PolymerLit-OA_processed/generic/acsmacrolett/3c00371_f1_1.corrected.mol	CC({[>][<]C(C(=O)NC(C)C)C[>][<]}C(C)(C)C(=O)ON1C(CCC1=O)=O)(C)C	[H]CC(C)(C){[<][>]CC(C(NC(C)C)=O)[<][>]}C(C(=O)ON(C(=O)C1)C(=O)C1)(C)C[H]
PolymerLit-OA_processed/generic/acsmacrolett/3c00371_f1_2.corrected.mol	CC({[>][<]C(C)(C(=O)O{[>][<]CC[>][<]}OC)C[>][<]}C(C)(C)CCC(=O)ON1C(CCC1=O)=O)(C)C	[H]C(CC1=O)C(=O)N1OC(=O)CCC(C)(C){[<][>]CC(C)([<])C(=O)O{[<][>]CC[<][>]}OC[H][>]}C(C)(C)C[H]
PolymerLit-OA_processed/generic/acsmacrolett/3c00371_f1_3.corrected.mol	CC({[>][<]C(C(=O)N(C)C)C[>][<]}{[>][<]C(C(=O)NC(C)(C)C(=O)C)C[>][<]}C(C)(C)C(=O)ON1C(CCC1=O)=O)(C)C	{[][>1]C(C(NC(C(C)=O)(C)C)=O)C[<1];[H]CC(C)(C)[<1],[H]CC(C)(C)C{[<][>]C(C(N(C)C)=O)C[<][>]}C(C(N(C)C)=O)[<1],[>1]C(C(=O)ON(C(=O)C1)C(=O)C1)(C)C[H][]}
PolymerLit-OA_processed/generic/acsmacrolett/3c00371_f1_4.corrected.mol	CC({[>][<]C(C(=O)OCCO)C[>][<]}C(C)(C)C(=O)ON1C(CCC1=O)=O)(C)C	[H]CC(C)(C){[<][>]CC(C(=O)OCCO)[<][>]}C(C(=O)ON(C(=O)C1)C(=O)C1)(C)C[H]
PolymerLit-OA_processed/generic/acsmacrolett/3c00371_f1_5.corrected.mol	CC({[>][<]C(C(=O)N(C)C)C[>][<]}{[>][<]C(C(=O)NC(C)C)C[>][<]}C(C)(C)C(=O)ON1C(CCC1=O)=O)(C)C	{[][>1]C(C(NC(C)C)=O)C[<1];[H]CC(C)(C)[<1],[H]CC(C)(C)C{[<][>]C(C(N(C)C)=O)C[<][>]}C(C(N(C)C)=O)[<1],[>1]C(C(=O)ON(C(=O)C1)C(=O)C1)(C)C[H][]}
PolymerLit-OA_processed/generic/acsmacrolett/3c00371_f1_6.corrected.mol	CC({[>][<]C(C(=O)N(C)C)C[>][<]}C(C)(C)C(=O)ON1C(CCC1=O)=O)(C)C	[H]CC(C)(C){[<][>]CC(C(N(C)C)=O)[<][>]}C(C(=O)ON(C(=O)C1)C(=O)C1)(C)C[H]
PolymerLit-OA_processed/generic/acsmacrolett/3c00382_f1_1.corrected.mol	CC({[>][<]CC(C1=CC=C(C=C1)N/C(N(C)[R])=N/C1=CC=C(C=C1)C)[>],[<]C(C1=CC=CC=C1)C[>][<]})(C)C	CC({[>][<]CC(C1=CC=C(C=C1)N/C(N(C)[R])=N/C1=CC=C(C=C1)C)[>],[<]C(C1=CC=CC=C1)C[>][<]})(C)C
PolymerLit-OA_processed/generic/acsmacrolett/3c00382_f1_2.corrected.mol	CC({[>][<]CC(C1=CC=C(C=C1)/N=C\=N/C1=CC=C(C=C1)C)[>],[<]CC(C1=CC=CC=C1)[>][<]})(C)C	CC({[>][<]CC(C1=CC=C(C=C1)/N=C\=N/C1=CC=C(C=C1)C)[>],[<]CC(C1=CC=CC=C1)[>][<]})(C)C
PolymerLit-OA_processed/generic/acsmacrolett/3c00382_f2_1.corrected.mol	CC({[>][<]CC(C1=CC=CC=C1)[>],[<]CC(C1=CC=C(C=C1)/N=C\=N/C1=CC=C(C=C1)C)[>][<]}SC(=S)SC)(C)C	CC({[>][<]CC(C1=CC=CC=C1)[>],[<]CC(C1=CC=C(C=C1)/N=C\=N/C1=CC=C(C=C1)C)[>][<]}SC(=S)SC)(C)C
PolymerLit-OA_processed/generic/acsmacrolett/3c00382_f3_1.corrected.mol	failed to obtain BigSMILES	failed to obtain BigSMILES
PolymerLit-OA_processed/generic/acsmacrolett/3c00382_f3_2.corrected.mol	{[][<]C(C1=CC=CC=C1)C[>],[<]C(C[<])C1=CC=C(C=C1)NC(=N\C1=CC=C(C=C1)C)N1CCN(CC1)C(=N\C1=CC=C(C=C1)C)NC1=CC=C(C=C1)C(C[>])[>],[<]CC(C1=CC=CC=C1)[>][<]}(C(C)(C)C)(C(C)(C)C)	{[][<]C(C1=CC=CC=C1)C[>],[<]C(C[<])C1=CC=C(C=C1)NC(=N\C1=CC=C(C=C1)C)N1CCN(CC1)C(=N\C1=CC=C(C=C1)C)NC1=CC=C(C=C1)C(C[>])[>],[<]CC(C1=CC=CC=C1)[>][<]}(C(C)(C)C)(C(C)(C)C)
PolymerLit-OA_processed/generic/acsmacrolett/3c00382_s1_1.corrected.mol	{[][<]C(C1=CC=C(C=C1)/N=C\=N/C1=CC=C(C=C1)C)C[>][<]}C(C)(C)C	{[][<]C(C1=CC=C(C=C1)/N=C\=N/C1=CC=C(C=C1)C)C[>][<]}C(C)(C)C
PolymerLit-OA_processed/generic/acsmacrolett/3c00382_s1_2.corrected.mol	{[][<]C(C1=CC=C(C=C1)NC(=N\C1=CC=C(C=C1)C)NCC1=CC=C(C=C1)C)C[>][<]}C(C)(C)C	{[][>]C(c(cc1)ccc1NC(NCc(cc1)ccc1C)=Nc(cc1)ccc1C)C[<][>]}C(C)(C)C[H]
PolymerLit-OA_processed/generic/acsmacrolett/3c00389_s1_1.corrected.mol	CCOC(C({[>][<]CC(C)(C(=O)OC)[>][<]}Cl)C)=O	[H]CCOC(=O)C(C){[<][>]C(C)(C(OC)=O)C[<][>]}Cl
PolymerLit-OA_processed/generic/acsmacrolett/3c00389_s1_2.corrected.mol	CCOC(=O)C(C){[>][<]CC(C)(C(=O)OCCC[Si]({[>][<]O[Si](C)(C)[>][<]}CCCC)(C)C)[>][<]}Cl	[H]CCOC(=O)C(C){[<][>]CC(C)([<])C(=O)OCCC[Si](C)(C){[<][>]O[Si](C)(C)[<][>]}CCCC[H][>]}Cl
PolymerLit-OA_processed/generic/acsmacrolett/3c00389_s1_3.corrected.mol	CCCC{[>][<][Si](C)(C)O[>][<]}[Si](CCCOC(=O)C(C)=C)(C)C	[H]CCCC[Si](C)(C){[<][>]O[Si](C)(C)[<][>]}CCCOC(=O)C(=C)C[H]
PolymerLit-OA_processed/generic/acsmacrolett/3c00389_s1_4.corrected.mol	CCOC(C({[>][<]CC(C)(C(=O)OC)[>][<]}Cl)C)=O	[H]CCOC(=O)C(C){[<][>]C(C)(C(OC)=O)C[<][>]}Cl
PolymerLit-OA_processed/generic/acsmacrolett/3c00389_s1_5.corrected.mol	CCOC(C({[>][<]CC(C)(C(=O)OC)[>][<]}Cl)C)=O	[H]CCOC(=O)C(C){[<][>]C(C)(C(OC)=O)C[<][>]}Cl
PolymerLit-OA_processed/generic/acsmacrolett/3c00389_s1_6.corrected.mol	CCOC(C({[>][<]CC(C)(C(=O)O[R])[>][<]}Cl)C)=O	CCOC(C({[>][<]CC(C)(C(=O)O[R])[>][<]}Cl)C)=O
PolymerLit-OA_processed/generic/acsmacrolett/3c00389_s1_7.corrected.mol	CC({[>][<]CC(C)(C(=O)OC)[>][<]}SC(=S)C)(C)C	[H]CC(C)(C){[<][>]C(C)(C(OC)=O)C[<][>]}SC(=S)C[H]
PolymerLit-OA_processed/generic/acsmacrolett/3c00397_f2_1.corrected.mol	C{[>][<]CC1(OC[C@@]2[C@](O1)C=CCO2)[>][<]}C	[H]C{[<][>]C(OC(C=CC1)C2O1)(OC2)C[<][>]}C[H]
PolymerLit-OA_processed/generic/acsmacrolett/3c00397_f2_2.corrected.mol	C{[>][<]CC(=O)OC[C@@]1OCC=CC1[>][<]}C	[H]C{[<][>]C(C=CC1)C(O1)COC(=O)C[<][>]}C[H]
PolymerLit-OA_processed/generic/acsmacrolett/3c00397_f2_3.corrected.mol	C{[>][<]CC(C)(C(=O)OC)[>][<]}{[>][<]CC1(O[C@]2C=CCO[C@@]2CO1)[>][<]}C	[H]{[<][>]CC(OC(C=CC3)C4O3)(OC4)[<][>]}C{[<][>]C(C)(C(OC)=O)C[<][>]}C[H]
PolymerLit-OA_processed/generic/acsmacrolett/3c00397_f2_4.corrected.mol	C{[>][<]CC(C)(C(=O)OC)[>][<]}{[>][<]CC(=O)OC[C@]1OCC=CC1[>][<]}C	[H]{[<][>]CC(C=CC1)C(O1)COC(=O)[<][>]}C{[<][>]C(C)(C(OC)=O)C[<][>]}C[H]
PolymerLit-OA_processed/generic/acsmacrolett/3c00418_f2_1.corrected.mol	CC({[>][<]CC(C)(C(=O)OC)[>][<]}SC(=S)C1=CC=CC=C1)(C)C	[H]c(cc1)c(cc1)C(=S)S{[<][>]C(C)(C(OC)=O)C[<][>]}C(C)(C)C[H]
PolymerLit-OA_processed/generic/acsmacrolett/3c00418_f4_1.corrected.mol	CC({[>][<]CC(C)(C(=O)OC)[>][<]})(C)C	[H]{[<][>]C(C)(C(OC)=O)C[<][>]}C(C)(C)C[H]
PolymerLit-OA_processed/generic/acsmacrolett/3c00418_f5_1.corrected.mol	C{[>][<]C[>][<]}SC(SC(C)(C(=O)OC)CC(C)(C)C)=S	[H]{[<][>]C[<][>]}CSC(=S)SC(C)(C(OC)=O)CC(C)(C)C[H]
PolymerLit-OA_processed/generic/acsmacrolett/3c00418_f5_2.corrected.mol	C{[>][<]C[>][<]}SC(S{[>][<]C(C)(C(=O)OC)C[>][<]}C(C)(C)C)=S	[H]{[<][>]C[<][>]}CSC(=S)S{[<][>]C(C)(C(OC)=O)C[<][>]}C(C)(C)C[H]
PolymerLit-OA_processed/generic/acsmacrolett/3c00418_f5_3.corrected.mol	C{[>][<]C[>][<]}SC(SC1COCCO1)=S	[H]{[<][>]C[<][>]}CSC(=S)SC(OCC1)(CO1)[H]
PolymerLit-OA_processed/generic/acsmacrolett/3c00418_f5_4.corrected.mol	[H]C(OCCOCSC(=S)S{[>][<]C[>][<]}C)=O	[H]{[<][>]C[<][>]}CSC(=S)SCOCCOC(=O)[H]
PolymerLit-OA_processed/generic/acsmacrolett/3c00418_f5_5.corrected.mol	CC({[>][<]CC(C)(C(=O)OCC1=CC=CC=C1)[>][<]}SC(=S)C1=CC=CC=C1)(C)C	[H]c(cc2)c(cc2)C(=S)S{[<][>]C(C(=O)OCc(cc1)ccc1)(C)C[<][>]}C(C)(C)C[H]
PolymerLit-OA_processed/generic/acsmacrolett/3c00460_s2_1.corrected.mol	C{[>][<]C[>][<]}CSC(S{[>][<]C([R])C[>][<]}C(C)(C)C(=O)N[C@@](CCCCNC(=O)C)C({[>][<]N[C@](CCCCN)C(=O)[>][<]}N)=O)=S	C{[>][<]C[>][<]}CSC(S{[>][<]C([R])C[>][<]}C(C)(C)C(=O)N[C@@](CCCCNC(=O)C)C({[>][<]N[C@](CCCCN)C(=O)[>][<]}N)=O)=S
PolymerLit-OA_processed/generic/acsmacrolett/3c00481_f2_1.corrected.mol	C{[>][<]=C{[>][<]C[>][<]}C(=O)O[C@]1CO[C@]2([H])[C@@](CO[C@]12[H])OC(=O){[>][<]C[>][<]}C=[>][<]}C	{[][>1]C[<1];[H]CC[H],[H]{[<][>]C[<],[>]CCC(=O)OC(CO1)C(OC2)C1C2OC(=O)[<][>]}CCC(=O)OC(CO1)C(OC2)C1C2OC(=O)[<1],[H]CC[H],[>1]CC[H][]}
PolymerLit-OA_processed/generic/acsmacrolett/3c00481_f2_2.corrected.mol	C{[>][<]=C{[>][<]C[>][<]}C(=O)O[C@@]1CO[C@]2([H])[C@@](CO[C@]12[H])OC(=O){[>][<]C[>][<]}C=[>][<]}C	{[][>1]C[<1];[H]CC[H],[H]{[<][>]C[<],[>]CCC(=O)OC(CO1)C(OC2)C1C2OC(=O)[<][>]}CCC(=O)OC(CO1)C(OC2)C1C2OC(=O)[<1],[H]CC[H],[>1]CC[H][]}
PolymerLit-OA_processed/generic/acsmacrolett/3c00481_f2_3.corrected.mol	C{[>][<]=C{[>][<]C[>][<]}C(=O)OCCCOC(=O){[>][<]C[>][<]}C=[>][<]}C	{[][>1]C[<1];[H]CC[H],[H]{[<][>]C[<],[>]CCC(=O)OCCCOC(=O)[<][>]}CCC(=O)OCCCOC(=O)[<1],[H]CC[H],[>1]CC[H][]}
PolymerLit-OA_processed/generic/acsmacrolett/3c00481_f3_1.corrected.mol	C{[>][<]OC{[>][<]C[>][<]}COC(=O){[>][<]C[>][<]}C(=O)[>][<]}C	{[][>1]C[<1],[>1]CCOC(=O){[<][>]C[<][>]}{[<][>]C[<][>]}C(=O)O[<1];[H]CC[H],[H]CC(=O){[<][>]C[<][>]}C(=O)O[<1],[H]CC[H],[>1]CCOC[H][]}
PolymerLit-OA_processed/generic/acsmacrolett/3c00481_f3_2.corrected.mol	C{[>][<]C{[>][<]C[>][<]}C(=O)O[C@]1CO[C@]2([H])[C@@](CO[C@]12[H])OC(=O)C[>][<]}C	{[][>1]C[<1],[>1]CCC(=O)OC(CO1)C(OC2)C1C2OC(=O)[<1];[H][<1],[H]CC[H],[H]CC[H],[>1]CCC(=O)OC(CO1)C(OC2)C1C2OC(=O)CC[H][]}
PolymerLit-OA_processed/generic/acsmacrolett/3c00657_f1_1.corrected.mol	CO{[>][<]CCO[>][<]}CCO{[>][<]C(=O)NC(C)(C)C(C)CCCCNC(=O)OC=1C(=NC=CN1)OC(=O)NCCCCC(C)C(C)(C)N[>][<]}C(OCC{[>][<]OCC[>][<]}OC)=O	[H]COCCO{[<][>]CCO[<][>]}C(=O){[<][>]NC(C)(C)C(C)CCCCNC(=O)Oc(nc1)c(nc1)OC(=O)NCCCCC(C)C(C)(C)NC(=O)[<][>]}OCCOC{[<][>]COC[<][>]}[H]
PolymerLit-OA_processed/generic/acsmacrolett/3c00714_a_1.corrected.mol	CC{[>][<]=C/C1=CC=C(C=C1)/C=C\C1=C(C)C=C(C(=C1)C)C=[>][<]}C	[H]CC{[<][>]c(c(c2)C)cc(C)c2/C=C\c(cc1)ccc1CC[<][>]}C[H]
PolymerLit-OA_processed/generic/acsmacrolett/3c00714_s1_1.corrected.mol	CC{[>][<]=C/C1=CC([R])=C(C=C1[R])/C=C\C1=CC=C(C=C1)C=[>][<]}C	CC{[>][<]=C/C1=CC([R])=C(C=C1[R])/C=C\C1=CC=C(C=C1)C=[>][<]}C
PolymerLit-OA_processed/generic/acsmacrolett/3c00714_s3_1.corrected.mol	CC{[>][<]=C/C1=CC=C(C=C1)/C=C\C1=C(C)C=C(C(=C1)C)C=[>][<]}C	[H]CC{[<][>]c(c(c2)C)cc(C)c2/C=C\c(cc1)ccc1CC[<][>]}C[H]
PolymerLit-OA_processed/generic/acsmacrolett/3c00714_s3_2.corrected.mol	CC{[>][<]=C/C1=CC=C(C=C1)/C=C\C1=C(C)C=C(C(=C1)C)C=[>][<]}C	[H]CC{[<][>]c(c(c2)C)cc(C)c2/C=C\c(cc1)ccc1CC[<][>]}C[H]
PolymerLit-OA_processed/generic/acsmacrolett/3c00714_s3_3.corrected.mol	CC{[>][<]=C/C1=CC=C(C=C1)/C=C\C1=C(O{[>][<]C[>][<]}N2C=C(N=N2)COC2=CC3=C(C(=CC(O3)=O)C)C=C2)C=C(C(=C1)C)C=[>][<]}C	[H]CC{[<][>]c(c(c2)C)cc(/C=C\c(cc1)ccc1CC[<])c2O{[<][>]C[<][>]}n(nn9)cc9COC(=CC4OC5=O)C=CC4C(=C5)C[H][>]}C[H]
PolymerLit-OA_processed/generic/acsmacrolett/3c00751_f1_1.corrected.mol	[H]{[>][<]OC(=O)C1=CC=C(C=C1)C(=O)OCC[>][<]}O	[H]O{[<][>]CCOC(=O)c(cc1)ccc1C(=O)O[<][>]}[H]
PolymerLit-OA_processed/generic/acsmacrolett/3c00751_f1_2.corrected.mol	C{[>][<]C(C)C(=O)O[>][<]}C	[H]C{[<][>]OC(=O)C(C)[<][>]}C[H]
PolymerLit-OA_processed/generic/acsmacrolett/3c00751_f1_3.corrected.mol	C{[>][<]OC1=CC=C(C=C1)C(C)(C)C1=CC=C(C=C1)OC(=O)[>][<]}C	[H]C{[<][>]Oc(cc2)ccc2C(C)(C)c(cc1)ccc1OC(=O)[<][>]}C[H]
PolymerLit-OA_processed/generic/acsmacrolett/4c00069_f1_1.corrected.mol	S{[>][<]C(C1=CC=CC=C1)C[>][<]}C(C)(C(=O)OCCOC(=O)C({[>][<]CC(C1=CC=CC=C1)[>][<]}S)(C)C)C	[H]S{[<][>]CC(c(cc1)ccc1)[<][>]}C(C)(C)C(=O)OCCOC(=O)C(C)(C){[<][>]CC(c(cc2)ccc2)[<][>]}S[H]
PolymerLit-OA_processed/generic/acsmacrolett/4c00101_a_1.corrected.mol	C{[>][<]C{[>][<]C[>][<]}OC(=O)CC(C(=O)O[R])C(C)[>][<]}C	C{[>][<]C{[>][<]C[>][<]}OC(=O)CC(C(=O)O[R])C(C)[>][<]}C
PolymerLit-OA_processed/generic/acsmacrolett/4c00101_f1_1.corrected.mol	C{[>][<]CCCCOC(=O)CC(C(=O)O[R])C(C)[>][<]}C	C{[>][<]CCCCOC(=O)CC(C(=O)O[R])C(C)[>][<]}C
PolymerLit-OA_processed/generic/acsmacrolett/4c00101_f2_1.corrected.mol	C{[>][<]CC1(OCCCCO1)[>][<]}{[>][<]C(C(=O)O[R])C(C)[>][<]}C	C{[>][<]CC1(OCCCCO1)[>][<]}{[>][<]C(C(=O)O[R])C(C)[>][<]}C
PolymerLit-OA_processed/generic/acsmacrolett/4c00101_f2_2.corrected.mol	C{[>][<]CCCCOC(=O)C[>][<]}{[>][<]C(C)C(C(=O)O[R])[>][<]}C	C{[>][<]CCCCOC(=O)C[>][<]}{[>][<]C(C)C(C(=O)O[R])[>][<]}C
PolymerLit-OA_processed/generic/acsmacrolett/4c00117_f1_1.corrected.mol	C{[>][<]O{[>][<]C[>][<]}C(=O)[>][<]}{[>][<]OCCSC(C)(C)SCC(=O)[>][<]}{[>][<]O{[>][<]C[>][<]}C(=O)[>][<]}C	{[][>3]OO[<1],[>3]OC(=O)CSC(C)(C)SCC[<3],[>1]C[<1],[>1]C(=O)O[<1];[H]CO[<1],[H]CC[H],[H]CC(=O)CSC(C)(C)SCC[<3],[H]CO{[<][>]C[<],[>]C(=O)O[<][>]}C(=O)C(=O)CSC(C)(C)SCC[<3],[H]CC[H],[>3]OC[H],[>1]C(=O)C[H][]}
PolymerLit-OA_processed/generic/acsmacrolett/4c00204_s1_1.corrected.mol	C{[>][<]OC=1C=CC(/C=N/N(P({[>][<]OC=2C=CC(/C=N/N(P({[>][<]OC3=CC=C(C=C3)/C=N/N(C)P(=S)(OC3=CC=C(/N=C/C4=C(C)C=CC=C4)C=C3)OC3=CC=C(C=C3)SCCCCCCCC[<]})=S)C)=CC2[<]})=S)C)=CC1[]}	C{[>][<]OC=1C=CC(/C=N/N(P({[>][<]OC=2C=CC(/C=N/N(P({[>][<]OC3=CC=C(C=C3)/C=N/N(C)P(=S)(OC3=CC=C(/N=C/C4=C(C)C=CC=C4)C=C3)OC3=CC=C(C=C3)SCCCCCCCC[<]})=S)C)=CC2[<]})=S)C)=CC1[]}
PolymerLit-OA_processed/generic/acsmacrolett/4c00204_s1_2.corrected.mol	failed to obtain BigSMILES	failed to obtain BigSMILES
PolymerLit-OA_processed/generic/acsmacrolett/4c00204_s1_3.corrected.mol	C{[>][<]OC1=CC=C(C=C1)/C=N/N(P(Cl)(=S)Cl)C[]}	C{[>][<]OC1=CC=C(C=C1)/C=N/N(P(Cl)(=S)Cl)C[]}
PolymerLit-OA_processed/generic/acsmacrolett/4c00204_s1_4.corrected.mol	C{[>][<]OC=1C=CC(/C=N/N(P({[>][<]OC2=CC=C(C=C2)/C=N/N(C)P(=S)(OC2=CC=C(/N=C/C3=C(C)C=CC=C3)C=C2)OC2=CC=C(C=C2)SCCCCCCCC[<]})=S)C)=CC1[]}	C{[>][<]OC=1C=CC(/C=N/N(P({[>][<]OC2=CC=C(C=C2)/C=N/N(C)P(=S)(OC2=CC=C(/N=C/C3=C(C)C=CC=C3)C=C2)OC2=CC=C(C=C2)SCCCCCCCC[<]})=S)C)=CC1[]}
PolymerLit-OA_processed/generic/acsmacrolett/4c00204_s1_5.corrected.mol	C{[>][<]OC1=CC=C(C=C1)/C=N/N(C)P(=S)(OC1=CC=C(/N=C/C2=C(C)C=CC=C2)C=C1)OC1=CC=C(C=C1)SCCCCCCCC[]}	C{[>][<]OC1=CC=C(C=C1)/C=N/N(C)P(=S)(OC1=CC=C(/N=C/C2=C(C)C=CC=C2)C=C1)OC1=CC=C(C=C1)SCCCCCCCC[]}
PolymerLit-OA_processed/generic/acsmacrolett/4c00204_s1_6.corrected.mol	C{[>][<]OC1=CC=C(C=C1)/C=N/N(C)P(=S)(Cl)OC1=CC=C(C=C1)SCCCCCCCC[]}	C{[>][<]OC1=CC=C(C=C1)/C=N/N(C)P(=S)(Cl)OC1=CC=C(C=C1)SCCCCCCCC[]}
PolymerLit-OA_processed/generic/acsmacrolett/4c00313_f1_1.corrected.mol	[R]C1=C2O[Ni](C)(NCC{[>][<]OCC[>][<]}OC)[P@](C)(C3=CC=CC=C3C3=C(C=CC=C3C)C)C2=CC(=C1)C	[R]C1=C2O[Ni](C)(NCC{[>][<]OCC[>][<]}OC)[P@](C)(C3=CC=CC=C3C3=C(C=CC=C3C)C)C2=CC(=C1)C
PolymerLit-OA_processed/generic/acsmacrolett/4c00313_f2_1.corrected.mol	C{[>][<]CCC(=O)[>][<]}C	[H]C{[<][>]C(=O)CC[<][>]}C[H]
PolymerLit-OA_processed/generic/acsmacrolett/4c00321_f1_1.corrected.mol	C{[>][<]C[>][<]}SC(S{[>][<]C(C(=O)NC(CCCNC(=[N+1])N)C(=O)OC)C[>][<]}C(C)C(=O)O)=S.[Cl-1]	C{[>][<]C[>][<]}SC(S{[>][<]C(C(=O)NC(CCCNC(=[N+1])N)C(=O)OC)C[>][<]}C(C)C(=O)O)=S.[Cl-1]
PolymerLit-OA_processed/generic/acsmacrolett/4c00321_f1_2.corrected.mol	C{[>][<]C[>][<]}SC(S{[>][<]C(C(=O)NC(CC1=CNC=N1)C)C[>][<]}C(C)C(=O)O)=S.[Na+1]	C{[>][<]C[>][<]}SC(S{[>][<]C(C(=O)NC(CC1=CNC=N1)C)C[>][<]}C(C)C(=O)O)=S.[Na+1]
PolymerLit-OA_processed/generic/acsmacrolett/4c00368_f1_1.corrected.mol	C{[>][<]OCC[>][<]}OC	[H]COC{[<][>]COC[<][>]}[H]
PolymerLit-OA_processed/generic/acsmacrolett/4c00400_f1_1.corrected.mol	C{[>][<]NC(=O)[C@@]N([H])C[<]}{[>][<]C(=O)[C@@]1CCCN1[>][]}	{[][>]N(CC1)C(C1)C(=O)[<][>]}C[H]
PolymerLit-OA_processed/generic/acsmacrolett/4c00400_f1_2.corrected.mol	C{[>][<]NC(=O)[C@@]N(C[C@@]N[H])C[<]}({[>][<]C(=O)[C@@]1CCCN1[>][<]}){[>][<]C(=O)[C@@]([R])N[>][]}	C{[>][<]NC(=O)[C@@]N(C[C@@]N[H])C[<]}({[>][<]C(=O)[C@@]1CCCN1[>][<]}){[>][<]C(=O)[C@@]([R])N[>][]}
PolymerLit-OA_processed/generic/acsmacrolett/4c00404_f1_1.corrected.mol	failed to obtain BigSMILES	failed to obtain BigSMILES
PolymerLit-OA_processed/generic/acsmacrolett/4c00404_f1_2.corrected.mol	C=CC({[>][<]OCC[>][<]}OC(=O)CCSCCSCCSCCC(=O)O{[>][<]CCO[>][<]}C(=O)C=C)=O	[H]C(=C)C(=O){[<][>]CCO[<][>]}OC(=O)CCSCCSCCSCCC(=O)O{[<][>]CCO[<][>]}C(=O)C(=C)[H]
PolymerLit-OA_processed/generic/acsmacrolett/4c00461_s1_1.corrected.mol	O{[>][<]CCO[>][<]}C	[H]OC{[<][>]COC[<][>]}[H]
PolymerLit-OA_processed/generic/acsmacrolett/4c00461_s1_2.corrected.mol	C{[>][<]OC1(C)CC[C@](C(=C)C)CC1([H])OC(=O)[>][<]}C	[H]C{[<][>]OC(C)(CCC1C(=C)C)C(C1)OC(=O)[<][>]}C[H]
PolymerLit-OA_processed/generic/acsmacrolett/4c00461_s1_3.corrected.mol	C{[>][<]OC1(C)CCC([C@](=C)C)CC1([H])OC(=O)[>][<]}{[>][<]OC1(C)CCC([C@]2(CO2)C)CC1([H])OC(=O)[>][<]}C	{[][>1]OC(C)(CCC4C(C5)(C)O5)C(C4)OC(=O)[<1];[H]C[<1],[H]COC(C)(CCC2C(=C)C)C(C2)O{[<][>]C(=O)OC(C)(CCC2C(=C)C)C(C2)O[<][>]}C(=O)[<1],[>1]C[H][]}
PolymerLit-OA_processed/generic/acsmacrolett/4c00461_s1_4.corrected.mol	C{[>][<]OC1(C)CCC([C@](=C)C)CC1([H])OC(=O)[>][<]}{[>][<]OC1(C)CCC([C@]([H])(CSCC[X])C)CC1([H])OC(=O)[>][<]}C	C{[>][<]OC1(C)CCC([C@](=C)C)CC1([H])OC(=O)[>][<]}{[>][<]OC1(C)CCC([C@]([H])(CSCC[X])C)CC1([H])OC(=O)[>][<]}C
PolymerLit-OA_processed/generic/acsmacrolett/4c00461_s2_1.corrected.mol	C{[>][<]OC1(C)CCC([C@](=C)C)CC1([H])OC(=O)[>][<]}{[>][<]OC1(C)CCC([C@]([H])(CSCCN{[>][<]C(=O)C(CCCCC)N[>][<]}C)C)CC1([H])OC(=O)[>][<]}C	{[][>2]OC(C(OC(=O)[<2])C1)(C)CCC1C(C)CSCCN[<1],[>1]C(=O)C(CCCCC)N[<1];[H]C[<2],[H]COC(C)(CCC4C(=C)C)C(C4)O{[<][>]C(=O)OC(C)(CCC4C(=C)C)C(C4)O[<][>]}C(=O)[<2],[>2]C[H],[>1]C[H][]}
PolymerLit-OA_processed/generic/acsmacrolett/4c00461_s2_2.corrected.mol	C{[>][<]OC1(C)CCC([C@]([H])(CSCCN)C)CC1([H])OC(=O)[>][<]}{[>][<]C(=O)OC1([H])CC([C@](=C)C)CCC1(C)O[>][<]}C	{[][>1]C(=O)OC(CC1C(C)CSCCN)C(CC1)(C)O[<1];[H]C[<1],[H]COC(C)(CCC2C(=C)C)C(C2)O{[<][>]C(=O)OC(C)(CCC2C(=C)C)C(C2)O[<][>]}C(=O)[<1],[>1]C[H][]}
PolymerLit-OA_processed/generic/acsmacrolett/4c00461_s2_3.corrected.mol	C{[>][<]OC1(C)CCC([C@](=C)C)CC1([H])OC(=O)[>][<]}{[>][<]OC1(C)CCC([C@]([H])(CSCCN{[>][<]C(=O)C(CCCCN)N[>][<]}C)C)CC1([H])OC(=O)[>][<]}C	{[][>2]OC(C(OC(=O)[<2])C1)(C)CCC1C(C)CSCCN[<1],[>1]C(=O)C(CCCCN)N[<1];[H]C[<2],[H]COC(C)(CCC4C(=C)C)C(C4)O{[<][>]C(=O)OC(C)(CCC4C(=C)C)C(C4)O[<][>]}C(=O)[<2],[>2]C[H],[>1]C[H][]}
PolymerLit-OA_processed/generic/acsmacrolett/4c00461_s2_4.corrected.mol	C{[>][<]OC1(C)CCC([C@]([H])(CSCCC)C)CC1([H])OC(=O)[>][<]}{[>][<]C(=O)OC1([H])CC([C@](=C)C)CCC1(C)O[>][<]}C	{[][>1]C(=O)OC(CC1C(CSCCC)C)C(CC1)(C)O[<1];[H]C[<1],[H]COC(C)(CCC2C(=C)C)C(C2)O{[<][>]C(=O)OC(C)(CCC2C(=C)C)C(C2)O[<][>]}C(=O)[<1],[>1]C[H][]}
PolymerLit-OA_processed/generic/acsmacrolett/4c00461_s2_5.corrected.mol	C{[>][<]OC1(C)CCC([C@](=C)C)CC1([H])OC(=O)[>][<]}OC	[H]CO{[<][>]C(C)(CCC1C(=C)C)C(C1)OC(=O)O[<][>]}C[H]
PolymerLit-OA_processed/generic/acsmacrolett/4c00463_s1_1.corrected.mol	[H]{[>][<]OC{[>][<]C[>][<]}COC(=O){[>][<]C[>][<]}C(=O)O[>][<]}[R]	[H]{[>][<]OC{[>][<]C[>][<]}COC(=O){[>][<]C[>][<]}C(=O)O[>][<]}[R]
PolymerLit-OA_processed/generic/acsmacrolett/4c00463_s1_2.corrected.mol	O{[>][<]C[>][<]}C1CCC({[>][<]C[>][<]}C)C({[>][<]C[>][<]}O)C1{[>][<]C[>][<]}C	[H]O{[<][>]C[<][>]}C(CC1)C({[<][>]C[<][>]}O[H])C({[<][>]C[<][>]}C[H])C1{[<][>]C[<][>]}C[H]
PolymerLit-OA_processed/generic/acsmacrolett/4c00463_s1_3.corrected.mol	COC({[>][<]C[>][<]}C(=O)OC)=O	[H]COC(=O){[<][>]C[<][>]}C(=O)OC[H]
PolymerLit-OA_processed/generic/acsmacrolett/4c00463_s1_4.corrected.mol	C{[>][<]C(=O){[>][<]C[>][<]}C(=O)O{[>][<]C[>][<]}C1CCC({[>][<]C[>][<]}C)C(C1{[>][<]C[>][<]}C){[>][<]C[>][<]}O[>],[<]OC(=O){[>][<]C[>][<]}C(=O)OC{[>][<]C[>][<]}CO[>][<]}[H]	{[>7][<7][>8],[<7][H]C[H][>8],[<7][H]O{[<][>]C[<],[>]CCOC(=O){[<][>]C[<][>]}C(=O)OO[<];[>]C(C(C4){[<][>]C[<][>]}C[H])C({[<][>]C[<][>]}OC(=O){[<][>]C[<];[>]C(=O)C[H],[>]C(=O)O{[<][>]C[<],[>]CCOC(=O){[<][>]C[<][>]}C(=O)OO[<];[>]C(C(C4){[<][>]C[<][>]}C[H])C([*:4])C(C4)[*:4],[>]CCOC(=O){[<][>]C[<][>]}C(=O)OC[H][]}[]})C(C4){[<][>]C[<][>]}OC(=O){[<][>]C[<];[>]C(=O)C[H],[>]C(=O)O{[<][>]C[<],[>]CCOC(=O){[<][>]C[<][>]}C(=O)OO[<];[>]C(C(C4){[<][>]C[<][>]}C[H])C([*:4])C(C4)[*:4],[>]CCOC(=O){[<][>]C[<][>]}C(=O)OC[H][]}[]},[>]CCOC(=O){[<][>]C[<][>]}C(=O)OC[H][]}[>8][<8]}
PolymerLit-OA_processed/generic/acsmacrolett/4c00463_s1_5.corrected.mol	OC{[>][<]C[>][<]}CO	[H]O{[<][>]C[<][>]}CCO[H]
PolymerLit-OA_processed/generic/acsmacrolett/4c00463_s1_6.corrected.mol	OC{[>][<]C[>][<]}CO	[H]O{[<][>]C[<][>]}CCO[H]
PolymerLit-OA_processed/generic/acsmacrolett/4c00463_s1_7.corrected.mol	[R]OC({[>][<]C[>][<]}C(=O)O[R])=O	[R]OC({[>][<]C[>][<]}C(=O)O[R])=O
PolymerLit-OA_processed/generic/acsmacrolett/4c00534_f1_1.corrected.mol	CC(N{[>][<]CC1(C)CC(C)(C)CC(C1)NC(=O)OB(C1CCCCC1)O[>][<]}C)=O	[H]C{[<][>]OB(C(CC2)CCC2)OC(=O)NC(CC(C)(C1)C)CC1(C)C[<][>]}NC(=O)C[H]
PolymerLit-OA_processed/generic/acsmacrolett/4c00550_a_1.corrected.mol	C{[>][<]CC(N1CCCC1=O)[>][<]}{[>][<]SC(=O)N(C(=O)C)CCC(C(=O)C)[>][<]}C	{[][>1]SC(=O)N(C(C)=O)CCC(C(C)=O)[<1];[H]C[<1],[H]CC{[<][>]C(N(CC2)C(C2)=O)C[<][>]}C(N(CC1)C(C1)=O)[<1],[>1]C[H][]}
PolymerLit-OA_processed/generic/acsmacrolett/4c00550_f3_1.corrected.mol	C{[>][<]CC([R])[>][<]}{[>][<]SC(=O)N(C(=O)C)CCC(C(=O)C)[>][<]}C	C{[>][<]CC([R])[>][<]}{[>][<]SC(=O)N(C(=O)C)CCC(C(=O)C)[>][<]}C
PolymerLit-OA_processed/generic/acsmacrolett/4c00556_a_1.corrected.mol	C{[>][<]N(C)CCC(=O)S[>][<]}C	[H]C{[<][>]SC(=O)CCN(C)[<][>]}C[H]
PolymerLit-OA_processed/generic/acsmacrolett/4c00556_a_2.corrected.mol	C{[>][<]CCCCC(=O)S[>][<]}C	[H]C{[<][>]SC(=O)CCCC[<][>]}C[H]
PolymerLit-OA_processed/generic/acsmacrolett/4c00556_a_3.corrected.mol	C{[>][<]CC1=C(C=CC=C1)C1=C(C=CC=C1)C(=O)S[>][<]}C	[H]C{[<][>]SC(=O)c(cc2)c(cc2)c(cc1)c(cc1)C[<][>]}C[H]
PolymerLit-OA_processed/generic/acsmacrolett/4c00556_a_4.corrected.mol	C{[>][<]C{[>][<]CC[>][<]}C(=O)S[>][<]}C	[H]C{[<][>]SC(=O)C[<],[>]SC(=O)CC{[<][>]CC[<][>]}C[<][>]}C[H]
PolymerLit-OA_processed/generic/acsmacrolett/4c00556_f1_1.corrected.mol	C{[>][<]C(=S)CCCCCO[>][<]}{[>][<]CCCCCC(=O)S[>][<]}C	[H]{[<][>]CSC(=O)CCCC[<][>]}C{[<][>]OCCCCCC(=S)[<][>]}C[H]
PolymerLit-OA_processed/generic/acsmacrolett/4c00556_f2_1.corrected.mol	C{[>][<]CC1=C(C=CC=C1)C1=C(C=CC=C1)C(=O)S[>][<]}C	[H]C{[<][>]SC(=O)c(cc2)c(cc2)c(cc1)c(cc1)C[<][>]}C[H]
PolymerLit-OA_processed/generic/acsmacrolett/4c00642_f1_1.corrected.mol	OC(CCC({[>][<]CC(C#N)[>][<]}SC(=S)SCCC(=O)O)(C#N)C)=O	[H]OC(=O)CCSC(=S)S{[<][>]C(C#N)C[<][>]}C(C#N)(C)CCC(=O)O[H]
PolymerLit-OA_processed/generic/acsmacrolett/4c00651_s1_1.corrected.mol	CC(C)(C){[>][<]CC(C(=O)OCC)(C)[>][<]}{[>][<]CC(C1=CC=NC=C1)[>][<]}{[>][<]CC(C1=CC=CC=C1)[>][<]}[H]	{[][>1]C(C)(C(OCC)=O)C[<1];[H]{[<][>]C(c(cc2)ccc2)C[<][>]}[<1],[H]{[<][>]C(c(cc2)ccc2)C[<][>]}C(c(cc%16)ccn%16){[<][>]CC(c(cc%16)ccn%16)[<][>]}C[<1],[>1]C(C)(C)C[H][]}
PolymerLit-OA_processed/generic/acsmacrolett/4c00665_f1_1.corrected.mol	C{[>][<]C(=O)OCC(CC)(COCC=C)CO[>][<]}{[>][<]C(=O)OCC(CCCC)(CC)CO[>][<]}C	{[][>1]OCC(CC)(COCC=C)COC(=O)[<1];[H]C[<1],[H]COCC(CC)(CCCC)CO{[<][>]C(=O)OCC(CC)(CCCC)CO[<][>]}C(=O)[<1],[>1]C[H][]}
PolymerLit-OA_processed/generic/acsmacrolett/4c00675_f1_1.corrected.mol	C{[>][<]CC(C(=O)[R])[>],[<]CC(C(=O)OCC1=CC=C(C=C1)C1(N=N1)C)[>][<]}C	C{[>][<]CC(C(=O)[R])[>],[<]CC(C(=O)OCC1=CC=C(C=C1)C1(N=N1)C)[>][<]}C
PolymerLit-OA_processed/generic/acsmacrolett/4c00675_f1_2.corrected.mol	C{[>][<][Si](C)(C)O[>],[<][Si](CCCOCC1=CC=C(C=C1)C1(N=N1)C)(C)O[>][<]}C	[H]C{[<][>][Si](C)(C)O[<],[>][Si](C)(CCCOCc(cc1)ccc1C(N=1)(C)N=1)O[<][>]}C[H]
PolymerLit-OA_processed/generic/acsmacrolett/4c00675_f2_1.corrected.mol	C{[>][<]CC(C(=O)C)[>][<]}C	[H]C{[<][>]C(C(C)=O)C[<][>]}C[H]
PolymerLit-OA_processed/generic/acsmacrolett/4c00675_f2_2.corrected.mol	C{[>][<]CC(C(=O)C)[>],[<]CC(C(=O)OCC1=CC=C(C=C1)C1(N=N1)C)[>][<]}C	[H]C{[<][>]C(C(C)=O)C[<],[>]C(C(OCc(cc1)ccc1C(N=1)(C)N=1)=O)C[<][>]}C[H]
PolymerLit-OA_processed/generic/acsmacrolett/4c00675_f5_1.corrected.mol	C{[>][<][Si](C)(C)O[>],[<][Si]([H])(C)O[>][<]}C	[H]C{[<][>][Si](C)O[<],[>][Si](C)(C)O[<][>]}C[H]
PolymerLit-OA_processed/generic/acsmacrolett/4c00675_f5_2.corrected.mol	C{[>][<][Si](C)(C)O[>],[<][Si](C)(CCCS)O[>][<]}C	[H]C{[<][>][Si](C)(C)O[<],[>][Si](CCCS)(C)O[<][>]}C[H]
PolymerLit-OA_processed/generic/acsmacrolett/4c00758_s1_1.corrected.mol	C{[>][<]OCC[>][<]}O{[>][<]C(=O)[C@@](C)OC(=O)[C@@](C)O[>][<]}[H]	[H]O{[<][>]C(C)C(=O)OC(C)C(=O)O[<][>]}C{[<][>]COC[<][>]}[H]
PolymerLit-OA_processed/generic/acsmacrolett/4c00758_s1_2.corrected.mol	C{[>][<]OCC[>][<]}O	[H]OC{[<][>]COC[<][>]}[H]
PolymerLit-OA_processed/generic/acsmacrolett/4c00758_s1_3.corrected.mol	C{[>][<]OCC[>][<]}O{[>][<]C(=O)C(C)OC(=O)C(C)O[>][<]}[H]	[H]O{[<][>]C(C)C(=O)OC(C)C(=O)O[<][>]}C{[<][>]COC[<][>]}[H]
PolymerLit-OA_processed/generic/acsmacrolett/4c00758_s1_4.corrected.mol	C{[>][<]OCC[>][<]}O{[>][<]C(=O)[C@](C)OC(=O)[C@@](C)O[>][<]}{[>][<]C(=O)[C@@](C)OC(=O)[C@](C)O[>][<]}[H]	[H]O{[<][>]C(C)C(=O)OC(C)C(=O)O[<][>]}C{[<][>]COC[<][>]}[H]
PolymerLit-OA_processed/generic/acsmacrolett/4c00758_s1_5.corrected.mol	C{[>][<]OCC[>][<]}O{[>][<]C(=O)[C@@](C)OC(=O)[C@](C)O[>][<]}{[>][<]C(=O)[C@](C)OC(=O)[C@@](C)O[>][<]}[H]	[H]O{[<][>]C(C)C(=O)OC(C)C(=O)O[<][>]}C{[<][>]COC[<][>]}[H]
PolymerLit-OA_processed/generic/acsmacrolett/4c00758_s1_6.corrected.mol	C{[>][<]OCC[>][<]}O{[>][<]C(=O)[C@@](C)OC(=O)[C@](C)O[>][<]}[H]	[H]O{[<][>]C(C)C(=O)OC(C)C(=O)O[<][>]}C{[<][>]COC[<][>]}[H]
PolymerLit-OA_processed/generic/acsmacrolett/4c00758_s1_7.corrected.mol	C{[>][<]OCC[>][<]}O{[>][<]C(=O)[C@](C)OC(=O)[C@@](C)O[>][<]}[H]	[H]O{[<][>]C(C)C(=O)OC(C)C(=O)O[<][>]}C{[<][>]COC[<][>]}[H]
PolymerLit-OA_processed/generic/acsmacrolett/4c00810_s1_1.corrected.mol	C{[>][<]C1=CC=C(C=C1)C=1C=C(C(OCCCCCC)=CC1)C1=C(OCCCCCC)C=CC(=C1)[>],[<]C1=CC=C(C=C1)C1=CC=C2C(=C1)C(C1=C2C=CC=C1)(C)C1(C)C2=C(C3=C1C=CC=C3)C=CC(=C2)[>][<]}C	[H]C{[<][>]c(ccc4OCCCCCC)cc4c(c(c2)OCCCCCC)cc(c2)c(cc1)ccc1[<],[>]c(ccc%17-c%18cc%19)cc%17C(C)(c%18cc%19)C(c(c-8c9)ccc9)(C)c(c-8c8)cc(c8)c(cc1)ccc1[<][>]}C[H]
PolymerLit-OA_processed/generic/acsmacrolett/4c00839_f1_1.corrected.mol	C{[>][<]SC(CCCCC(=O)OCCOC(=O)C({[>][<]CC(C)(C(=O)OC)[>][<]}Br)(C)C)CCS[>][<]}C	[H]C{[<][>]SCCC(S[<])CCCCC(=O)OCCOC(=O)C(C)(C){[<][>]CC(C)(C(OC)=O)[<][>]}Br[>]}C[H]
PolymerLit-OA_processed/generic/acsmacrolett/4c00839_f1_2.corrected.mol	Br{[>][<]C(C)(C(=O)OC)C[>][<]}C(C)(C(=O)OCCOC(=O)CCCCC1CCSS1)C	[H]C(CC1)(SS1)CCCCC(=O)OCCOC(=O)C(C)(C){[<][>]CC(C)(C(OC)=O)[<][>]}Br
PolymerLit-OA_processed/generic/acsmacrolett/4c00839_f1_3.corrected.mol	CC(Br)(C)C(=O)OCCOC({[>][<]C[>][<]}C1CCSS1)=O	[H]CC(Br)(C)C(=O)OCCOC(=O){[<][>]C[<][>]}C(CC1)(SS1)[H]
PolymerLit-OA_processed/generic/acsmacrolett/4c00839_f2_1.corrected.mol	OC(C(C)(C)SC(=S)S{[>][<]C[>][<]}C)=O	[H]{[<][>]C[<][>]}CSC(=S)SC(C(=O)O)(C)C[H]
PolymerLit-OA_processed/generic/acsmacrolett/4c00839_f4_1.corrected.mol	{[][<]CCO[>][<]}C	{[][>]CCO[<][>]}C[H]
PolymerLit-OA_processed/generic/acsmacrolett/5c00009_f2_1.corrected.mol	CC({[>][<]CC(C)(C(=O)OCC1=CC=CC=C1)[>][<]}SC(=S)C1=CC=CC=C1)(C)C#N	[H]c(cc2)c(cc2)C(=S)S{[<][>]C(C(=O)OCc(cc1)ccc1)(C)C[<][>]}C(C#N)(C)C[H]
PolymerLit-OA_processed/generic/acsmacrolett/5c00043_f1_1.corrected.mol	C{[>][<]CC(C)(C(=O)O{[>][<]CCO[>][<]}C)[>][<]}C	[H]C{[<][>]C(C)(C(=O)OC{[<][>]COC[<][>]}[H])C[<][>]}C[H]
PolymerLit-OA_processed/generic/acsmacrolett/5c00043_f1_2.corrected.mol	C{[>][<]CC(C(=O)OCC[N+1](C)(C)CCC(=O)[O-1])[>][<]}C	[H]C{[<][>]C(C(OCC[N+](CCC(=O)[O-])(C)C)=O)C[<][>]}C[H]
PolymerLit-OA_processed/generic/acsmacrolett/5c00053_f2_1.corrected.mol	[R]{[>][<]CC(C1=CC=CC=C1)[>][<]}C=C\C1=CC=CC=C1	[R]{[>][<]CC(C1=CC=CC=C1)[>][<]}C=C\C1=CC=CC=C1
PolymerLit-OA_processed/generic/acsmacrolett/5c00053_f2_2.corrected.mol	[R]{[>][<]CC(C1=CC=CC=C1)[>][<]}CC(C1=CC=CC=C1)[H]	[R]{[>][<]CC(C1=CC=CC=C1)[>][<]}CC(C1=CC=CC=C1)[H]
PolymerLit-OA_processed/generic/acsmacrolett/5c00053_f2_3.corrected.mol	[R]{[>][<]CC(C1=CC=CC=C1)[>][<]}CC(C1=CC=CC=C1)Br	[R]{[>][<]CC(C1=CC=CC=C1)[>][<]}CC(C1=CC=CC=C1)Br
PolymerLit-OA_processed/generic/acsmacrolett/5c00053_f2_4.corrected.mol	[R]{[>][<]CC(C1=CC=CC=C1)[>][<]}CC(C1=CC=CC=C1)C(C1=CC=CC=C1)C{[>][<]C(C1=CC=CC=C1)C[>][<]}[R]	[R]{[>][<]CC(C1=CC=CC=C1)[>][<]}CC(C1=CC=CC=C1)C(C1=CC=CC=C1)C{[>][<]C(C1=CC=CC=C1)C[>][<]}[R]
PolymerLit-OA_processed/generic/acsmacrolett/5c00065_a_1.corrected.mol	CC(N{[>][<]C(C)CO[>][<]}{[>][<]CCO[>][<]}C)=O	[H]{[<][>]COC[<][>]}C{[<][>]OCC(C)[<][>]}NC(=O)C[H]
PolymerLit-OA_processed/generic/acsmacrolett/5c00065_s1_1.corrected.mol	{[][<]CC(C(=O.C{[>][<]CCO[>][<]})N{[>][<]C(C)CO[>][<]})[>],[<]CC(C(=O)NCCCOC1=CC2=C(C(C=C3OC4=C(N=C23)C=CC(=C4)N(CC)CC)=O)C=C1)[>],[<]CC(C(N{[>][<]CC[>][<]}CC)=O)[>],[<]CC(C(=O)N{[>][<]CC[>][<]}CNC(=O)C1=CC(=CC(=C1)C(=O)N[R])C(=O)N[R])[>],[<]CC(C(=O)N[C@]1[C@@](O)[C@](O)[C@@](CO)OC1O)[>][]}	{[][<]CC(C(=O.C{[>][<]CCO[>][<]})N{[>][<]C(C)CO[>][<]})[>],[<]CC(C(=O)NCCCOC1=CC2=C(C(C=C3OC4=C(N=C23)C=CC(=C4)N(CC)CC)=O)C=C1)[>],[<]CC(C(N{[>][<]CC[>][<]}CC)=O)[>],[<]CC(C(=O)N{[>][<]CC[>][<]}CNC(=O)C1=CC(=CC(=C1)C(=O)N[R])C(=O)N[R])[>],[<]CC(C(=O)N[C@]1[C@@](O)[C@](O)[C@@](CO)OC1O)[>][]}
PolymerLit-OA_processed/generic/acsmacrolett/5c00165_f2_1.corrected.mol	CCCCN{[>][<]C(=O)CN(C)[>][<]}[R]	CCCCN{[>][<]C(=O)CN(C)[>][<]}[R]
PolymerLit-OA_processed/generic/acsmacrolett/5c00165_f2_2.corrected.mol	CCCCN{[>][<]C(=O)CN(C)[>][<]}C(C)=O	[H]CCCCNC(=O)C{[<][>]N(C)C(=O)C[<][>]}[H]
PolymerLit-OA_processed/generic/acsmacrolett/5c00165_f2_3.corrected.mol	O{[>][<]C(=O)CN(C)[>][<]}[H]	[H]{[<][>]N(C)CC(=O)[<][>]}O[H]
PolymerLit-OA_processed/generic/acsmacrolett/5c00165_f2_4.corrected.mol	C{[>][<]C(=O)CN(C)[>][<]}[H]	[H]{[<][>]N(C)CC(=O)[<][>]}C[H]
PolymerLit-OA_processed/generic/acsmacrolett/5c00165_f2_5.corrected.mol	CCCCN{[>][<]C(=O)CN(C)[>][<]}[H]	[H]{[<][>]N(C)CC(=O)[<][>]}NCCCC[H]
PolymerLit-OA_processed/generic/acsmacrolett/5c00165_s2_1.corrected.mol	CN{[>][<]C(=O)CN(C)[>][<]}C(O)=O	[H]OC(=O){[<][>]N(C)CC(=O)[<][>]}NC[H]
PolymerLit-OA_processed/generic/acsmacrolett/5c00165_s2_2.corrected.mol	CN{[>][<]C(=O)CN(C)[>][<]}C(C[N+1]C)=O.C	CN{[>][<]C(=O)CN(C)[>][<]}C(C[N+1]C)=O.C
PolymerLit-OA_processed/generic/acsmacrolett/5c00165_s2_3.corrected.mol	CN{[>][<]C(=O)CN(C)[>][<]}[R]	CN{[>][<]C(=O)CN(C)[>][<]}[R]
PolymerLit-OA_processed/generic/acsmacrolett/5c00165_s2_4.corrected.mol	CC(O{[>][<]C(=O)CN(C)[>][<]}[H])=O	[H]{[<][>]N(C)CC(=O)[<][>]}OC(=O)C[H]
PolymerLit-OA_processed/generic/acsmacrolett/5c00165_s2_5.corrected.mol	CN{[>][<]C(=O)CN(C)[>][<]}C(C)=O	[H]CNC(=O)C{[<][>]N(C)C(=O)C[<][>]}[H]
PolymerLit-OA_processed/generic/acsmacrolett/5c00165_s2_6.corrected.mol	CN{[>][<]C(=O)CN(C)[>][<]}[H]	[H]{[<][>]N(C)CC(=O)[<][>]}NC[H]
PolymerLit-OA_processed/generic/acsmacrolett/5c00165_s2_7.corrected.mol	CN{[>][<]C(=O)CN(C)[>][<]}[H]	[H]{[<][>]N(C)CC(=O)[<][>]}NC[H]
PolymerLit-OA_processed/generic/acsmacrolett/5c00171_f5_1.corrected.mol	C=CC({[>][<]OCC[>][<]}OC(=O)C=C)=O	[H]C(=C)C(=O){[<][>]CCO[<][>]}OC(=O)C(=C)[H]
PolymerLit-OA_processed/generic/acsmacrolett/5c00205_f5_1.corrected.mol	C{[>][<]C=[>][<]}CSC(=S)S{[>][<]CC(C(=O)O{[>][<]C[>][<]}COC1=CC(=NC(=C1)C1=NC2=CC=CC=C2N1C)C1=NC2=C(N1C)C=CC=C2)[>][<]}{[>][<]C(C(=O)OCCCC)C[>][<]}CC#N	{[][>1]C[<1],[>5]C[<5];N#CC{[<2][>2]CC(C(=O)O[<5])[<2][>2]}SC(=S)S[<1],N#CCC{[<][>]C(C(OCCCC)=O)C[<][>]}C(C(OCCCC)=O){[<2][>2]CC(C(=O)O[<5])[<2][>2]}{[<2][>2]CC(C(=O)O[<5])[<2][>2]}SC(=S)S[<1],[>1]CC[H],[>5]COc(cc(C(=NC3C=C4)N(C)C3C=C4)n3)cc3C(=NC1C=C2)N(C1C=C2)C[H][]}
PolymerLit-OA_processed/generic/acsmacrolett/5c00317_s1_1.corrected.mol	O{[>][<]C(=O)C1=CC=C(C=C1)C(=O)OCC1CCC(CC1)CO[>][<]}{[>][<]C(=O)C1=CC=C(C=C1)C(=O)OCC[>][<]}O	[H]{[<][>]OC(=O)c(cc4)ccc4C(=O)OCC(CC2)CCC2C[<][>]}O{[<][>]C(=O)c(cc1)ccc1C(=O)OCC[<][>]}O[H]
PolymerLit-OA_processed/generic/acsmacrolett/5c00317_s1_2.corrected.mol	O{[>][<]CCOC(=O)C1=CC=C(C=C1)C(=O)[>][<]}{[>][<]C(=O)C1=CC=C(C=C1)C(=O)OCC1CCC(CC1)CO[>][<]}OCCO	{[][>1]C(=O)c(cc2)ccc2C(=O)OCC(CC1)CCC1CO[<1];[H]O[<1],[H]OCCOC(=O)c(cc4)ccc4{[<][>]C(=O)CCOC(=O)c(cc4)ccc4[<][>]}C(=O)[<1],[>1]OCCO[H][]}
PolymerLit-OA_processed/generic/acsmacrolett/5c00317_s1_3.corrected.mol	CN1C2=C(C=CC=C2)N=C1C=1C=C(C=C(C2=NC3=C(C=CC=C3)N2C)N1)OCCO{[>][<]C(=O)C1=CC=C(C=C1)C(=O)OCC1CCC(CC1)CO[>][<]}{[>][<]C(=O)C1=CC=C(C=C1)C(=O)OCC[>][<]}OC1=CC(C2=NC3=C(C=CC=C3)N2C)=NC(=C1)C1=NC2=C(C=CC=C2)N1C	[H]CN(C(C%14C=C%15)C=C%15)C(=N%14)c(nc%14C(=NC%15C=C%16)N(C)C%15C=C%16)cc(c%14)OCC{[<][>]OC(=O)c(cc%14)ccc%14C(=O)OCC(CC%14)CCC%14C[<][>]}O{[<][>]C(=O)c(cc7)ccc7C(=O)OCC[<][>]}Oc(cc(C(=NC3C=C4)N(C)C3C=C4)n3)cc3C(=NC1C=C2)N(C1C=C2)C[H]
PolymerLit-OA_processed/generic/acsmacrolett/7b00723_a_1.corrected.mol	C{[>][<]OCC[>][<]}O{[>][<]C(=O)C(C)OC(=O)C(C)O[>][<]}[H]	[H]O{[<][>]C(C)C(=O)OC(C)C(=O)O[<][>]}C{[<][>]COC[<][>]}[H]
PolymerLit-OA_processed/generic/acsmacrolett/7b00891_f1_1.corrected.mol	OC(C({[>][<]CC(C(=O)NC(C)C)[>][<]}S)(C)C)=O	[H]S{[<][>]C(C(NC(C)C)=O)C[<][>]}C(C(=O)O)(C)C[H]
PolymerLit-OA_processed/generic/acsmacrolett/7b00891_f1_2.corrected.mol	OCC1OC(OCCCNC(=O)C({[>][<]CC(C(=O)NCCO)[>][<]}S)(C)C)C(O)C(O)C1OC2OC(CO)C(O)C(O)C2O	[H]S{[<][>]C(C(=O)NCCO)C[<][>]}C(C)(C)C(=O)NCCCOC(C(O)C2O)OC(CO)C2OC(C(C(O)C1O)O)OC1CO[H]
PolymerLit-OA_processed/generic/acsmacrolett/7b00891_f1_3.corrected.mol	OCC1OC(O)C(NC(=O)C({[>][<]CC(C(=O)NCCO)[>][<]}S)(C)C)C(O)C1O	[H]OCC(C(O)C1O)OC(O)C1NC(=O)C(C)(C){[<][>]C(C(=O)NCCO)C[<][>]}S[H]
PolymerLit-OA_processed/generic/acsmacrolett/7b00891_f1_4.corrected.mol	CC({[>][<]CC(C(=O)NCCO)[>][<]}SC(=S)SC)(C(=O)OC1=C(C(=C(C(=C1F)F)F)F)F)C	[H]CSC(=S)S{[<][>]C(C(=O)NCCO)C[<][>]}C(C(=O)Oc(c(F)c1F)c(F)c(F)c1F)(C)C[H]
PolymerLit-OA_processed/generic/acsmacrolett/7b00905_f2_1.corrected.mol	C{[>][<]CC(=O)OCCCC[>][<]}{[>][<]CC(O)[>][<]}C	[H]C{[<][>]CC(=O)OCCCC[<][>]}C{[<][>]C(O)C[<][>]}[H]
PolymerLit-OA_processed/generic/acsmacrolett/7b00905_f2_2.corrected.mol	CC(OCCCC{[>][<]CC(OC(=O)C)[>][<]}CC(=O)O)=O	[H]OC(=O)C{[<][>]C(OC(C)=O)C[<][>]}CCCC(OC(C)=O)[H]
PolymerLit-OA_processed/generic/acsmacrolett/7b00905_f2_3.corrected.mol	OCCCC{[>][<]CC(O)[>][<]}CC(O)=O	[H]OC(=O)C{[<][>]C(O)C[<][>]}CCCC(O)[H]
PolymerLit-OA_processed/generic/acsmacrolett/7b00905_s1_1.corrected.mol	failed to obtain BigSMILES	failed to obtain BigSMILES
PolymerLit-OA_processed/generic/acsmacrolett/7b00905_s1_2.corrected.mol	C{[>][<]CC(=O)OCCCC[>],[<]CC(O)[>][<]}C	[H]C{[<][>]C(O)C[<],[>]CCCCOC(=O)C[<][>]}C[H]
PolymerLit-OA_processed/generic/acsmacrolett/7b00905_s1_3.corrected.mol	C{[>][<]C[>][<]}OC(SC(C)C(=O)OC)=S	[H]{[<][>]C[<][>]}COC(=S)SC(C)C(=O)OC[H]
PolymerLit-OA_processed/generic/acsmacrolett/8b00168_f1_1.corrected.mol	[R]C(CCC({[>][<]O[C@](C)C(=O)[>][<]}[R])=O)=O	[R]C(CCC({[>][<]O[C@](C)C(=O)[>][<]}[R])=O)=O
PolymerLit-OA_processed/generic/acsmacrolett/8b00168_s1_1.corrected.mol	CO{[>][<]CCO[>][<]}CCO	[H]OCCOC{[<][>]COC[<][>]}[H]
PolymerLit-OA_processed/generic/acsmacrolett/8b00168_s1_2.corrected.mol	C[Si]({[>][<]OCCOCCOCCOCCOC(=O)CCC(=O)[>][<]}OCC1=CC=CC=C1)(C)C(C)(C)C	[H]c(cc1)c(cc1)CO{[<][>]C(=O)CCC(=O)OCCOCCOCCOCCO[<][>]}[Si](C)(C)C(C)(C)C[H]
PolymerLit-OA_processed/generic/acsmacrolett/8b00168_s1_3.corrected.mol	OC(CCC(=O)O[C@@](C)C({[>][<]O[C@](C)C(=O)[>][<]}O)=O)=O	[H]OC(=O)CCC(=O)OC(C)C(=O){[<][>]C(=O)C(C)O[<][>]}O[H]
PolymerLit-OA_processed/generic/acsmacrolett/8b00675_f1_1.corrected.mol	C{[>][<]C[>][<]}CSC(SC(C)(C)C(=O)OC1=C(C(=C(C(=C1F)F)F)F)F)=S	[H]{[<][>]C[<][>]}CCSC(=S)SC(C)(C)C(=O)Oc(c(c1F)F)c(c(c1F)F)F
PolymerLit-OA_processed/generic/acsmacrolett/8b00675_f1_2.corrected.mol	O=C1CC(C(=O)N1C1=CC2=C(C3(OC2=O)C2=C(OC4=CC(=CC=C34)O)C=C(C=C2)O)C=C1)S{[>][<]C(C(=O)NCCO)C[>][<]}C(C)(C)C(=O)NCCC(N1C2=C(C#CC3=C(C=CC=C3)C1)C=CC=C2)=O	O=C1CC(C(=O)N1C1=CC2=C(C3(OC2=O)C2=C(OC4=CC(=CC=C34)O)C=C(C=C2)O)C=C1)S{[>][<]C(C(=O)NCCO)C[>][<]}C(C)(C)C(=O)NCCC(N1C2=C(C#CC3=C(C=CC=C3)C1)C=CC=C2)=O
PolymerLit-OA_processed/generic/acsmacrolett/8b00675_f1_3.corrected.mol	O=C1N({[>][<]C[>][<]}C(=O)NNC(=O)CCCC[C@]2SC[C@]3NC(N[C@]23)=O)C(=O)CC1S{[>][<]C(C(=O)NCCO)C[>][<]}C(C)(C)C(NCCC(=O)N2C3=C(C#CC4=C(C2)C=CC=C4)C=CC=C3)=O	[H]C(SC4)(C(C4N4)NC4=O)CCCCC(=O)NNC(=O){[<][>]C[<][>]}N(C(C2)=O)C(=O)C2S{[<][>]C(C(=O)NCCO)C[<][>]}C(C)(C)C(=O)NCCC(=O)N(c(ccc1)c(c1)C#C1)C(c(c1c1)ccc1)[H]
PolymerLit-OA_processed/generic/acsmacrolett/8b00675_f1_4.corrected.mol	C{[>][<]C[>][<]}CSC(S{[>][<]C(C(NCCO)=O)C[>][<]}C(C)(C)C(=O)OC1=C(C(=C(C(=C1F)F)F)F)F)=S	[H]{[<][>]C[<][>]}CCSC(=S)S{[<][>]CC(C(=O)NCCO)[<][>]}C(C(=O)Oc(c(F)c1F)c(F)c(F)c1F)(C)C[H]
PolymerLit-OA_processed/generic/acsmacrolett/8b00807_f1_1.corrected.mol	CO{[>][<]CCO[>][<]}{[>][<]C(=O)OCC(C(=O)NCCCN1C=CN=C1)CO[>][<]}{[>][<]C(=O)OCCCO[>][<]}[H]	{[][>1]C(=O)OCC(C(=O)NCCCn(cn1)cc1)CO[<1];[H][<1],[H]O{[<][>]CCCOC(=O)O[<][>]}CCCOC(=O)[<1],[H]O{[<][>]CCCOC(=O)O[<][>]}C{[<][>]COC[<][>]}C[<1],[>1]OC[H][]}
PolymerLit-OA_processed/generic/acsmacrolett/8b00825_f1_1.corrected.mol	OC(=O)C({[>][<]CC(C(=O)NCCO)[>],[<]CC(C(=O)NC(C(=O)C)CCSCCCOC1OC(C(C(C1O)O)O)CO)[>][<]}S)(C)C	[H]S{[<][>]C(C(=O)NCCO)C[<],[>]C(C(NC(C(C)=O)CCSCCCOC(C(O)C1O)OC(CO)C1O)=O)C[<][>]}C(C(=O)O)(C)C[H]
PolymerLit-OA_processed/generic/acsmacrolett/8b00825_f1_2.corrected.mol	OC(C({[>][<]CC(C(=O)NCCO)[>],[<]CC(C(=O)NC1CCSC1=O)[>][<]}SC(=S)SC)(C)C)=O	[H]CSC(=S)S{[<][>]C(C(=O)NCCO)C[<],[>]C(C(NC(CC1)C(S1)=O)=O)C[<][>]}C(C(=O)O)(C)C[H]
PolymerLit-OA_processed/generic/acsmacrolett/8b00825_f1_3.corrected.mol	OC(C({[>][<]CC(C(=O)NC(C(=O)C)CCS)[>],[<]CC(C(=O)NCCO)[>][<]}S)(C)C)=O	[H]S{[<][>]C(C(=O)NCCO)C[<],[>]C(C(NC(C(C)=O)CCS)=O)C[<][>]}C(C(=O)O)(C)C[H]
PolymerLit-OA_processed/generic/acsmacrolett/9b00258_a_1.corrected.mol	[H]{[>][<]OC1C(O)[C@@](OC([C@@]1O)CO)O[C@@]1C2OCC1O[C@@](C2O)[>][<]}O	[H]O{[<][>]C(C(C2O3)O)OC(C3)C2OC(OC(CO)C1O)C(O)C1O[<][>]}[H]
PolymerLit-OA_processed/generic/acsmacrolett/9b00386_f3_1.corrected.mol	C{[>][<]CC(N1CCCC1=O)[>][<]}C	[H]C{[<][>]C(N(CC1)C(C1)=O)C[<][>]}C[H]
PolymerLit-OA_processed/generic/acsmacrolett/9b00386_f3_2.corrected.mol	C{[>][<]CC(O)[>][<]}C	[H]C{[<][>]C(O)C[<][>]}C[H]
PolymerLit-OA_processed/generic/acsmacrolett/9b00386_f3_3.corrected.mol	C{[>][<]CC(C(=O)O)[>][<]}C	[H]C{[<][>]C(C(=O)O)C[<][>]}C[H]
PolymerLit-OA_processed/generic/acsmacrolett/9b00386_f3_4.corrected.mol	C{[>][<]CC(C)(C(=O)O)[>][<]}C	[H]C{[<][>]C(C(=O)O)(C)C[<][>]}C[H]
PolymerLit-OA_processed/generic/acsmacrolett/9b00459_f1_1.corrected.mol	C{[>][<]CC(C(=O)OCCCCCCOC1=CC=C(C=C1)/N=N\C1=CC=C(C=C1)C)[>][<]}C	[H]C{[<][>]C(C(OCCCCCCOc(cc1)ccc1/N=N\c(cc1)ccc1C)=O)C[<][>]}C[H]
PolymerLit-OA_processed/generic/acsmacrolett/9b00459_f1_2.corrected.mol	C{[>][<]C(C(=O)OCCCCCCOC1=CC=C(C=C1)/N=N/C1=CC=C(C=C1)C)C[>][<]}C	[H]C{[<][>]C(C(OCCCCCCOc(cc1)ccc1\N=N\c(cc1)ccc1C)=O)C[<][>]}C[H]
PolymerLit-OA_processed/generic/acsmacrolett/9b00792_s1_1.corrected.mol	[H]{[>][<]N(S(=O)(=O)C1=CC=C(C=C1)C)C(C)C[>][<]}N(CC=1/C=C\C2=C/3/C4=C/(/C=C\C31)\C=C/C=C\4\C=C/2)S(=O)(C)=O	[H]{[>][<]N(S(=O)(=O)C1=CC=C(C=C1)C)C(C)C[>][<]}N(CC=1/C=C\C2=C/3/C4=C/(/C=C\C31)\C=C/C=C\4\C=C/2)S(=O)(C)=O
PolymerLit-OA_processed/generic/acsmacrolett/9b00792_s2_1.corrected.mol	[H]{[>][<]N(S(=O)(=O)C1=CC=C(C=C1)C)C(C)C[>][<]}N(C/C1=C/2C=3/C4=C\(\C=C/2)/C=C\C=C/4/C=C\C3\C=C/1)S(=O)(C)=O	[H]{[>][<]N(S(=O)(=O)C1=CC=C(C=C1)C)C(C)C[>][<]}N(C/C1=C/2C=3/C4=C\(\C=C/2)/C=C\C=C/4/C=C\C3\C=C/1)S(=O)(C)=O
PolymerLit-OA_processed/generic/acsmacrolett/9b00792_s2_2.corrected.mol	{[][<]CC(C)N([H])[>][]}	{[][>]NC(C)C[<][]}
PolymerLit-OA_processed/generic/acsmacrolett/9b00792_s2_3.corrected.mol	CC{[>][<]CC(C)N(S(=O)(=O)C1=CC=C(C=C1)C)[>][<]}CC	[H]CC{[<][>]N(S(c(cc1)ccc1C)(=O)=O)C(C)C[<][>]}CC[H]
PolymerLit-OA_processed/generic/acsmacrolett/9b00792_s2_4.corrected.mol	[H]{[>][<]NC(C)C[>][<]}N(C/C1=C/2C=3/C4=C\(\C=C/2)/C=C\C=C/4/C=C\C3\C=C/1)S(=O)(C)=O	[H]{[>][<]NC(C)C[>][<]}N(C/C1=C/2C=3/C4=C\(\C=C/2)/C=C\C=C/4/C=C\C3\C=C/1)S(=O)(C)=O
PolymerLit-OA_processed/generic/acsmacrolett/9b00814_f1_1.corrected.mol	C{[>][<]OCC[>][<]}OC({[>][<][C@@](C)OC(=O)[>][<]}[C@](C)O[Si](C)(C)C(C)(C)C)=O	[H]CO{[<][>]CCO[<][>]}C(=O){[<][>]C(=O)OC(C)[<][>]}C(C)O[Si](C)(C)C(C)(C)C[H]
PolymerLit-OA_processed/generic/acsmacrolett/9b01023_f1_1.corrected.mol	C{[>][<]C(=O)CCCCCO[>][<]}[H]	[H]{[<][>]OCCCCCC(=O)[<][>]}C[H]
PolymerLit-OA_processed/generic/acspolymersau/1c00005_f4_1.corrected.mol	C{[>][<]CC(C1=CC=CC=C1)[>][<]}C	[H]C{[<][>]C(c(cc1)ccc1)C[<][>]}C[H]
PolymerLit-OA_processed/generic/acspolymersau/1c00005_f7_1.corrected.mol	C{[>][<]C1=C(C)C=C(S1)[>][<]}C	[H]C{[<][>]c(cc1C)sc1[<][>]}C[H]
PolymerLit-OA_processed/generic/acspolymersau/1c00005_f7_2.corrected.mol	C{[>][<]C1=CC=C(S1)/C1=C/2C3=C(C(N(CC(C)C)C2=O)=O)C=C(C=2C(=O)N(CC(C)C)C(=O)/C(C32)=C/1)[>][<]}C	[H]C{[<][>]c(cc4)sc4c(c(c1c(c2)C3=O)C(N3CC(C)C)=O)cc(C(=O)N3CC(C)C)c1c(C3=O)c2[<][>]}C[H]
PolymerLit-OA_processed/generic/acspolymersau/1c00008_f1_1.corrected.mol	N{[>][<]C(=O)[C@](CCC(=O)O)N[>][<]}{[>][<]N(C)CC(=O)[>][<]}C(CCCN1C(C=CC1=O)=O)=O	[H]{[<][>]NC(=O)C(CCC(=O)O)[<][>]}N{[<][>]N(C)CC(=O)[<][>]}C(=O)CCCN(C(C=1)=O)C(=O)C=1[H]
PolymerLit-OA_processed/generic/acspolymersau/1c00008_f1_2.corrected.mol	CC({[>][<]N[C@]([R])C(=O)[>][<]}N)=O	CC({[>][<]N[C@]([R])C(=O)[>][<]}N)=O
PolymerLit-OA_processed/generic/acspolymersau/1c00010_s1_1.corrected.mol	S=C(C1=CC=CC=C1)S{[>][<]C(C(=O)OCC[N+1](CCCC)(C)C)(C)C[>][<]}C(C)(CCC(=O)O)C	[H]c(cc1)c(cc1)C(=S)S{[<][>]C(C)(C(OCC[N+](CCCC)(C)C)=O)C[<][>]}C(C)(C)CCC(=O)O[H]
PolymerLit-OA_processed/generic/acspolymersau/1c00010_s1_2.corrected.mol	S=C(C1=CC=CC=C1)S{[>][<]{[>][<]CC(C)(C(=O)OCCN(CC)CC)[>][<]}{[>][<]CC(C)([>])C(=O)OCCOC(=O)C(C)([<])C[>][<]}(C)(C)[>][<]}{[>][<]C(C)(C(=O)OCC[N+1](C)(C)CCCC)C[>][<]}C(C)(CCC(=O)O)C	S=C(C1=CC=CC=C1)S{[>][<]{[>][<]CC(C)(C(=O)OCCN(CC)CC)[>][<]}{[>][<]CC(C)([>])C(=O)OCCOC(=O)C(C)([<])C[>][<]}(C)(C)[>][<]}{[>][<]C(C)(C(=O)OCC[N+1](C)(C)CCCC)C[>][<]}C(C)(CCC(=O)O)C
PolymerLit-OA_processed/generic/acspolymersau/1c00010_s2_1.corrected.mol	failed to obtain BigSMILES	failed to obtain BigSMILES
PolymerLit-OA_processed/generic/acspolymersau/1c00010_s2_2.corrected.mol	failed to obtain BigSMILES	failed to obtain BigSMILES
PolymerLit-OA_processed/generic/acspolymersau/1c00011_s1_1.corrected.mol	C{[>][<]C[>][<]}CSC(SC(C)(C)CCC(=O)O)=S	[H]{[<][>]C[<][>]}CCSC(=S)SC(C)(C)CCC(=O)O[H]
PolymerLit-OA_processed/generic/acspolymersau/1c00011_s1_2.corrected.mol	C{[>][<]C[>][<]}CSC(=S)SC(CCC(NCCCCCCNC(CCC(C)(C)SC(=S)SC{[>][<]C[>][<]}C)=O)=O)(C)C	[H]{[<][>]C[<][>]}CCSC(=S)SC(C)(C)CCC(=O)NCCCCCCNC(=O)CCC(C)(C)SC(=S)S{[<][>]C[<][>]}CC[H]
PolymerLit-OA_processed/generic/acspolymersau/1c00011_s1_3.corrected.mol	N{[>][<]C[>][<]}N	[H]N{[<][>]C[<][>]}N[H]
PolymerLit-OA_processed/generic/acspolymersau/1c00011_s1_4.corrected.mol	CC(C)(CCC(=O)NCCCCCCNC(=O)CCC({[>][<]CC(C)(C(=O)OC/C1=C/C=C\2C3=C1C=CC1=C3\C(\C=C/2)=C\C=C/1)[>][<]}{[>][<]C(C)(C(=O)O{[>][<]OCC[>][<]}C)C[>][<]}S)(C)C){[>][<]CC(C(=O)OC/C1=C/2C3=C(/C=C\C4=C3\C(\C=C/2)=C\C=C/4)/C=C\1)(C)[>][<]}{[>][<]CC(C(O{[>][<]CCO[>][<]}C)=O)(C)[>][<]}S	{[][>1]C(C(=O)OCc(c(c5c6c7c8)ccc6cc8)ccc5cc7)(C)C[<1],[>6]OCC[<6],[>7]COC[<7];[H]S{[<5][>5]C(C)(C(=O)OC[H])C[<5],[>5]C(C)(C(=O)OCCOC[<7])C[<5][>5]}{[<][>]C(C(=O)OCc(c(c1c2c3c4)ccc2cc4)ccc1cc3)(C)C[<][>]}C(C)(C)CCC(=O)NCCCCCCNC(=O)CCC(C)(C)[<1],[H]S{[<5][>5]C(C)(C(=O)OC[H])C[<5],[>5]C(C)(C(=O)OCCOC[<7])C[<5][>5]}{[<][>]C(C(=O)OCc(c(c1c2c3c4)ccc2cc4)ccc1cc3)(C)C[<][>]}C(C)(C)CCC(=O)NCCCCCCNC(=O)CCC(C)(C){[<2][>2]C(C)(C(=O)OC[H])C[<2],[>2]C(C)(C[<2])C(=O)OOCC[<6][>2]}C(C)(C[H])C(=O)OC[H],[H]S{[<5][>5]C(C)(C(=O)OC[H])C[<5],[>5]C(C)(C(=O)OCCOC[<7])C[<5][>5]}{[<][>]C(C(=O)OCc(c(c1c2c3c4)ccc2cc4)ccc1cc3)(C)C[<][>]}C(C)(C)CCC(=O)NCCCCCCNC(=O)CCC(C)(C){[<2][>2]C(C)(C(=O)OC[H])C[<2],[>2]C(C)(C[<2])C(=O)OOCC[<6][>2]}C(C)(C[<1])C(=O)OOCC[<6],[>1]S[H],[>6]C[H],[>7][H][]}
PolymerLit-OA_processed/generic/acspolymersau/1c00011_s1_5.corrected.mol	C=C(C(=O)O{[>][<]CCO[>][<]}C)C	[H]CO{[<][>]CCO[<][>]}C(=O)C(=C)C[H]
PolymerLit-OA_processed/generic/acspolymersau/1c00011_si_ps2_1.corrected.mol	C{[>][<]C[>][<]}CSC(SC(C)(C)CCC(=O)OC/C1=C/C=C\2C3=C1C=CC1=C3\C(\C=C/2)=C\C=C/1)=S	C{[>][<]C[>][<]}CSC(SC(C)(C)CCC(=O)OC/C1=C/C=C\2C3=C1C=CC1=C3\C(\C=C/2)=C\C=C/1)=S
PolymerLit-OA_processed/generic/acspolymersau/1c00012_f5_1.corrected.mol	S{[>][<]C(C1=CC=CC=C1)CC(C)(C(=O)OCCCC)C[>][<]}C(C)(C)C	[H]S{[<][>]C(c(cc1)ccc1)CC(C)(C(OCCCC)=O)C[<][>]}C(C)(C)C[H]
PolymerLit-OA_processed/generic/acspolymersau/1c00012_f5_2.corrected.mol	S{[>][<]C(C1=CC=CC=C1)CC(C)(C(=O)OCCCC)C[>][<]}C(C1=CC=CC=C1)CC(C)(C)C	[H]SC(c(cc1)ccc1)C{[<][>]C(C)(C(OCCCC)=O)CC(c(cc1)ccc1)C[<][>]}C(C)(C)C[H]
PolymerLit-OA_processed/generic/acspolymersau/1c00012_f5_3.corrected.mol	S{[>][<]C(C1=CC=CC=C1)CC(C)(C(=O)OCCCC)C[>][<]}C(C1=CC=CC=C1)CC(C1=CC=CC=C1)CC(C)(C)C	[H]SC(c(cc2)ccc2)C{[<][>]C(C)(C(OCCCC)=O)CC(c(cc2)ccc2)C[<][>]}C(c(cc1)ccc1)CC(C)(C)C[H]
PolymerLit-OA_processed/generic/acspolymersau/1c00015_f6_1.corrected.mol	[Cl-1].CC1=CC=C(CO{[>][<]C(=O)OCC2O[C@@](C)C(OC(=O)OCC)C(OC(=O)OCC)[C@@]2O[>][<]}{[>][<]C(=O)OCC2O[C@@](C)C(OC(=O)OCC)C(OC(=O)OCC(SCC[N+1])CSCC[N+1])[C@@]2O[>][<]}[H])C=C1.[Cl-1]	[Cl-1].CC1=CC=C(CO{[>][<]C(=O)OCC2O[C@@](C)C(OC(=O)OCC)C(OC(=O)OCC)[C@@]2O[>][<]}{[>][<]C(=O)OCC2O[C@@](C)C(OC(=O)OCC)C(OC(=O)OCC(SCC[N+1])CSCC[N+1])[C@@]2O[>][<]}[H])C=C1.[Cl-1]
PolymerLit-OA_processed/generic/acspolymersau/1c00017_f1_1.corrected.mol	C{[>][<]CC(C(OCC[N+1]1=CN(C=C1)C)=O)[>][<]}{[>][<]CC(C)(C(OCCC)=O)[>][<]}C.C	C{[>][<]CC(C(OCC[N+1]1=CN(C=C1)C)=O)[>][<]}{[>][<]CC(C)(C(OCCC)=O)[>][<]}C.C
PolymerLit-OA_processed/generic/acspolymersau/1c00017_f1_2.corrected.mol	C{[>][<]CC(C(=O)OCCCS(=O)(=O)[O-1])[>][<]}{[>][<]CC(C(OC)=O)[>][<]}C.C	C{[>][<]CC(C(=O)OCCCS(=O)(=O)[O-1])[>][<]}{[>][<]CC(C(OC)=O)[>][<]}C.C
PolymerLit-OA_processed/generic/acspolymersau/1c00017_si_fs2_1.corrected.mol	C{[>][<]CC(C(=O)OCC[N+1]1=CN(C=C1)CCCC)[>][<]}{[>][<]CC(C)(C(OCCC)=O)[>][<]}C	[H]{[<][>]CC(C)(C(OCCC)=O)[<][>]}C{[<][>]C(C(OCC[n+](cn1CCCC)cc1)=O)C[<][>]}C[H]
PolymerLit-OA_processed/generic/acspolymersau/1c00021_f1_1.corrected.mol	C{[>][<]CCCCCCCCCCOP(=O)(OCCOC(=O)C1=CC(=NC(=C1)C1=NC=CC=C1)C1=CC=CC=N1)OCCCCCCCCCC[>][<]}C	[H]CC{[<][>]CCCCCCCCCOP(=O)(OCCOC(c(cc1-c(nc2)ccc2)cc(-c(nc2)ccc2)n1)=O)OCCCCCCCCCCC[<][>]}[H]
PolymerLit-OA_processed/generic/acspolymersau/1c00021_f2_1.corrected.mol	C{[>][<]C{[>][<]C[>][<]}OP(=O)(OCCO)O{[>][<]C[>][<]}C[>][<]}C	{[][>1]C[<1];[H]CC[H],[H]{[<][>]C[<],[>]CCOP(OCCO)(=O)O[<][>]}CCOP(OCCO)(=O)O[<1],[H]CC[H],[>1]CC[H][]}
PolymerLit-OA_processed/generic/acspolymersau/1c00024_f1_1.corrected.mol	C{[>][<]CC(C1=CC=CC=C1)[>][<]}C	[H]C{[<][>]C(c(cc1)ccc1)C[<][>]}C[H]
PolymerLit-OA_processed/generic/acspolymersau/1c00024_f1_2.corrected.mol	C{[>][<]CC(C1=CC=C(C=C1)P(C1=CC=CC=C1)C1=CC=CC=C1)[>][<]}C	[H]C{[<][>]C(c(cc1)ccc1P(c(cc1)ccc1)c(cc1)ccc1)C[<][>]}C[H]
PolymerLit-OA_processed/generic/acspolymersau/1c00027_a_1.corrected.mol	C{[>][<]C1=C2C(=O)N(CC(C)C)C(=C2C(N1CC(C)C)=O)C1=CC=C(S1)C1=CC2=C(S1)C=C(S2)C1=CC=C(S1)[>][<]}C	[H]C{[<][>]c(cc%13)sc%13c(sc6c7)cc6sc7c(cc3)sc3C(N(C1=O)CC(C)C)=C(C(N2CC(C)C)=O)C1=C2[<][>]}C[H]
PolymerLit-OA_processed/generic/acspolymersau/1c00027_a_2.corrected.mol	C{[>][<]NC1=CC=C(C=C1)[>][<]}C	[H]C{[<][>]c(cc1)ccc1N[<][>]}C[H]
PolymerLit-OA_processed/generic/acspolymersau/1c00027_a_3.corrected.mol	C{[>][<]C=1SC(=C(CCCCCC)C1)[>][<]}C	[H]C{[<][>]c(cc1CCCCCC)sc1[<][>]}C[H]
PolymerLit-OA_processed/generic/acspolymersau/1c00027_a_4.corrected.mol	C{[>][<]C1=CC=C(N1)[>][<]}C	C{[>][<]C1=CC=C(N1)[>][<]}C
PolymerLit-OA_processed/generic/acspolymersau/1c00028_si_fs3a_1.corrected.mol	C{[>][<]OC1OC(COC2OC(C(C(C2O)O)O)C)C(C(C1O)O)[>][<]}C	[H]C{[<][>]OC(C(O)C1O)OC(COC(C(O)C2O)OC(C)C2O)C1[<][>]}C[H]
PolymerLit-OA_processed/generic/acspolymersau/1c00028_si_fs3b_1.corrected.mol	C{[>][<]C1C(C)OC(C(C1O)NC(=O)C)O[>][<]}C	[H]C{[<][>]OC(C(C1O)NC(C)=O)OC(C)C1[<][>]}C[H]
PolymerLit-OA_processed/generic/acspolymersau/1c00028_si_fs3c_1.corrected.mol	C{[>][<]OC1OC(COCC(=O)[O-1])C(C(C1OCC(=O)[O-1])OCC(=O)[O-1])[>][<]}C.[Na+1].[Na+1].[Na+1]	C{[>][<]OC1OC(COCC(=O)[O-1])C(C(C1OCC(=O)[O-1])OCC(=O)[O-1])[>][<]}C.[Na+1].[Na+1].[Na+1]
PolymerLit-OA_processed/generic/acspolymersau/1c00028_si_fs3d_1.corrected.mol	C{[>][<]OC1OC(CO[R])C(C(O[R])C1O[R])[>][<]}C	C{[>][<]OC1OC(CO[R])C(C(O[R])C1O[R])[>][<]}C
PolymerLit-OA_processed/generic/acspolymersau/1c00028_si_fs3e_1.corrected.mol	C{[>][<]OC1OC(COC)C(C(OC)C1OC)[>][<]}C	[H]C{[<][>]OC(C(OC)C1OC)OC(COC)C1[<][>]}C[H]
PolymerLit-OA_processed/generic/acspolymersau/1c00028_si_fs3f_1.corrected.mol	C{[>][<]OC1OC(C)C(C(OC2C(C(C(C(COC(=O)C)O2)O)O)OC2OC(C)C(C(C2O)O)OC2OC3OC(OC3C(C2O)O)(C)C(=O)O)C1O)OC1C(O)C(O)C(C(C)O1)[>][<]}C	[H]C{[<][>]OC(OC2C)C(O)C(OC(C(OC(C(O)C3O)OC(C)C3OC(C(O)C3O)OC(C3O3)OC3(C(=O)O)C)C3O)OC(COC(C)=O)C3O)C2OC(C(O)C1O)OC(C)C1[<][>]}C[H]
PolymerLit-OA_processed/generic/acspolymersau/1c00028_si_fs3g_1.corrected.mol	C{[>][<]OC1OC(C(=O)OC)C(C(O)C1O)[>][<]}C	[H]C{[<][>]OC(C(O)C1O)OC(C(OC)=O)C1[<][>]}C[H]
PolymerLit-OA_processed/generic/acspolymersau/1c00028_si_fs3h_1.corrected.mol	C{[>][<]OC1OC(COC(=O)NC2=CC=CC=C2)C(C(C1OC(=O)NC1=CC=CC=C1)OC(=O)NC1=CC=CC=C1)[>][<]}C	[H]C{[<][>]OC(C(OC(=O)Nc(cc1)ccc1)C1OC(=O)Nc(cc2)ccc2)OC(COC(=O)Nc(cc2)ccc2)C1[<][>]}C[H]
PolymerLit-OA_processed/generic/acspolymersau/1c00028_si_fs4a_1.corrected.mol	C{[>][<]C1C(O)C(O)C(OC1C)OC1C(NC(=O)C)C(OC(C1O)C)O[>][<]}C.[Na+1]	C{[>][<]C1C(O)C(O)C(OC1C)OC1C(NC(=O)C)C(OC(C1O)C)O[>][<]}C.[Na+1]
PolymerLit-OA_processed/generic/acspolymersau/1c00028_si_fs4b_1.corrected.mol	C{[>][<]C1C(O)C(O)C(OC1C)OC1C(C)OC(C(C1O)O)O[>][<]}C.[Na+1].[Na+1]	C{[>][<]C1C(O)C(O)C(OC1C)OC1C(C)OC(C(C1O)O)O[>][<]}C.[Na+1].[Na+1]
PolymerLit-OA_processed/generic/acspolymersau/1c00028_si_fs4c_1.corrected.mol	C{[>][<]C1C(C)C(C)OC(C1O)OC1C2COC1C(O)C(O2)O[>][<]}C.[Na+1]	C{[>][<]C1C(C)C(C)OC(C1O)OC1C2COC1C(O)C(O2)O[>][<]}C.[Na+1]
PolymerLit-OA_processed/generic/acspolymersau/1c00029_a_1.corrected.mol	C{[>][<]CC(C(=O)O)[>][<]}C	[H]C{[<][>]C(C(=O)O)C[<][>]}C[H]
PolymerLit-OA_processed/generic/acspolymersau/1c00029_s1_1.corrected.mol	NCCC[Si]({[>][<]O[Si](C)(C)[>][<]}O[Si](C)(C)CCCN)(C)C	[H]NCCC[Si](C)(C){[<][>][Si](C)(C)O[<][>]}O[Si](C)(C)CCCN[H]
PolymerLit-OA_processed/generic/acspolymersau/1c00030_f5_1.corrected.mol	CCOC(C({[>][<]CC(C(=O)OC)[>][<]}{[>][<]CC(C(=O)OCCCC)[>][<]}Br)(C)C)=O	{[][>1]C(C(OC)=O)C[<1];Br[<1],BrC(C(OCCCC)=O){[<][>]CC(C(OCCCC)=O)[<][>]}C[<1],[>1]C(C)(C)C(=O)OCC[H][]}
PolymerLit-OA_processed/generic/acspolymersau/1c00030_f5_2.corrected.mol	CCOC(C({[>][<]CC(C(=O)OC)[>][<]}{[>][<]CC(C(O{[>][<]CCO[>][<]}CCOC)=O)[>][<]}Br)(C)C)=O	{[][>1]COC[<1],[>2]CC([<2])C(=O)OCCOC[<1];[H]CCOC(=O)C(C)(C)[<2],[H]CCOC(=O)C(C)(C)C{[<][>]C(C(OC)=O)C[<][>]}C(C(OC)=O)[<2],[>1][H],[>2]Br[]}
PolymerLit-OA_processed/generic/acspolymersau/1c00030_si_ss1_1.corrected.mol	CCOC(C({[>][<]CC(C(=O)OC)[>][<]}Br)(C)C)=O	[H]CCOC(=O)C(C)(C){[<][>]C(C(OC)=O)C[<][>]}Br
PolymerLit-OA_processed/generic/acspolymersau/1c00030_si_ss2_1.corrected.mol	C=CC(O{[>][<]CCO[>][<]}CCOC)=O	[H]COCCO{[<][>]CCO[<][>]}C(=O)C(=C)[H]
PolymerLit-OA_processed/generic/acspolymersau/1c00030_si_ss3_1.corrected.mol	CCOC(C({[>][<]CC(C1=CC=CC=C1)[>][<]}Br)C)=O	[H]CCOC(=O)C(C){[<][>]C(c(cc1)ccc1)C[<][>]}Br
PolymerLit-OA_processed/generic/acspolymersau/1c00032_f1_1.corrected.mol	CCOC(S{[>][<]C(N1CCCC1=O)C[>][<]}C(C)(C)C(=O)ON1C(CCC1=O)=O)=S	[H]CCOC(=S)S{[<][>]CC(N(CC2)C(C2)=O)[<][>]}C(C(=O)ON(C(=O)C1)C(=O)C1)(C)C[H]
PolymerLit-OA_processed/generic/acspolymersau/1c00032_f2_1.corrected.mol	OCC1OC(O)C(NC(=O)C({[>][<]CC(N2CCCC2=O)[>][<]}SC(OCC)=S)(C)C)C(O)C1O	[H]OCC(C(O)C2O)OC(O)C2NC(=O)C(C)(C){[<][>]C(N(CC1)C(C1)=O)C[<][>]}SC(=S)OCC[H]
PolymerLit-OA_processed/generic/acspolymersau/1c00032_f2_2.corrected.mol	[H][C@@]12CS[C@](CCCCC(=O)NCCNC(=O)C({[>][<]CC(N3CCCC3=O)[>][<]}SC(=S)OCC)(C)C)[C@@]1([H])NC(N2)=O	[H]CCOC(=S)S{[<][>]C(N(CC2)C(C2)=O)C[<][>]}C(C)(C)C(=O)NCCNC(=O)CCCCC(SC1)(C(C1N1)NC1=O)[H]
PolymerLit-OA_processed/generic/acspolymersau/1c00032_f5_1.corrected.mol	CC({[>][<]CC(C(=O)NCCO)[>][<]}SC(=S)SC)(C)C(OC1=C(C(=C(C(=C1F)F)F)F)F)=O	[H]CSC(=S)S{[<][>]C(C(=O)NCCO)C[<][>]}C(C(=O)Oc(c(F)c1F)c(F)c(F)c1F)(C)C[H]
PolymerLit-OA_processed/generic/acspolymersau/1c00032_f5_2.corrected.mol	[H][C@@]12CS[C@](CCCCC(=O)NCCNC(=O)C({[>][<]CC(C(=O)NCCO)[>][<]}S)(C)C)[C@@]1([H])NC(N2)=O	[H]S{[<][>]C(C(=O)NCCO)C[<][>]}C(C)(C)C(=O)NCCNC(=O)CCCCC(SC1)(C(C1N1)NC1=O)[H]
PolymerLit-OA_processed/generic/acspolymersau/1c00034_f1_1.corrected.mol	C{[>][<]=CC1CC([C@@]2C(N(C([C@@]12)=O)CC{[>][<]OC(=O)CCC(C)CC[>][<]}O)=O)/C=[>][<]}CC1=CC=CC=C1	[H]c(cc1)c(cc1)CC{[<][>]C(CC2CCO{[<][>]C(=O)CCC(C)CCO[<][>]}[H])C(C2C2=O)C(=O)N2CC[<][>]}[H]
PolymerLit-OA_processed/generic/acspolymersau/1c00034_f1_2.corrected.mol	failed to obtain BigSMILES	failed to obtain BigSMILES
PolymerLit-OA_processed/generic/acspolymersau/1c00036_si_ps10_1.corrected.mol	C=CC1=CC=C(C=C1)C[N+1]1=CC=C(C=C1)C1=CC=[N+1](C=C1){[>][<]CCO[>][<]}CC[N+1]1=CC=C(C=C1)C1=CC=N(C=C1)CC1=CC=C(C=C1)C=C	C=CC1=CC=C(C=C1)C[N+1]1=CC=C(C=C1)C1=CC=[N+1](C=C1){[>][<]CCO[>][<]}CC[N+1]1=CC=C(C=C1)C1=CC=N(C=C1)CC1=CC=C(C=C1)C=C
PolymerLit-OA_processed/generic/acspolymersau/1c00036_si_ps8_1.corrected.mol	C{[>][<]C1=CC(CCN(CCC(=O)[O-1])CCC(=O)[O-1])=C(S1)[>][<]}C.[Na+1].[Na+1]	C{[>][<]C1=CC(CCN(CCC(=O)[O-1])CCC(=O)[O-1])=C(S1)[>][<]}C.[Na+1].[Na+1]
PolymerLit-OA_processed/generic/acspolymersau/1c00036_si_ps9_1.corrected.mol	C{[>][<]CCO[>][<]}CCC	[H]CCC{[<][>]OCC[<][>]}C[H]
PolymerLit-OA_processed/generic/acspolymersau/1c00036_si_ps9_2.corrected.mol	C1=NC=CC(C2=CC=[N+1]({[>][<]CCO[>][<]}CC[N+1]3=CC=C(C=C3)C3=CC=NC=C3)C=C2)=C1	[H]c(cn8)c(cc8)c(cc4)cc[n+]4CC{[<][>]OCC[<][>]}[n+](cc2)ccc2c(ccn1)c(c1)[H]
PolymerLit-OA_processed/generic/acspolymersau/1c00037_f1_1.corrected.mol	C{[>][<]CC(C(OCCO)=O)(C)[>][<]}{[>][<]CC(C(=O)OCCO)[>][<]}{[>][<]CC(C(=O)OCC(CCCC)CC)(C)[>][<]}C	{[][>1]C(C(=O)OCCO)(C)C[<1];[H]{[<][>]CC(C)(C(OCC(CCCC)CC)=O)[<][>]}C[<1],[H]{[<][>]CC(C)(C(OCC(CCCC)CC)=O)[<][>]}CC(C(=O)OCCO){[<][>]CC(C(=O)OCCO)[<][>]}C[<1],[>1]C[H][]}
PolymerLit-OA_processed/generic/acspolymersau/1c00041_f1_1.corrected.mol	C{[>][<]CC(N1CCCC1=O)[>][<]}C	[H]C{[<][>]C(N(CC1)C(C1)=O)C[<][>]}C[H]
PolymerLit-OA_processed/generic/acspolymersau/1c00041_f1_2.corrected.mol	C{[>][<]CC(O)[>][<]}C	[H]C{[<][>]C(O)C[<][>]}C[H]
PolymerLit-OA_processed/generic/acspolymersau/1c00041_f1_3.corrected.mol	O{[>][<]CCO[>][<]}[H]	[H]O{[<][>]CCO[<][>]}[H]
PolymerLit-OA_processed/generic/acspolymersau/1c00042_s1_1.corrected.mol	failed to obtain BigSMILES	failed to obtain BigSMILES
PolymerLit-OA_processed/generic/acspolymersau/1c00042_s1_2.corrected.mol	C{[>][<]OCC1OC(C(C(C1O)O)O)[>][<]}C	[H]C{[<][>]OCC(C(C(O)C1O)O)OC1[<][>]}C[H]
PolymerLit-OA_processed/generic/acspolymersau/1c00042_s1_3.corrected.mol	C{[>][<]C1C(OC(=O)COC2=CC=C(C=C2)C(=C/(C2=CC=CC=C2)C2=CC=CC=C2)C2=CC=CC=C2)C(O)C(O)C(O1)CO[>][<]}{[>][<]OCC1C(O)C(O)C(OC(=O)COC=2C=CC=C(C2)CCCCCCCCCCCCCCC)C(O1)[>][<]}{[>][<]OCC1OC(C(C(O)C1O)O)[>][<]}C	C{[>][<]C1C(OC(=O)COC2=CC=C(C=C2)C(=C/(C2=CC=CC=C2)C2=CC=CC=C2)C2=CC=CC=C2)C(O)C(O)C(O1)CO[>][<]}{[>][<]OCC1C(O)C(O)C(OC(=O)COC=2C=CC=C(C2)CCCCCCCCCCCCCCC)C(O1)[>][<]}{[>][<]OCC1OC(C(C(O)C1O)O)[>][<]}C
PolymerLit-OA_processed/generic/acspolymersau/1c00042_s1_4.corrected.mol	failed to obtain BigSMILES	failed to obtain BigSMILES
PolymerLit-OA_processed/generic/acspolymersau/1c00044_a_1.corrected.mol	C{[>][<]CC(C)(C(=O)OCCCC)[>][<]}C	[H]C{[<][>]C(C)(C(OCCCC)=O)C[<][>]}C[H]
PolymerLit-OA_processed/generic/acspolymersau/1c00044_f2_1.corrected.mol	OC(=O)CCC(C)(C#N){[>][<]CC(C(=O)OCCCS(=O)(=O)OCC(C)C)(C)[>][<]}{[>][<]CC(C(=O)OCCCS(=O)(=O)OC1=CC=CC=C1)(C)[>][<]}SC(C1=CC=CC=C1)=S	{[][>1]CC(C(=O)OCCCS(=O)(=O)Oc(cc2)ccc2)(C)[<1];[H]OC(=O)CCC(C#N)(C)[<1],[H]OC(=O)CCC(C#N)(C)C{[<][>]C(C)(C(OCCCS(OCC(C)C)(=O)=O)=O)C[<][>]}C(C)(C(OCCCS(OCC(C)C)(=O)=O)=O)[<1],[>1]SC(=S)c(cc1)c(cc1)[H][]}
PolymerLit-OA_processed/generic/acspolymersau/1c00044_f2_2.corrected.mol	OC(=O)CCC(C)(C#N){[>][<]CC(C(OCCCS(=O)(=O)OCC(C)C)=O)(C)[>][<]}{[>][<]CC(C(=O)OCCCS(=O)(=O)OCC(C)(C)C)(C)[>][<]}SC(C1=CC=CC=C1)=S	{[][>1]CC(C)(C(OCCCS(OCC(C)(C)C)(=O)=O)=O)[<1];[H]OC(=O)CCC(C#N)(C)[<1],[H]OC(=O)CCC(C#N)(C)C{[<][>]C(C)(C(OCCCS(OCC(C)C)(=O)=O)=O)C[<][>]}C(C)(C(OCCCS(OCC(C)C)(=O)=O)=O)[<1],[>1]SC(=S)c(cc1)c(cc1)[H][]}
PolymerLit-OA_processed/generic/acspolymersau/1c00044_f2_3.corrected.mol	OC(=O)CCC(C)(C#N){[>][<]CC(C(OCCCS(=O)(=O)OCC(C)(C)C)=O)(C)[>][<]}{[>][<]CC(C(=O)OCCCS(=O)(=O)OC1=CC=CC=C1)(C)[>][<]}SC(C1=CC=CC=C1)=S	{[][>1]CC(C(=O)OCCCS(=O)(=O)Oc(cc2)ccc2)(C)[<1];[H]OC(=O)CCC(C#N)(C)[<1],[H]OC(=O)CCC(C#N)(C)C{[<][>]C(C)(C(OCCCS(OCC(C)(C)C)(=O)=O)=O)C[<][>]}C(C)(C(OCCCS(OCC(C)(C)C)(=O)=O)=O)[<1],[>1]SC(=S)c(cc1)c(cc1)[H][]}
PolymerLit-OA_processed/generic/acspolymersau/1c00044_s1_1.corrected.mol	S=C(C1=CC=CC=C1)S{[>][<]C(C)(C(=O)OCCCS(=O)(=O)O[R])C[>][<]}C(C#N)(CCC(=O)O)C	S=C(C1=CC=CC=C1)S{[>][<]C(C)(C(=O)OCCCS(=O)(=O)O[R])C[>][<]}C(C#N)(CCC(=O)O)C
PolymerLit-OA_processed/generic/acspolymersau/1c00044_s1_2.corrected.mol	CC({[>][<]CC(C)(C(=O)OCCCC)[>][<]}SC(=S)C1=CC=CC=C1)(CCC(=O)O)C#N	[H]c(cc1)c(cc1)C(=S)S{[<][>]C(C)(C(OCCCC)=O)C[<][>]}C(C#N)(C)CCC(=O)O[H]
PolymerLit-OA_processed/generic/acspolymersau/1c00044_s1_3.corrected.mol	C{[>][<]CC(C)(C(=O)OCCCS(=O)(=O)OCC(C)C)[>][<]}C	[H]C{[<][>]C(C)(C(OCCCS(OCC(C)C)(=O)=O)=O)C[<][>]}C[H]
PolymerLit-OA_processed/generic/acspolymersau/1c00044_s1_4.corrected.mol	C{[>][<]CC(C)(C(=O)OCCCS(=O)(=O)OC1=CC=CC=C1)[>][<]}C	[H]C{[<][>]C(C(=O)OCCCS(=O)(=O)Oc(cc1)ccc1)(C)C[<][>]}C[H]
PolymerLit-OA_processed/generic/acspolymersau/1c00044_s1_5.corrected.mol	C{[>][<]CC(C)(C(=O)OCCCS(=O)(=O)OCC(C)(C)C)[>][<]}C	[H]C{[<][>]C(C)(C(OCCCS(OCC(C)(C)C)(=O)=O)=O)C[<][>]}C[H]
PolymerLit-OA_processed/generic/acspolymersau/1c00044_s1_6.corrected.mol	C{[>][<]CC(C)(C(=O)OCCCS(=O)(=O)OC(C)C)[>][<]}C	[H]C{[<][>]C(C)(C(OCCCS(OC(C)C)(=O)=O)=O)C[<][>]}C[H]
PolymerLit-OA_processed/generic/acspolymersau/1c00044_s3_1.corrected.mol	OC(=O)CCC(C)(C#N){[>][<]CC(C)(C(=O)OCCCS(=O)(=O)OC)[>][<]}{[>][<]CC(C)(C(=O)OCCCS(=O)(=O)OC)[>][<]}SC(C1=CC=CC=C1)=S	[H]c(cc1)c(cc1)C(=S)S{[<][>]C(C)(C(OCCCS(OC)(=O)=O)=O)C[<][>]}C(C#N)(C)CCC(=O)O[H]
PolymerLit-OA_processed/generic/acspolymersau/1c00049_f1_1.corrected.mol	failed to obtain BigSMILES	failed to obtain BigSMILES
PolymerLit-OA_processed/generic/acspolymersau/1c00049_f1_2.corrected.mol	SCC{[>][<]OCC[>][<]}OCC(CO{[>][<]CCO[>][<]}CCS)(CO{[>][<]CCO[>][<]}CCS)CO{[>][<]CCO[>][<]}CCS	[H]SCCOC{[<][>]COC[<][>]}C(COCC{[<][>]OCC[<][>]}S[H])(COCC{[<][>]OCC[<][>]}S[H])COCC{[<][>]OCC[<][>]}S[H]
PolymerLit-OA_processed/generic/acspolymersau/1c00052_s1_1.corrected.mol	[H]{[>][<]N[C@](CO)C(=O)[>][<]}C	[H]{[<][>]NC(CO)C(=O)[<][>]}C[H]
PolymerLit-OA_processed/generic/acspolymersau/1c00053_s1_1.corrected.mol	NCC1=CC(=CC=C1)CN{[>][<]C(=O)OCC(O)COC1=CC(=CC=C1)OCC(CO)OC(=O)NCC1=CC=CC(=C1)CN[>][<]}[H]	[H]NCc(ccc1)cc1CN{[<][>]C(=O)OCC(O)COc(ccc2)cc2OCC(CO)OC(=O)NCc(ccc1)cc1CN[<][>]}[H]
PolymerLit-OA_processed/generic/acspolymersau/1c00053_s2_1.corrected.mol	O=C1OCC(O1)CO{[>][<]CC(C)O[>][<]}CC1COC(O1)=O	[H]C(CO2)(OC2=O)CO{[<][>]C(C)CO[<][>]}CC(CO1)(OC1=O)[H]
PolymerLit-OA_processed/generic/acspolymersau/1c00053_s2_2.corrected.mol	C{[>][<]NCC=1C=CC=C(C1)CNC(=O)OCC(O)C{[>][<]OC(C)C[>][<]}OCC(CO)OC(=O)NCC=1C=CC=C(C1)CNC(=O)OCC(O)COC1=CC=CC(=C1)OCC(CO)OC(=O)[>][<]}C	{[][>1]C(C)OC[<1],[>1]C(O)COC(=O)NCc(ccc1)cc1CNC(=O)OC(CO)COc(ccc4)cc4OCC(O)COC(=O)NCc(ccc2)cc2CNC(=O)OC(CO)COC[<1];[H]CC(=O)OC(CO)COc(ccc4)cc4OCC(O)COC(=O)NCc(ccc2)cc2CNC(=O)OC(CO)COC[<1],[H]CC[H],[H]CC[H],[>1]C(O)COC(=O)NCc(ccc1)cc1CNC[H][]}
PolymerLit-OA_processed/generic/acspolymersau/1c00053_s3_1.corrected.mol	C{[>][<]NCC=1C=C(C=CC1)CNC(=O)OCC(O)C{[>][<]OC(C)C[>][<]}OCC(CO)OC(=O)NCC=1C=CC=C(C1)CNC(=O)OCC(O)CO[R]OCC(CO)OC(=O)[>][<]}C	C{[>][<]NCC=1C=C(C=CC1)CNC(=O)OCC(O)C{[>][<]OC(C)C[>][<]}OCC(CO)OC(=O)NCC=1C=CC=C(C1)CNC(=O)OCC(O)CO[R]OCC(CO)OC(=O)[>][<]}C
PolymerLit-OA_processed/generic/acspolymersau/1c00053_s4_1.corrected.mol	{[][<]CC[>][]}	{[][>]CC[<][]}
PolymerLit-OA_processed/generic/acspolymersau/1c00053_s4_2.corrected.mol	{[][<]CC[>][]}	{[][>]CC[<][]}
PolymerLit-OA_processed/generic/acspolymersau/1c00053_s4_3.corrected.mol	C{[>][<]C(=O)OC(CO)COC1=CC(=CC=C1)OCC(O)COC(=O)NC[R]CNC(=O)OC(CO)CO{[>][<]CC(C)O[>][<]}CC(O)COC(=O)NC[R]CN[>][<]}C	C{[>][<]C(=O)OC(CO)COC1=CC(=CC=C1)OCC(O)COC(=O)NC[R]CNC(=O)OC(CO)CO{[>][<]CC(C)O[>][<]}CC(O)COC(=O)NC[R]CN[>][<]}C
PolymerLit-OA_processed/generic/acspolymersau/1c00053_s5_1.corrected.mol	NC[R]CN{[>][<]COCCOC(C)=CC(=C)OCCCOC(=O)NC[R]CNC(=O)OC(C)COCC(C)O[<]}{[>][<]CC(C)OCC(O)COC(=O)NC[R]CN[>][<]}[H].CO.O.O.C.O	NC[R]CN{[>][<]COCCOC(C)=CC(=C)OCCCOC(=O)NC[R]CNC(=O)OC(C)COCC(C)O[<]}{[>][<]CC(C)OCC(O)COC(=O)NC[R]CN[>][<]}[H].CO.O.O.C.O
PolymerLit-OA_processed/generic/acspolymersau/1c00053_s5_2.corrected.mol	CC(C1=CC=C(C=C1)OCC1CO1)(C1=CC=C({[>][<]OCC(C)COC2=CC=C(C=C2)C(C)(C)C2=CC=C(C=C2)[>][<]}OCC2CO2)C=C1)C	[H]C(C8)(O8)COc(cc4)ccc4C(C)(C)c(cc2)ccc2OC{[<][>]C(C)COc(cc4)ccc4C(C)(C)c(cc2)ccc2OC[<][>]}C(C1)(O1)[H]
PolymerLit-OA_processed/generic/acspolymersau/1c00054_s1_1.corrected.mol	CO{[>][<]CCO[>][<]}CCOC(=O)CCC({[>][<]CC(C(=O)OC1=C(C(=C(C(=C1F)F)F)F)F)[>][<]}SC(=S)SC)(C)C	[H]CSC(=S)S{[<][>]CC(C(=O)Oc(c(F)c1F)c(F)c(F)c1F)[<][>]}C(C)(C)CCC(=O)OCCOC{[<][>]COC[<][>]}[H]
PolymerLit-OA_processed/generic/acspolymersau/1c00054_s1_2.corrected.mol	CO{[>][<]CCO[>][<]}CCOC(CCC(C)(C{[>][<]C(C(=O)OCCN1C(=C/C(C=C1C)=C/1C(N(C(N(C1=O)C)=O)C)=O)C)[>][<]}SC(=S)SC)C)=O	[H]CSC(=S)S{[<][>]C(C(OCCN(C(=CC1=C(C(=O)N2C)C(=O)N(C)C2=O)C)C(=C1)C)=O)[<][>]}CC(C)(C)CCC(=O)OCCOC{[<][>]COC[<][>]}[H]
PolymerLit-OA_processed/generic/acspolymersau/1c00054_si_ss1_1.corrected.mol	CO{[>][<]CCO[>][<]}CCOC(CCC({[>][<]CC(C(=O)OC1=C(C(=C(C(=C1F)F)F)F)F)[>][<]}SC(=S)SC{[>][<]C[>][<]}C)(C)C)=O	[H]{[<][>]C[<][>]}CCSC(=S)S{[<][>]OCC[<][>]}C(C)(C)CCC(=O)OCC{[<][>]CC(C(=O)Oc(c(F)c1F)c(F)c(F)c1F)[<][>]}OC[H]
PolymerLit-OA_processed/generic/acspolymersau/1c00054_si_ss1_2.corrected.mol	CO{[>][<]CCO[>][<]}CCOC(CCC(C)(C)SC(=S)SC{[>][<]C[>][<]}C)=O	[H]{[<][>]C[<][>]}CCSC(=S)SC(C)(C)CCC(=O)OCCOC{[<][>]COC[<][>]}[H]
PolymerLit-OA_processed/generic/acspolymersau/1c00054_si_ss1_3.corrected.mol	CO{[>][<]CCO[>][<]}CCOC(=O)CCC({[>][<]CC(C(=O)OCCN1C(=C/C(C=C1C)=C/1C(N(C(N(C1=O)C)=O)C)=O)C)[>][<]}SC(=S)SC{[>][<]C[>][<]}C)(C)C	[H]{[<][>]C[<][>]}CCSC(=S)S{[<][>]OCC[<][>]}C(C)(C)CCC(=O)OCC{[<][>]CC(C(OCCN(C(=CC1=C(C(=O)N2C)C(=O)N(C)C2=O)C)C(=C1)C)=O)[<][>]}OC[H]
PolymerLit-OA_processed/generic/acspolymersau/1c00054_si_ss1_4.corrected.mol	C{[>][<]OCC[>][<]}OCCO	[H]OCCOC{[<][>]COC[<][>]}[H]
PolymerLit-OA_processed/generic/acspolymersau/1c00054_si_ss1_5.corrected.mol	CCCC(C)(SC(=S)SC{[>][<]C[>][<]}C)C	[H]{[<][>]C[<][>]}CCSC(=S)SC(C)(C)CCC[H]
PolymerLit-OA_processed/generic/acspolymersau/1c00057_f1_1.corrected.mol	[H]{[>][<]OC(C)C(=O)[>][<]}OCC1C2C=CC(C2)C1	[H]O{[<][>]C(C)C(=O)O[<][>]}CC(C(C1)C=2)(CC1C=2)[H]
PolymerLit-OA_processed/generic/acspolymersau/1c00057_f1_2.corrected.mol	CC{[>][<]=C/C1CC(C(C1)C(=O)OCCC)/C=[>][<]}{[>][<]=C/C1CC(COC)C(C1)C=[>][<]}C	[H]CC{[<][>]CC(CC4C(OCCC)=O)CC4C[<][>]}C{[<][>]C(CC1COC)CC1CC[<][>]}[H]
PolymerLit-OA_processed/generic/acspolymersau/1c00057_f1_3.corrected.mol	CCC(C){[>][<]CC(C)[>][<]}CCOC(C1C2C=CC(C2)C1)=O	[H]CCC(C)C{[<][>]C(C)C[<][>]}COC(=O)C(C(C1)C=2)(CC1C=2)[H]
PolymerLit-OA_processed/generic/acspolymersau/2c00001_f2_1.corrected.mol	[H]{[>][<][C@@]1(CC([O@@]C1=O)CCCCCC)C[>][<]}[C+1]1N(C)C(C)=C(C)N1C	[H]{[<][>]C(CC2CCCCCC)(C(=O)O2)C[<][>]}[c+](n(c1C)C)n(c1C)C[H]
PolymerLit-OA_processed/generic/acspolymersau/2c00001_f3_1.corrected.mol	[H]{[>][<][C@@]1(CC([O@@]C1=O)C1=CC[C@](CC1)C(=C)C)C[>][<]}[C+1]1N(C(=C(N1C(C)C)C)C)C(C)C	[H]{[<][>]C(CC2C(CC3)=CCC3C(=C)C)(C(=O)O2)C[<][>]}[c+](n(c1C)C(C)C)n(c1C)C(C)C[H]
PolymerLit-OA_processed/generic/acspolymersau/2c00001_s1_1.corrected.mol	C{[>][<]C[C@@]1(CC([O@@]C1=O)[R])[>][<]}C	C{[>][<]C[C@@]1(CC([O@@]C1=O)[R])[>][<]}C
PolymerLit-OA_processed/generic/acspolymersau/2c00001_s2_1.corrected.mol	C{[>][<][C@@]1(C(=O)[O@@]C(C1)CC(C)CC([H])C(C(C)C)SCCCCCCCC)C[>][<]}C	[H]C{[<][>]C(CC1CC(CCC(C(C)C)SCCCCCCCC)C)(C(=O)O1)C[<][>]}C[H]
PolymerLit-OA_processed/generic/acspolymersau/2c00001_s2_2.corrected.mol	C{[>][<]C[C@@]1(CC([O@@]C1=O)C1=CC[C@](CC1)C(=C)C)[>][<]}C	[H]C{[<][>]C(CC1C(CC2)=CCC2C(=C)C)(C(=O)O1)C[<][>]}C[H]
PolymerLit-OA_processed/generic/acspolymersau/2c00001_s2_3.corrected.mol	C{[>][<][C@@]1(C(=O)[O@@]C(C1)C1([H])C(C[C@](CC1)C(CSCCCCCCCC)(C)[H])SCCCCCCCC)C[>][<]}C	[H]C{[<][>]C(CC1C(C(SCCCCCCCC)C2)CCC2C(CSCCCCCCCC)C)(C(=O)O1)C[<][>]}C[H]
PolymerLit-OA_processed/generic/acspolymersau/2c00001_s2_4.corrected.mol	C{[>][<][C@@]1(CC([O@@]C1=O)CC(C)CC/C=C/(C)C)C[>][<]}C	C{[>][<][C@@]1(CC([O@@]C1=O)CC(C)CC/C=C/(C)C)C[>][<]}C
PolymerLit-OA_processed/generic/acspolymersau/2c00004_s1_1.corrected.mol	CC({[>][<]C(C1=CC=CC=C1)C[>][<]}SC(=S)SC)(C)C	[H]CSC(=S)S{[<][>]CC(c(cc1)ccc1)[<][>]}C(C)(C)C[H]
PolymerLit-OA_processed/generic/acspolymersau/2c00004_s1_2.corrected.mol	OC(C({[>][<]C(C1=CC=CC=C1)C[>],[<]C(C1=CC=C(C=C1)C(=O)[C@](N1C(C2=C(C1=O)C=CC=C2)=O)CC(C)C)C[>][<]}SC(=S)SC)(C)C)=O	[H]CSC(=S)S{[<][>]CC(c(cc1)ccc1)[<],[>]CC(c(cc2)ccc2C(C(N(C(=O)c2cc3)C(=O)c2cc3)CC(C)C)=O)[<][>]}C(C(=O)O)(C)C[H]
PolymerLit-OA_processed/generic/acspolymersau/2c00004_s1_3.corrected.mol	OC(C({[>][<]C(C1=CC=C(C=C1)C(=O)[C@](CC(C)C)N)C[>],[<]C(C1=CC=CC=C1)C[>][<]}SC(=S)SC)(C)C)=O	[H]CSC(=S)S{[<][>]CC(c(cc1)ccc1)[<],[>]CC(c(cc2)ccc2C(C(CC(C)C)N)=O)[<][>]}C(C(=O)O)(C)C[H]
PolymerLit-OA_processed/generic/acspolymersau/2c00005_f1_1.corrected.mol	C{[>][<]C1=CC({[>][<]C[>][<]}C(=O)[O-1])=C(S1)[>][<]}C.[K+1]	C{[>][<]C1=CC({[>][<]C[>][<]}C(=O)[O-1])=C(S1)[>][<]}C.[K+1]
PolymerLit-OA_processed/generic/acspolymersau/2c00005_si_fs10a_1.corrected.mol	C{[>][<]C=1SC(=C(CCCC(=O)C)C1)[>][<]}C	[H]C{[<][>]c(cc1CCCC(C)=O)sc1[<][>]}C[H]
PolymerLit-OA_processed/generic/acspolymersau/2c00005_si_fs10b_1.corrected.mol	C{[>][<]C1=CC(CCCCC(=O)C)=C(S1)[>][<]}C	[H]C{[<][>]c(cc1CCCCC(C)=O)sc1[<][>]}C[H]
PolymerLit-OA_processed/generic/acspolymersau/2c00005_si_fs10c_1.corrected.mol	C{[>][<]C=1SC(=C(CCCCCC(C)=O)C1)[>][<]}C	[H]C{[<][>]c(cc1CCCCCC(C)=O)sc1[<][>]}C[H]
PolymerLit-OA_processed/generic/acspolymersau/2c00005_si_fs10d_1.corrected.mol	C{[>][<]C=1SC(=CC1CCCCCCC(=O)C)[>][<]}C	[H]C{[<][>]c(cc1CCCCCCC(C)=O)sc1[<][>]}C[H]
PolymerLit-OA_processed/generic/acspolymersau/2c00013_s1_1.corrected.mol	O=C({[>][<]OC(C(=O)OCC)[>][<]}OCC1=C(C=CC=C1)C)C1=CC=C(C=C1)CC	[H]Cc(cc2)c(cc2)CO{[<][>]C(C(OCC)=O)O[<][>]}C(=O)c(cc1)ccc1CC[H]
PolymerLit-OA_processed/generic/acspolymersau/2c00013_s2_1.corrected.mol	C#CCO{[>][<]C(C(=O)NCCN(C)C)O[>][<]}C(C)(C1=CC=C(C=C1)[R])C	C#CCO{[>][<]C(C(=O)NCCN(C)C)O[>][<]}C(C)(C1=CC=C(C=C1)[R])C
PolymerLit-OA_processed/generic/acspolymersau/2c00013_s2_2.corrected.mol	C#CCO{[>][<]C(C(=O)OCC)O[>][<]}C(C)(C1=CC=C(C=C1)[R])C	C#CCO{[>][<]C(C(=O)OCC)O[>][<]}C(C)(C1=CC=C(C=C1)[R])C
PolymerLit-OA_processed/generic/acspolymersau/2c00013_s2_3.corrected.mol	C#CCO{[>][<]C(C(=O)NCCO)O[>][<]}C(C)(C1=CC=C(C=C1)[R])C	C#CCO{[>][<]C(C(=O)NCCO)O[>][<]}C(C)(C1=CC=C(C=C1)[R])C
PolymerLit-OA_processed/generic/acspolymersau/2c00013_s3_1.corrected.mol	[R]C1=CC=C(C=C1)C({[>][<]OC(C(=O)NCCN(C)C)[>][<]}OCC1=CN(N=N1)CC1=CC=C(C=C1)C({[>][<]OC(C(=O)OCC)[>][<]}OCC1=C(C=CC=C1)C)=O)(C)C	[R]C1=CC=C(C=C1)C({[>][<]OC(C(=O)NCCN(C)C)[>][<]}OCC1=CN(N=N1)CC1=CC=C(C=C1)C({[>][<]OC(C(=O)OCC)[>][<]}OCC1=C(C=CC=C1)C)=O)(C)C
PolymerLit-OA_processed/generic/acspolymersau/2c00013_s3_2.corrected.mol	[R]C1=CC=C(C=C1)C(C)(C){[>][<]OC(C(=O)NCCO)[>][<]}OCC1=CN(N=N1)CC1=CC=C(C=C1)C(=O){[>][<]OC(C(=O)OCC)[>][<]}OCC1=C(C=CC=C1)C	[R]C1=CC=C(C=C1)C(C)(C){[>][<]OC(C(=O)NCCO)[>][<]}OCC1=CN(N=N1)CC1=CC=C(C=C1)C(=O){[>][<]OC(C(=O)OCC)[>][<]}OCC1=C(C=CC=C1)C
PolymerLit-OA_processed/generic/acspolymersau/2c00013_si_fs13_1.corrected.mol	C#CCO{[>][<]C(C(=O)OCC)O[>][<]}C(C)(C1=CC=CC=C1)C	[H]CC(c(cc1)ccc1)(C)O{[<][>]C(C(OCC)=O)O[<][>]}CC#C[H]
PolymerLit-OA_processed/generic/acspolymersau/2c00013_si_fs14_1.corrected.mol	C#CCO{[>][<]C(C(=O)OCC)O[>][<]}C(C)(C1=CC=C(C=C1)OC)C	[H]COc(cc1)ccc1C(C)(C)O{[<][>]C(C(OCC)=O)O[<][>]}CC#C[H]
PolymerLit-OA_processed/generic/acspolymersau/2c00013_si_fs15_1.corrected.mol	C#CCO{[>][<]C(C(=O)NCCO)O[>][<]}C(C)(C)C	[H]CC(C)(C)O{[<][>]C(C(=O)NCCO)O[<][>]}CC#C[H]
PolymerLit-OA_processed/generic/acspolymersau/2c00013_si_fs16_1.corrected.mol	C#CCO{[>][<]C(C(=O)NCCO)O[>][<]}C(C)(C1=CC=C(C=C1)OC)C	[H]COc(cc1)ccc1C(C)(C)O{[<][>]C(C(=O)NCCO)O[<][>]}CC#C[H]
PolymerLit-OA_processed/generic/acspolymersau/2c00013_si_fs17_1.corrected.mol	C#CCO{[>][<]C(C(=O)NCCN(C)C)O[>][<]}C(C)(C)C	[H]CC(C)(C)O{[<][>]C(C(NCCN(C)C)=O)O[<][>]}CC#C[H]
PolymerLit-OA_processed/generic/acspolymersau/2c00013_si_fs18_1.corrected.mol	C#CCO{[>][<]C(C(=O)NCCN(C)C)O[>][<]}C(C)(C1=CC=C(C=C1)OC)C	[H]COc(cc1)ccc1C(C)(C)O{[<][>]C(C(NCCN(C)C)=O)O[<][>]}CC#C[H]
PolymerLit-OA_processed/generic/acspolymersau/2c00013_si_fs19_1.corrected.mol	CC1=C(C=CC=C1)CO{[>][<]C(C(=O)OCC)O[>][<]}C(C1=CC=C(C=C1)CN1C=C(N=N1)CO{[>][<]C(C(NCCO)=O)O[>][<]}C(C)(C)C)=O	[H]Cc(cc4)c(cc4)CO{[<][>]C(C(OCC)=O)O[<][>]}C(=O)c(cc2)ccc2Cn(nn1)cc1CO{[<][>]C(C(=O)NCCO)O[<][>]}C(C)(C)C[H]
PolymerLit-OA_processed/generic/acspolymersau/2c00013_si_fs20_1.corrected.mol	CC1=C(C=CC=C1)CO{[>][<]C(C(=O)OCC)O[>][<]}C(C1=CC=C(C=C1)CN1C=C(N=N1)CO{[>][<]C(C(NCCO)=O)O[>][<]}C(C1=CC=C(C=C1)OC)(C)C)=O	[H]Cc(cc8)c(cc8)CO{[<][>]C(C(OCC)=O)O[<][>]}C(=O)c(cc4)ccc4Cn(nn2)cc2CO{[<][>]C(C(=O)NCCO)O[<][>]}C(C)(C)c(cc1)ccc1OC[H]
PolymerLit-OA_processed/generic/acspolymersau/2c00013_si_fs21_1.corrected.mol	CC1=C(C=CC=C1)CO{[>][<]C(C(=O)OCC)O[>][<]}C(C1=CC=C(C=C1)CN1C=C(N=N1)CO{[>][<]C(C(NCCN(C)C)=O)O[>][<]}C(C)(C)C)=O	[H]Cc(cc4)c(cc4)CO{[<][>]C(C(OCC)=O)O[<][>]}C(=O)c(cc2)ccc2Cn(nn1)cc1CO{[<][>]C(C(NCCN(C)C)=O)O[<][>]}C(C)(C)C[H]
PolymerLit-OA_processed/generic/acspolymersau/2c00013_si_fs22_1.corrected.mol	CC1=C(C=CC=C1)CO{[>][<]C(C(=O)OCC)O[>][<]}C(C1=CC=C(C=C1)CN1C=C(N=N1)CO{[>][<]C(C(NCCN(C)C)=O)O[>][<]}C(C1=CC=C(C=C1)OC)(C)C)=O	[H]Cc(cc8)c(cc8)CO{[<][>]C(C(OCC)=O)O[<][>]}C(=O)c(cc4)ccc4Cn(nn2)cc2CO{[<][>]C(C(NCCN(C)C)=O)O[<][>]}C(C)(C)c(cc1)ccc1OC[H]
PolymerLit-OA_processed/generic/acspolymersau/2c00014_s1_1.corrected.mol	CC1(C(OCC2=CN(/N=N\2)C(CC(C{[>][<]C(C2=CC=CC=C2)C[>][<]}1)C2=CC=CC=C2)C2=CC=CC=C2)=O)C	{[][>]CC(c(cc8)ccc8)[<],[>]CC(c(cc4)ccc4)CC(c(cc2)ccc2)n(nn1)cc1COC(=O)C(C)(C)[<][]}
PolymerLit-OA_processed/generic/acspolymersau/2c00014_s1_2.corrected.mol	C#CCOC(C({[>][<]CC(C1=CC=CC=C1)[>][<]}CC(C1=CC=CC=C1)C)(C)C)=O	[H]CC(c(cc1)ccc1)C{[<][>]C(c(cc1)ccc1)C[<][>]}C(C)(C)C(=O)OCC#C[H]
PolymerLit-OA_processed/generic/acspolymersau/2c00014_s1_3.corrected.mol	C#CCOC(C({[>][<]CC(C1=CC=CC=C1)[>][<]}CC(C1=CC=CC=C1)Br)(C)C)=O	[H]C#CCOC(=O)C(C)(C){[<][>]C(c(cc2)ccc2)C[<][>]}CC(c(cc1)ccc1)Br
PolymerLit-OA_processed/generic/acspolymersau/2c00017_f1_1.corrected.mol	[H]{[>][<]OCC(C)(C(=O)OCC1=CC=CC=C1)COC(=O)[>][<]}OCC1=CC=CC=C1	[H]c(cc1)c(cc1)CO{[<][>]C(=O)OCC(C(=O)OCc(cc2)ccc2)(C)CO[<][>]}[H]
PolymerLit-OA_processed/generic/acspolymersau/2c00017_f1_2.corrected.mol	[R]CO{[>][<]C(=O)OCC(C)(C(=O)OCC1=CC=CC=C1)CO[>][<]}[H]	[R]CO{[>][<]C(=O)OCC(C)(C(=O)OCC1=CC=CC=C1)CO[>][<]}[H]
PolymerLit-OA_processed/generic/acspolymersau/2c00017_f2_1.corrected.mol	CO{[>][<]CCO[>][<]}CCO[H]	[H]OCCOC{[<][>]COC[<][>]}[H]
PolymerLit-OA_processed/generic/acspolymersau/2c00017_f2_2.corrected.mol	CO{[>][<]CCO[>][<]}CCOC(C1(COC(OC1)=O)C)=O	[H]COCCO{[<][>]CCO[<][>]}C(=O)C(COC1=O)(CO1)C[H]
PolymerLit-OA_processed/generic/acspolymersau/2c00017_f4_1.corrected.mol	C{[>][<]OCC[>][<]}{[>][<]OC(=O)OCC(C)(C(=O)OCC1=CC=CC=C1)C[>][<]}O	[H]O{[<][>]CC(C(=O)OCc(cc1)ccc1)(C)COC(=O)O[<][>]}C{[<][>]COC[<][>]}[H]
PolymerLit-OA_processed/generic/acspolymersau/2c00017_f4_2.corrected.mol	C{[>][<]OCC[>][<]}O	[H]OC{[<][>]COC[<][>]}[H]
PolymerLit-OA_processed/generic/acspolymersau/2c00017_f4_3.corrected.mol	C{[>][<]OCC[>][<]}{[>][<]OC(=O)OCC(C)(C(=O)OC1=C(C(=C(C(=C1F)F)F)F)F)C[>][<]}O	[H]O{[<][>]CC(C(=O)Oc(c(F)c1F)c(F)c(F)c1F)(C)COC(=O)O[<][>]}C{[<][>]COC[<][>]}[H]
PolymerLit-OA_processed/generic/acspolymersau/2c00017_si_fs12_1.corrected.mol	[R]CO{[>][<]C(=O)OCC(C)(C(=O)OC1=C(C(=C(C(=C1F)F)F)F)F)CO[>][<]}[H]	[R]CO{[>][<]C(=O)OCC(C)(C(=O)OC1=C(C(=C(C(=C1F)F)F)F)F)CO[>][<]}[H]
PolymerLit-OA_processed/generic/acspolymersau/2c00017_si_fs1_1.corrected.mol	O{[>][<]CC(C)(C(=O)OCC1=CC=CC=C1)COC(=O)O[>][<]}CCCCC=1C=C/C2=C/C=C/3/C=C\C=C/4C3[C+1]2C1/C=C\4	O{[>][<]CC(C)(C(=O)OCC1=CC=CC=C1)COC(=O)O[>][<]}CCCCC=1C=C/C2=C/C=C/3/C=C\C=C/4C3[C+1]2C1/C=C\4
PolymerLit-OA_processed/generic/acspolymersau/2c00017_si_fs1_2.corrected.mol	O{[>][<]CC(C)(C(=O)OCC1=CC=CC=C1)COC(=O)O[>][<]}CCCCC=1C=C/C2=C/C=C/3/C=C\C=C/4C3=C2C1/C=C\4	O{[>][<]CC(C)(C(=O)OCC1=CC=CC=C1)COC(=O)O[>][<]}CCCCC=1C=C/C2=C/C=C/3/C=C\C=C/4C3=C2C1/C=C\4
PolymerLit-OA_processed/generic/acspolymersau/2c00017_si_fs1_3.corrected.mol	O{[>][<]CC(C)(C(OCC1=CC=CC=C1)=O)COC(=O)O[>][<]}CCCCC=1C=C/C2=C/C=C/3/C=C\C=C/4C3[C+1]2C1/C=C\4	O{[>][<]CC(C)(C(OCC1=CC=CC=C1)=O)COC(=O)O[>][<]}CCCCC=1C=C/C2=C/C=C/3/C=C\C=C/4C3[C+1]2C1/C=C\4
PolymerLit-OA_processed/generic/acspolymersau/2c00017_si_fs1_4.corrected.mol	CC1(COC1=O)COC(O{[>][<]CC(C)(C(=O)OCC1=CC=CC=C1)COC(=O)O[>][<]}CC1=CC=CC=C1)=O	[H]c(cc2)c(cc2)COC(=O)OC{[<][>]C(C(=O)OCc(cc4)ccc4)(C)COC(=O)OC[<][>]}C(C1=O)(CO1)C[H]
PolymerLit-OA_processed/generic/acspolymersau/2c00017_si_fs1_5.corrected.mol	OCC(C(=O)OCC1=CC=CC=C1)(C{[>][<]OC(=O)OCC(C)(C(=O)OCC1=CC=CC=C1)C[>][<]}OC(=O)OCC1(COC1=O)C)C	[H]c(cc2)c(cc2)COC(=O)C(CO)(C)C{[<][>]CC(C(=O)OCc(cc4)ccc4)(C)COC(=O)O[<][>]}OC(=O)OCC(C1=O)(CO1)C[H]
PolymerLit-OA_processed/generic/acspolymersau/2c00017_si_fs1_6.corrected.mol	O{[>][<]CC(C)(C(=O)OCC1=CC=CC=C1)COC(=O)O[>][<]}CC1=CC=CC=C1	[H]c(cc1)c(cc1)CO{[<][>]C(=O)OCC(C(=O)OCc(cc2)ccc2)(C)CO[<][>]}[H]
PolymerLit-OA_processed/generic/acspolymersau/2c00017_si_fs1_7.corrected.mol	OCC(C(=O)OCC1=CC=CC=C1)(C{[>][<]OC(=O)OCC(C)(C(=O)OCC1=CC=CC=C1)C[>][<]}O)C	[H]c(cc1)c(cc1)COC(=O)C(CO)(C)C{[<][>]CC(C(=O)OCc(cc2)ccc2)(C)COC(=O)O[<][>]}O[H]
PolymerLit-OA_processed/generic/acspolymersau/2c00017_si_fs1_8.corrected.mol	CC1(COC1=O)COC(O{[>][<]CC(C)(C(=O)OCC1=CC=CC=C1)COC(=O)O[>][<]}CCCCC=1C=C/C2=C/C=C/3/C=C\C=C/4C3[C+1]2C1/C=C\4)=O	CC1(COC1=O)COC(O{[>][<]CC(C)(C(=O)OCC1=CC=CC=C1)COC(=O)O[>][<]}CCCCC=1C=C/C2=C/C=C/3/C=C\C=C/4C3[C+1]2C1/C=C\4)=O
PolymerLit-OA_processed/generic/acspolymersau/2c00017_si_fs1_9.corrected.mol	O=C(O{[>][<]CC(C)(C(=O)OCC1=CC=CC=C1)COC(=O)O[>][<]}CCCCC=1C=C/C2=C/C=C/3/C=C\C=C/4C3=C2C1/C=C\4)OCC1(C)COC1=O	O=C(O{[>][<]CC(C)(C(=O)OCC1=CC=CC=C1)COC(=O)O[>][<]}CCCCC=1C=C/C2=C/C=C/3/C=C\C=C/4C3=C2C1/C=C\4)OCC1(C)COC1=O
PolymerLit-OA_processed/generic/acspolymersau/2c00017_si_fs5_1.corrected.mol	O{[>][<]CC(C)(C(=O)OCC1=CC=CC=C1)COC(=O)O[>][<]}CCCCC=1C=C/C2=C/C=C/3/C=C\C=C/4C3[C+1]2C1/C=C\4	O{[>][<]CC(C)(C(=O)OCC1=CC=CC=C1)COC(=O)O[>][<]}CCCCC=1C=C/C2=C/C=C/3/C=C\C=C/4C3[C+1]2C1/C=C\4
PolymerLit-OA_processed/generic/acspolymersau/2c00017_si_fs5_2.corrected.mol	O{[>][<]CC(C)(C(=O)OCC1=CC=CC=C1)COC(=O)O[>][<]}CCCCC=1C=C/C2=C/C=C/3/C=C\C=C/4C3=C2C1/C=C\4	O{[>][<]CC(C)(C(=O)OCC1=CC=CC=C1)COC(=O)O[>][<]}CCCCC=1C=C/C2=C/C=C/3/C=C\C=C/4C3=C2C1/C=C\4
PolymerLit-OA_processed/generic/acspolymersau/2c00017_si_fs9_1.corrected.mol	[H]{[>][<]OCC(C)(C(=O)OC1=C(C(=C(C(=C1F)F)F)F)F)COC(=O)[>][<]}OCCCCC=1C=C/C2=C/C=C/3/C=C\C=C/4C3[C+1]2C1/C=C\4	[H]{[>][<]OCC(C)(C(=O)OC1=C(C(=C(C(=C1F)F)F)F)F)COC(=O)[>][<]}OCCCCC=1C=C/C2=C/C=C/3/C=C\C=C/4C3[C+1]2C1/C=C\4
PolymerLit-OA_processed/generic/acspolymersau/2c00017_si_fs9_2.corrected.mol	[H]{[>][<]OCC(C)(C(=O)OC1=C(C(=C(C(=C1F)F)F)F)F)COC(=O)[>][<]}OCCCCC=1C=C/C2=C/C=C/3/C=C\C=C/4C3=C2C1/C=C\4	[H]{[>][<]OCC(C)(C(=O)OC1=C(C(=C(C(=C1F)F)F)F)F)COC(=O)[>][<]}OCCCCC=1C=C/C2=C/C=C/3/C=C\C=C/4C3=C2C1/C=C\4
PolymerLit-OA_processed/generic/acspolymersau/2c00019_f1_1.corrected.mol	C{[>][<]CCCCOC(=O)C1=CC=C(C=C1)C(=O)O[>],[<]C{[>][<]C[>][<]}C1C({[>][<]C[>][<]}C)C({[>][<]C[>][<]}C)CCC1{[>][<]C[>][<]}COC(=O)C2=CC=C(C=C2)C(=O)O[>][<]}C	C{[>][<]CCCCOC(=O)C1=CC=C(C=C1)C(=O)O[>],[<]C{[>][<]C[>][<]}C1C({[>][<]C[>][<]}C)C({[>][<]C[>][<]}C)CCC1{[>][<]C[>][<]}COC(=O)C2=CC=C(C=C2)C(=O)O[>][<]}C
PolymerLit-OA_processed/generic/acspolymersau/2c00019_f1_2.corrected.mol	C{[>][<]C{[>][<]C[>][<]}C1C(CCC({[>][<]C[>][<]}C)C1{[>][<]C[>][<]}C){[>][<]C[>][<]}COC(=O)C2=CC=C(C=C2)C(=O)O[>],[<]CCOC(=O)C2=CC=C(C=C2)C(=O)O[>][<]}C	C{[>][<]C{[>][<]C[>][<]}C1C(CCC({[>][<]C[>][<]}C)C1{[>][<]C[>][<]}C){[>][<]C[>][<]}COC(=O)C2=CC=C(C=C2)C(=O)O[>],[<]CCOC(=O)C2=CC=C(C=C2)C(=O)O[>][<]}C
PolymerLit-OA_processed/generic/acspolymersau/2c00019_s1_1.corrected.mol	OC{[>][<]C[>][<]}C1C({[>][<]C[>][<]}CO)CCC({[>][<]C[>][<]}C)C1{[>][<]C[>][<]}C	[H]O{[<][>]C[<][>]}CC(CC1)C({[<][>]C[<][>]}C[H])C({[<][>]C[<][>]}C[H])C1{[<][>]C[<][>]}CO[H]
PolymerLit-OA_processed/generic/acspolymersau/2c00019_s1_2.corrected.mol	C{[>][<]CCOC(=O)C1=CC=C(C=C1)C(=O)O[>][<]}C	[H]C{[<][>]OC(=O)c(cc1)ccc1C(=O)OCC[<][>]}C[H]
PolymerLit-OA_processed/generic/acspolymersau/2c00023_si_fs6_1.corrected.mol	CC(C)(C{[>][<]C(C(=O)OC(C)(C)C)C[>][<]}C(C(OC(C)(C)C)=O)Br)C(=O)OCCSSCCOC(=O)C(C)(C)C{[>][<]C(C(=O)OC(C)(C)C)C[>][<]}C(Br)C(=O)OC(C)(C)C	[H]CC(C)(C)OC(=O)C(Br){[<][>]C(C(OC(C)(C)C)=O)C[<][>]}CC(C)(C)C(=O)OCCSSCCOC(=O)C(C)(C)C{[<][>]CC(C(OC(C)(C)C)=O)[<][>]}C(Br)C(=O)OC(C)(C)C[H]
PolymerLit-OA_processed/generic/acspolymersau/2c00026_f6_1.corrected.mol	C{[>][<]CC(C1=CC=CC=C1)[>][<]}C	[H]C{[<][>]C(c(cc1)ccc1)C[<][>]}C[H]
PolymerLit-OA_processed/generic/acspolymersau/2c00026_f6_2.corrected.mol	C{[>][<][Si](C)(C)O[>][<]}C	[H]C{[<][>][Si](C)(C)O[<][>]}C[H]
PolymerLit-OA_processed/generic/acspolymersau/2c00026_f6_3.corrected.mol	C{[>][<][Si](C)(C)O[>][<]}[R]N1C=C[N+1]=C1	C{[>][<][Si](C)(C)O[>][<]}[R]N1C=C[N+1]=C1
PolymerLit-OA_processed/generic/acspolymersau/2c00026_f6_4.corrected.mol	C{[>][<]CC(C1=CC=CC=C1)[>][<]}CCCC	[H]CC{[<][>]C(c(cc1)ccc1)C[<][>]}CCC[H]
PolymerLit-OA_processed/generic/acspolymersau/2c00026_f8_1.corrected.mol	CSC(=S)S{[>][<]C(C(=O)OCCCC)C[>][<]}{[>][<]CC(C(=O)OCCCS(=O)(=O)[N-1]S(=O)(=O)C)[>][<]}C(C)(C)C	{[][>1]CC(C(OCCCS([N-]S(C)(=O)=O)(=O)=O)=O)[<1];[H]CSC(=S)S[<1],[H]CSC(=S)SC(C(OCCCC)=O){[<][>]CC(C(OCCCC)=O)[<][>]}C[<1],[>1]C(C)(C)C[H][]}
PolymerLit-OA_processed/generic/acspolymersau/2c00026_f8_2.corrected.mol	C{[>][<][Si](C)(CCSCC)O[>][<]}{[>][<][Si](C)(CCSCCCC(=O)NCCCN1C=C[N+1](=C1)C)O[>][<]}C	{[][>1][Si](C)(CCSCCCC(NCCCn(c[n+]1C)cc1)=O)O[<1];[H]C[<1],[H]C[Si](C)(CCSCC){[<][>]O[Si](C)(CCSCC)[<][>]}O[<1],[>1]C[H][]}
PolymerLit-OA_processed/generic/acspolymersau/2c00027_f1_1.corrected.mol	[H]O{[>][<]CCO[>][<]}C	[H]OC{[<][>]COC[<][>]}[H]
PolymerLit-OA_processed/generic/acspolymersau/2c00027_f1_2.corrected.mol	[H]{[>][<]O[C@@](C)C(=O)[>][<]}O{[>][<]CCO[>][<]}C	[H]O{[<][>]C(C)C(=O)O[<][>]}C{[<][>]COC[<][>]}[H]
PolymerLit-OA_processed/generic/acspolymersau/2c00028_f1_1.corrected.mol	CC({[>][<]CC(C)(C(=O)OCCSC)[>][<]}SC(=S)SC)(C)C	[H]CSC(=S)S{[<][>]C(C)(C(OCCSC)=O)C[<][>]}C(C)(C)C[H]
PolymerLit-OA_processed/generic/acspolymersau/2c00028_f1_2.corrected.mol	CC({[>][<]CC(C)(C(=O)OCCS(=O)C)[>][<]})(C)C	[H]{[<][>]C(C)(C(OCCS(C)=O)=O)C[<][>]}C(C)(C)C[H]
PolymerLit-OA_processed/generic/acspolymersau/2c00028_f1_3.corrected.mol	CC({[>][<]CC(C)(C(=O)OCC[N@@+1](C)([O-1])C)[>][<]})(C)C	[H]{[<][>]C(C(=O)OCC[N+](C)(C)[O-])(C)C[<][>]}C(C)(C)C[H]
PolymerLit-OA_processed/generic/acspolymersau/2c00028_f1_4.corrected.mol	CC({[>][<]CC(C)(C(=O)OCCN(C)C)[>][<]}SC(=S)SC)(C)C	[H]CSC(=S)S{[<][>]C(C)(C(OCCN(C)C)=O)C[<][>]}C(C)(C)C[H]
PolymerLit-OA_processed/generic/acspolymersau/2c00028_f3_1.corrected.mol	CC({[>][<]CC(C)(C(=O)OCCS(=O)C)[>][<]})(C)C	[H]{[<][>]C(C)(C(OCCS(C)=O)=O)C[<][>]}C(C)(C)C[H]
PolymerLit-OA_processed/generic/acspolymersau/2c00028_f3_2.corrected.mol	CC({[>][<]CC(C)(C(=O)OCCS(=O)C)[>],[<]C(C)(C(=O)OCCS(=O)(=O)C)C[>][<]}C)(C)C	[H]C{[<][>]C(C)(C(OCCS(C)=O)=O)C[<],[>]CC(C(=O)OCCS(C)(=O)=O)(C)[<][>]}C(C)(C)C[H]
PolymerLit-OA_processed/generic/acspolymersau/2c00028_si_fs10_1.corrected.mol	OC(CCC({[>][<]CC(C)(C(=O)OCCS(=O)(=O)C)[>][<]}SC1=CC(N(C1=O)C1=CC2=C(C3(OC2=O)C2=C(OC4=CC(=CC=C34)O)C=C(C=C2)O)C=C1)=O)(C)C)=O	[H]OC(=O)CCC(C)(C){[<][>]C(C(=O)OCCS(C)(=O)=O)(C)C[<][>]}SC(=CC3=O)C(=O)N3c(cc1C(O2)=O)ccc1C2(c(c(O1)c2)ccc2O)c(ccc2O[H])c1c2
PolymerLit-OA_processed/generic/acspolymersau/2c00028_si_fs10_2.corrected.mol	OC(=O)CCC({[>][<]CC(C(=O)OCCS(=O)(=O)C)(C)[>][<]}S)(C)C	[H]S{[<][>]C(C(=O)OCCS(C)(=O)=O)(C)C[<][>]}C(C)(C)CCC(=O)O[H]
PolymerLit-OA_processed/generic/acspolymersau/2c00030_f1_1.corrected.mol	C{[>][<]C1=CC=C(C(=C1)C)S[>][<]}{[>][<]C1=CC=C(C)C(=C1)S[>][<]}{[>][<]CC1=CC(=CC=C1C)[>][<]}{[>][<]SC1=CC=C(C=C1C)[>][<]}C	{[][>1]Sc(c(c8)C)ccc8[<1];[H]C{[<][>]c(cc2)cc(C)c2S[<][>]}{[<][>]c(ccc4C)cc4S[<][>]}[<1],[H]C{[<][>]c(cc2)cc(C)c2S[<][>]}{[<][>]c(ccc4C)cc4S[<][>]}C{[<][>]c(c(c%16)C)cc(c%16)C[<][>]}c(c(c%16)C)cc(c%16)[<1],[>1]C[H][]}
PolymerLit-OA_processed/generic/acspolymersau/2c00030_f1_2.corrected.mol	C{[>][<]SC=1C(C)=CC=C(C1)[>][<]}{[>][<]C=1C=C(C)C(=CC1)S[>][<]}C	{[][>1]c(ccc1C)cc1S[<1];[H]C[<1],[H]CS{[<][>]c(c(c4)C)ccc4S[<][>]}c(c(c2)C)ccc2[<1],[>1]C[H][]}
PolymerLit-OA_processed/generic/acspolymersau/2c00030_f1_3.corrected.mol	C{[>][<]C1=CC=C(C(=C1)O)S[>][<]}{[>][<]C1=CC=C(C)C(=C1)S[>][<]}C	{[][>1]c(ccc1C)cc1S[<1];[H]C[<1],[H]Cc(cc4)cc(O)c4{[<][>]Sc(cc4)cc(O)c4[<][>]}S[<1],[>1]C[H][]}
PolymerLit-OA_processed/generic/acspolymersau/2c00030_f1_4.corrected.mol	C{[>][<]C1=CC=C(C)C(=C1)S[>][<]}{[>][<]SC1=CC(=CC=C1C)[>][<]}C	{[][>1]Sc(c(c2)C)cc(c2)[<1];[H]C[<1],[H]Cc(ccc1C)cc1{[<][>]Sc(ccc1C)cc1[<][>]}S[<1],[>1]C[H][]}
PolymerLit-OA_processed/generic/acspolymersau/2c00030_f2_1.corrected.mol	C{[>][<]SC=1C(S(=O)C)=C([H])C(=CC1)[>][<]}C	[H]C{[<][>]c(cc1)cc(S(C)=O)c1S[<][>]}C[H]
PolymerLit-OA_processed/generic/acspolymersau/2c00030_f2_2.corrected.mol	C{[>][<]C1=CC=C(C)C(=C1)S[>][<]}C	[H]C{[<][>]c(ccc1C)cc1S[<][>]}C[H]
PolymerLit-OA_processed/generic/acspolymersau/2c00030_f2_3.corrected.mol	C{[>][<]SC=1C(S(=O)C)=C([H])C([H])=C(C1)[>][<]}C	[H]C{[<][>]c(ccc1S(C)=O)cc1S[<][>]}C[H]
PolymerLit-OA_processed/generic/acspolymersau/2c00030_si_ps5_1.corrected.mol	CC=1C(=CC=CC1)S{[>][<]SC=1C(C)=CC=C(C1)[>][<]}C	[H]C{[<][>]c(ccc2C)cc2S[<][>]}Sc(cc1)c(cc1)C[H]
PolymerLit-OA_processed/generic/acspolymersau/2c00030_si_ps6_1.corrected.mol	C{[>][<]C1=CC=C(S(=O)C)C(=C1)S[>][<]}C	[H]C{[<][>]c(ccc1S(C)=O)cc1S[<][>]}C[H]
PolymerLit-OA_processed/generic/acspolymersau/2c00030_si_ps6_2.corrected.mol	C{[>][<]C1=CC=C(C)C(=C1)S[>][<]}C	[H]C{[<][>]c(ccc1C)cc1S[<][>]}C[H]
PolymerLit-OA_processed/generic/acspolymersau/2c00030_si_ps7_1.corrected.mol	CC=1C(=CC=CC1)S{[>][<]C1=CC=C(C)C(=C1)S[>][<]}{[>][<]SC=1C(C)=CC(=CC1)[>][<]}C	[H]c(ccc1C)cc1{[<][>]Sc(ccc1C)cc1[<][>]}S{[<][>]Sc(c(c2)C)ccc2[<][>]}C[H]
PolymerLit-OA_processed/generic/acspolymersau/2c00030_si_ps8_1.corrected.mol	C{[>][<]C1=CC=C(C=C1)S[>][<]}{[>][<]SC=1C(C)=CC(=CC1)[>][<]}C	{[][>1]Sc(c(c2)C)ccc2[<1];[H]C[<1],[H]Cc(cc1)ccc1{[<][>]Sc(cc1)ccc1[<][>]}S[<1],[>1]C[H][]}
PolymerLit-OA_processed/generic/acspolymersau/2c00032_s1_1.corrected.mol	OC([C@@](O{[>][<][C@@]1OC(CO)[C@@](C(O)C1O)O[>][<]}[H])C(CO)O)C(O)/[C@@]=N/OCC(=O)NCCOCCOCCNC(=O)[C@@](CC1=CC=CC=C1)NC(=O)[C@](CC1=CC=CC=C1)NC(=O)[C@@](CC1=CC=CC=C1)NC(=O)CO/N=[C@@]\C(O)C(O)[C@@](C(CO)O)O{[>][<][C@@]1C(O)C(O)[C@@](C(CO)O1)O[>][<]}[H]	[H]{[<][>]C(C(O)C8O)OC(CO)C8O[<][>]}OC(C(CO)O)C(O)C(O)/C=N\OCC(=O)NC(Cc(cc4)ccc4)C(=O)NC(Cc(cc2)ccc2)C(=O)NC(Cc(cc1)ccc1)C(=O)NCCOCCOCCNC(=O)CO\N=C\C(O)C(O)C(C(CO)O)O{[<][>]OC(C(O%16)CO)C(O)C(O)C%16[<][>]}[H]
PolymerLit-OA_processed/generic/acspolymersau/2c00032_s1_2.corrected.mol	[H]{[>][<]O[C@@]1C(CO)O[C@@](C(C1O)O)[>][<]}O[C@@]1C(CO)O[C@@](O)C(O)C1O	[H]OC(C(O)C1O)OC(CO)C1O{[<][>]C(C(O)C1O)OC(CO)C1O[<][>]}[H]
PolymerLit-OA_processed/generic/acspolymersau/2c00032_s2_1.corrected.mol	failed to obtain BigSMILES	failed to obtain BigSMILES
PolymerLit-OA_processed/generic/acspolymersau/2c00032_s2_2.corrected.mol	[N+1][C@](CC1=CC=CC=C1)C(N[C@@](CC1=CC=CC=C1)C(=O)N[C@](CC1=CC=CC=C1)C(=O)NCCCCCC(=O)NC(CO{[>][<]CCO[>][<]}C)(CO{[>][<]CCO[>][<]}C)CO{[>][<]CCO[>][<]}C)=O	[H]C{[<][>]CCO[<][>]}OCC(NC(CCCCCNC(C(NC(C(NC(C([NH3+])Cc(cc1)ccc1)=O)Cc(cc1)ccc1)=O)Cc(cc1)ccc1)=O)=O)(COC{[<][>]COC[<][>]}[H])COC{[<][>]COC[<][>]}[H]
PolymerLit-OA_processed/generic/acspolymersau/2c00032_si_ps10_1.corrected.mol	failed to obtain BigSMILES	failed to obtain BigSMILES
PolymerLit-OA_processed/generic/acspolymersau/2c00032_si_ps12_1.corrected.mol	failed to obtain BigSMILES	failed to obtain BigSMILES
PolymerLit-OA_processed/generic/acspolymersau/2c00032_si_ps8_1.corrected.mol	failed to obtain BigSMILES	failed to obtain BigSMILES
PolymerLit-OA_processed/generic/acspolymersau/2c00032_si_ps8_2.corrected.mol	failed to obtain BigSMILES	failed to obtain BigSMILES
PolymerLit-OA_processed/generic/acspolymersau/2c00034_f1_1.corrected.mol	C{[>][<]C=1SC2=C(C1)C(C)(C)C1=C2C=C2C(=C1)C1=C(C2(C)C)C=C(S1)C1=C2C(=O)N(C)C(=O)C2=C(S1)[>][<]}C	[H]C{[<][>]c(cc3C4(C)C)sc3-c(c4c3)cc(c3-c3sc4c(c(C(N1C)=O)c2C1=O)sc2[<])C(C)(C)c3c4[>]}C[H]
PolymerLit-OA_processed/generic/acspolymersau/2c00034_f1_2.corrected.mol	C{[>][<]C=1SC2=C(C1)C(C)(C)C1=C2C=C2C(=C1)C1=C(C2(C)C)C=C(S1)C1=C2C(=O)N(CCCCCCCC)C(=O)C2=C(S1)[>][<]}C	[H]C{[<][>]c(cc3C4(C)C)sc3-c(c4c3)cc(c3-c3sc4c(c(C(N1CCCCCCCC)=O)c2C1=O)sc2[<])C(C)(C)c3c4[>]}C[H]
PolymerLit-OA_processed/generic/acspolymersau/2c00034_f1_3.corrected.mol	C{[>][<]C1=CC=C(C=2C1=NSN2)C1=CC2=C(S1)C=1C(C2(C)C)=CC2=C(C1)C(C)(C)C1=C2SC(=C1)[>][<]}C	[H]C{[<][>]c(cc3C4(C)C)sc3-c(c4c3)cc(c3-c3sc4c(cc1)c(ns2)c(n2)c1[<])C(C)(C)c3c4[>]}C[H]
PolymerLit-OA_processed/generic/acspolymersau/2c00034_f1_4.corrected.mol	C{[>][<]C=1SC2=C(C1)C(C)(C)C1=C2C=C2C(=C1)C1=C(C2(C)C)C=C(S1)C1=C2C(=O)N(CCC(CCCCC)CCCCC)C(=O)C2=C(S1)[>][<]}C	[H]C{[<][>]c(cc3C4(C)C)sc3-c(c4c3)cc(c3-c3sc4c(c(C(N1CCC(CCCCC)CCCCC)=O)c2C1=O)sc2[<])C(C)(C)c3c4[>]}C[H]
PolymerLit-OA_processed/generic/acspolymersau/2c00034_f1_5.corrected.mol	C{[>][<]C=1SC2=C(C1)C(C)(C)C1=C2C=C2C(=C1)C1=C(C2(C)C)C=C(S1)C1=CC=C(C2=NSN=C12)[>][<]}C	[H]C{[<][>]c(cc3C4(C)C)sc3-c(c4c3)cc(c3-c3sc4c(cc1)c(ns2)c(n2)c1[<])C(C)(C)c3c4[>]}C[H]
PolymerLit-OA_processed/generic/acspolymersau/2c00035_s1_1.corrected.mol	C{[>][<]C(=O)C1=CC=C(O1)C(=O)O{[>][<]C[>][<]}O[>][<]}C	{[][>1]C[<1],[>1]OC(=O)c(cc1)oc1C(=O)O[<1];[H]CO[<1],[H]CC[H],[H]CC[H],[>1]OC(=O)c(cc1)oc1C(=O)C[H][]}
PolymerLit-OA_processed/generic/acspolymersau/2c00035_s1_2.corrected.mol	O{[>][<]C[>][<]}O	[H]O{[<][>]C[<][>]}O[H]
PolymerLit-OA_processed/generic/acspolymersau/2c00036_f1_1.corrected.mol	{[][<]C(=O)CN([R])[>][]}	{[][<]C(=O)CN([R])[>][]}
PolymerLit-OA_processed/generic/acspolymersau/2c00036_f2_1.corrected.mol	{[][<]CCO[>][<]}C	{[][>]CCO[<][>]}C[H]
PolymerLit-OA_processed/generic/acspolymersau/2c00036_f2_2.corrected.mol	C{[>][<]C[>][<]}C	[H]{[<][>]C[<][>]}CC[H]
PolymerLit-OA_processed/generic/acspolymersau/2c00036_f3_1.corrected.mol	N{[>][<]OCCCCCC(=O)[>][<]}OCC1=CC=CC=C1	[H]c(cc1)c(cc1)CO{[<][>]C(=O)CCCCCO[<][>]}N[H]
PolymerLit-OA_processed/generic/acspolymersau/2c00036_f3_2.corrected.mol	CO{[>][<]CCO[>][<]}CCN	[H]NCCOC{[<][>]COC[<][>]}[H]
PolymerLit-OA_processed/generic/acspolymersau/2c00038_s1_1.corrected.mol	failed to obtain BigSMILES	failed to obtain BigSMILES
PolymerLit-OA_processed/generic/acspolymersau/2c00038_s1_2.corrected.mol	CSC(SC(C)(C)CCC(=O)OCC{[>][<]OCC[>][<]}OC(=O)CCC(C)(C)SC(=S)SC)=S	[H]CSC(=S)SC(C)(C)CCC(=O)OCC{[<][>]CCO[<][>]}OC(=O)CCC(C)(C)SC(=S)SC[H]
PolymerLit-OA_processed/generic/acspolymersau/2c00044_f1_1.corrected.mol	CN1C(=NC2=C1C=CC=C2)C=1N=C(C=2N(C)C3=C(N2)C=CC=C3)C=C(C1)O{[>][<]CC[>][<]}COC1=CC(=CC(=C1)OC{[>][<]CC[>][<]}OC1=CC(=NC(=C1)C1=NC2=C(N1C)C=CC=C2)C1=NC2=C(N1C)C=CC=C2)OC{[>][<]CC[>][<]}OC1=CC(C2=NC3=C(N2C)C=CC=C3)=NC(=C1)C1=NC2=C(C=CC=C2)N1C	[H]CN(C(C%14C=C%15)C=C%15)C(=N%14)c(nc%14C(=NC%15C=C%16)N(C)C%15C=C%16)cc(c%14)OC{[<][>]CC[<][>]}Oc(cc(OC{[<][>]CC[<][>]}Oc(cc(C(=NC3C=C4)N(C)C3C=C4)n3)cc3C(=NC1C=C2)N(C1C=C2)C[H])c7)cc7OC{[<][>]CC[<][>]}Oc(cc(C(=NC3C=C4)N(C)C3C=C4)n3)cc3C(=NC1C=C2)N(C1C=C2)C[H]
PolymerLit-OA_processed/generic/acspolymersau/2c00044_f1_2.corrected.mol	CC(C){[>][<]C[>][<]}COC(=O)C1=CC=CC=C1C(OC{[>][<]C[>][<]}C(C)C)=O	[H]CC(C){[<][>]C[<][>]}COC(=O)c(cc1)c(cc1)C(=O)O{[<][>]C[<][>]}CC(C)C[H]
PolymerLit-OA_processed/generic/acspolymersau/2c00044_si_fs1_1.corrected.mol	failed to obtain BigSMILES	failed to obtain BigSMILES
PolymerLit-OA_processed/generic/acspolymersau/2c00044_si_fs1_2.corrected.mol	C=CC{[>][<]C[>][<]}CCOC1=CC(OCC{[>][<]C[>][<]}CC=C)=CC(=C1)OCC{[>][<]C[>][<]}C=C	[H]C(=C){[<][>]C[<][>]}CCOc(cc(O{[<][>]C[<][>]}CCCC(=C)[H])c1)cc1O{[<][>]C[<][>]}CCCC(=C)[H]
PolymerLit-OA_processed/generic/acspolymersau/2c00044_si_fs1_3.corrected.mol	BrCC{[>][<]C[>][<]}CC=C	[H]C(=C){[<][>]C[<][>]}CCCBr
PolymerLit-OA_processed/generic/acspolymersau/2c00044_si_fs1_4.corrected.mol	OCCC{[>][<]C[>][<]}CCOC1=CC(OCC{[>][<]C[>][<]}CCCO)=CC(=C1)OCC{[>][<]C[>][<]}CCCO	[H]O{[<][>]C[<][>]}CCCCCOc(cc(O{[<][>]C[<][>]}CCCCCO[H])c1)cc1O{[<][>]C[<][>]}CCCCCO[H]
PolymerLit-OA_processed/generic/acspolymersau/2c00045_f1_1.corrected.mol	CO{[>][<]CCO[>][<]}CC#C	[H]COC{[<][>]COC[<][>]}C#C[H]
PolymerLit-OA_processed/generic/acspolymersau/2c00045_f6_1.corrected.mol	CO{[>][<]CCO[>][<]}CC#C	[H]COC{[<][>]COC[<][>]}C#C[H]
PolymerLit-OA_processed/generic/acspolymersau/2c00045_f6_2.corrected.mol	C=CC{[>][<]OCC[>][<]}OC	[H]COC{[<][>]COC[<][>]}C(=C)[H]
PolymerLit-OA_processed/generic/acspolymersau/2c00045_f6_3.corrected.mol	CO{[>][<]CCO[>][<]}CC1CS({[>][<]C[>][<]}S1)=O	CO{[>][<]CCO[>][<]}CC1CS({[>][<]C[>][<]}S1)=O
PolymerLit-OA_processed/generic/acspolymersau/2c00045_f6_4.corrected.mol	CO{[>][<]CCO[>][<]}CC1CS{[>][<]C[>][<]}S1	CO{[>][<]CCO[>][<]}CC1CS{[>][<]C[>][<]}S1
PolymerLit-OA_processed/generic/acspolymersau/2c00045_f6_5.corrected.mol	CO{[>][<]CCO[>][<]}CC1CS(=O){[>][<]C[>][<]}S1=O	CO{[>][<]CCO[>][<]}CC1CS(=O){[>][<]C[>][<]}S1=O
PolymerLit-OA_processed/generic/acspolymersau/2c00045_f6_6.corrected.mol	CO{[>][<]CCO[>][<]}[H]	[H]OC{[<][>]COC[<][>]}[H]
PolymerLit-OA_processed/generic/acspolymersau/2c00045_s1_1.corrected.mol	C{[>][<]OCC[>][<]}OCC(CS{[>][<]C[>][<]}S)S{[>][<]C[>][<]}S	[H]S{[<][>]C[<][>]}SCC(S{[<][>]C[<][>]}S[H])COC{[<][>]COC[<][>]}[H]
PolymerLit-OA_processed/generic/acspolymersau/2c00045_s1_2.corrected.mol	C{[>][<]OCC[>][<]}OCC#C	[H]COC{[<][>]COC[<][>]}C#C[H]
PolymerLit-OA_processed/generic/acspolymersau/2c00045_s1_3.corrected.mol	C{[>][<]OCC[>][<]}OC/C=C/S{[>][<]C[>][<]}S	[H]S{[<][>]C[<][>]}S/C=C/COC{[<][>]COC[<][>]}[H]
PolymerLit-OA_processed/generic/acspolymersau/2c00045_s1_4.corrected.mol	S{[>][<]C[>][<]}S	[H]S{[<][>]C[<][>]}S[H]
PolymerLit-OA_processed/generic/acspolymersau/2c00045_s1_5.corrected.mol	C{[>][<]OCC[>][<]}OCC(CS{[>][<]C[>][<]}S)S{[>][<]C[>][<]}S	[H]S{[<][>]C[<][>]}SCC(S{[<][>]C[<][>]}S[H])COC{[<][>]COC[<][>]}[H]
PolymerLit-OA_processed/generic/acspolymersau/2c00045_s1_6.corrected.mol	C{[>][<]OCC[>][<]}OCC1CS{[>][<]C[>][<]}S1	C{[>][<]OCC[>][<]}OCC1CS{[>][<]C[>][<]}S1
PolymerLit-OA_processed/generic/acspolymersau/2c00045_s1_7.corrected.mol	[H]/C(=C\S{[>][<]C[>][<]}S{[>][<]CC(C{[>][<]OCC[>][<]}OC)S{[>][<]C[>][<]}[Si][>][<]}[H])C{[>][<]OCC[>][<]}OC	[H]COC{[<][>]COC[<][>]}/C=C\S{[<][>]C[<];[>]S[H],[>]SCC(S{[<2][>2][Si]CC(S[<2])COC[<1],[>2]C[<2][>2]}[Si][H])COC[*:2][]}
PolymerLit-OA_processed/generic/acspolymersau/2c00045_s1_8.corrected.mol	CO{[>][<]CCO[>][<]}CC1CS{[>][<]C([<]).C([>])[>][<]}2(S1)SC(CS2)C{[>][<]OCC[>][<]}OC	CO{[>][<]CCO[>][<]}CC1CS{[>][<]C([<]).C([>])[>][<]}2(S1)SC(CS2)C{[>][<]OCC[>][<]}OC
PolymerLit-OA_processed/generic/acspolymersau/2c00045_s1_9.corrected.mol	S{[>][<]C[>][<]}S	[H]S{[<][>]C[<][>]}S[H]
PolymerLit-OA_processed/generic/acspolymersau/2c00045_si_fs3_1.corrected.mol	[H]/C(=C\S{[>][<]C[>][<]}S\C=C/(CO{[>][<]CCO[>][<]}C)[H])CO{[>][<]CCO[>][<]}C	[H]/C(=C\S{[>][<]C[>][<]}S\C=C/(CO{[>][<]CCO[>][<]}C)[H])CO{[>][<]CCO[>][<]}C
PolymerLit-OA_processed/generic/acspolymersau/2c00045_si_fs4_1.corrected.mol	S{[>][<]C[>][<]}S{[>][<]CC(CO{[>][<]CCO[>][<]}C)S{[>][<]C[>][<]}S[>][<]}[H]	[H]S{[<][>]C[<],[>]SCC(S[<])COC{[<][>]COC[<][>]}[H][>]}S[H]
PolymerLit-OA_processed/generic/acspolymersau/2c00045_si_fs4_2.corrected.mol	C{[>][<]1S{[>][<[<]1]1C.2[>[>]2][>[>]2]C.3.2[<[<]1]C(C13)C{[>][<]CCO[>][<]}OC[<]}1(S)[>][<]}S	C{[>][<]1S{[>][<[<]1]1C.2[>[>]2][>[>]2]C.3.2[<[<]1]C(C13)C{[>][<]CCO[>][<]}OC[<]}1(S)[>][<]}S
PolymerLit-OA_processed/generic/acspolymersau/2c00047_si_fs19_1.corrected.mol	Br{[>][<]C(C(=O)C)C[>][<]}C(C)(C(OCC1=C2C=CC=CC2=CC2=CC=CC=C12)=O)C	Br{[>][<]C(C(=O)C)C[>][<]}C(C)(C(OCC1=C2C=CC=CC2=CC2=CC=CC=C12)=O)C
PolymerLit-OA_processed/generic/acspolymersau/2c00047_si_fs2_1.corrected.mol	CC(C)(C(=O)OC[C@@]12C=C[C@@](O2)[C@]2(C(N(C([C@]12[H])=O)CCCN1C(C2C3C4=C(C(C2C1=O)(C1=C3C=CC=C1)COC(=O)C({[>][<]CC(C(=O)C)[>][<]}Br)(C)C)C=CC=C4)=O)=O)[H]){[>][<]CC(C(=O)C)[>][<]}Br	Br{[<][>]CC(C(C)=O)[<][>]}C(C)(C)C(=O)OCC(OC67)(C=C6)C(C7C6=O)C(=O)N6CCCN(C(C1C(c2cc3)c4cc5)=O)C(=O)C1C(c4cc5)(c2cc3)COC(=O)C(C)(C){[<][>]C(C(C)=O)C[<][>]}Br
PolymerLit-OA_processed/generic/acspolymersau/2c00047_si_fs2_2.corrected.mol	O=C(OCC1=CC=CO1)C({[>][<]CC(C(=O)C)[>][<]}Br)(C)C	[H]c(cc1)c(o1)COC(=O)C(C)(C){[<][>]C(C(C)=O)C[<][>]}Br
PolymerLit-OA_processed/generic/acspolymersau/2c00047_si_fs2_3.corrected.mol	CC({[>][<]CC(C(=O)C)[>][<]}Br)(C)C(=O)OC[C@@]12C=C[C@@](O2)[C@@]2([H])C(=O)N(C([C@@]12[H])=O)CCCN1C(=O)C2C3C4=C(C=CC=C4)C(C2C1=O)(C1=C3C=CC=C1)COC(=O)C({[>][<]CC(C(=O)C)[>][<]}Br)(C)C	Br{[<][>]CC(C(C)=O)[<][>]}C(C)(C)C(=O)OCC(OC67)(C=C6)C(C7C6=O)C(=O)N6CCCN(C(C1C(c2cc3)c4cc5)=O)C(=O)C1C(c4cc5)(c2cc3)COC(=O)C(C)(C){[<][>]C(C(C)=O)C[<][>]}Br
PolymerLit-OA_processed/generic/acspolymersau/2c00051_s1_1.corrected.mol	NCC{[>][<]OCC[>][<]}O{[>][<]CC(O{[>][<]CCO[>][<]}CCN)C[>][<]}O{[>][<]CCO[>][<]}CCN	[H]NCC{[<][>]OCC[<][>]}O{[<][>]CC(C[<])OCC{[<][>]OCC[<][>]}{[<][>]OCC[<][>]}N[H][>]}OCC{[<][>]OCC[<][>]}N[H]
PolymerLit-OA_processed/generic/acspolymersau/2c00051_s1_2.corrected.mol	NCC{[>][<]OCC[>][<]}OCC(CO{[>][<]CCO[>][<]}CCN)(CO{[>][<]CCO[>][<]}CCN)CO{[>][<]CCO[>][<]}CCN	[H]NCCOC{[<][>]COC[<][>]}C(COCC{[<][>]OCC[<][>]}N[H])(COCC{[<][>]OCC[<][>]}N[H])COCC{[<][>]OCC[<][>]}N[H]
PolymerLit-OA_processed/generic/acspolymersau/2c00060_f2_1.corrected.mol	CC{[>][<]C[>][<]}CC	[H]{[<][>]C[<][>]}CCCC[H]
PolymerLit-OA_processed/generic/acspolymersau/2c00060_f3_1.corrected.mol	C{[>][<]NC1=CC=C(C=C1)NS(=O)(=O)[>][<]}C	[H]C{[<][>]S(=O)(=O)Nc(cc1)ccc1N[<][>]}C[H]
PolymerLit-OA_processed/generic/acspolymersau/2c00060_f3_2.corrected.mol	C{[>][<]NCC1=CC=C(C=C1)CNS(=O)(=O)[>][<]}C	[H]C{[<][>]S(=O)(=O)NCc(cc1)ccc1CN[<][>]}C[H]
PolymerLit-OA_processed/generic/acspolymersau/2c00060_f3_3.corrected.mol	C{[>][<]NC1=CC=C(C=C1)C1(C2=C(C3=C1C=CC=C3)C=CC=C2)C1=CC=C(C=C1)NS(=O)(=O)[>][<]}C	[H]C{[<][>]S(=O)(=O)Nc(cc5)ccc5C(c(c-2c3)ccc3)(c(ccc3)c-2c3)c(cc1)ccc1N[<][>]}C[H]
PolymerLit-OA_processed/generic/acspolymersau/2c00060_f3_4.corrected.mol	C{[>][<]NC1=CC=C(C=C1C)C1=CC(C)=C(C=C1)NS(=O)(=O)[>][<]}C	[H]C{[<][>]S(=O)(=O)Nc(c(c2)C)ccc2c(cc1)cc(C)c1N[<][>]}C[H]
PolymerLit-OA_processed/generic/acspolymersau/2c00060_f3_5.corrected.mol	C{[>][<]NC1=CC=CC(=C1)NS(=O)(=O)[>][<]}C	[H]C{[<][>]S(=O)(=O)Nc(ccc1)cc1N[<][>]}C[H]
PolymerLit-OA_processed/generic/acspolymersau/2c00060_f3_6.corrected.mol	C{[>][<]NC1=CC=C(C=C1)OC1=CC=C(C=C1)NS(=O)(=O)[>][<]}C	[H]C{[<][>]S(=O)(=O)Nc(cc2)ccc2Oc(cc1)ccc1N[<][>]}C[H]
PolymerLit-OA_processed/generic/acspolymersau/2c00060_f3_7.corrected.mol	C{[>][<]NCCCCCCNS(=O)(=O)[>][<]}C	[H]C{[<][>]S(=O)(=O)NCCCCCCN[<][>]}C[H]
PolymerLit-OA_processed/generic/acspolymersau/2c00060_f3_8.corrected.mol	C{[>][<]NC1=CC=C(C=C1)CC1=CC=C(C=C1)NS(=O)(=O)[>][<]}C	[H]C{[<][>]S(=O)(=O)Nc(cc2)ccc2Cc(cc1)ccc1N[<][>]}C[H]
PolymerLit-OA_processed/generic/acspolymersau/2c00060_f5_1.corrected.mol	NC1=CC=C(C=C1)C1(C2=C(C3=C1C=CC=C3)C=CC=C2)C1=CC=C(C=C1)N{[>][<]S(=O)(=O)NC1=CC=C(C=C1)C1(C2=C(C3=C1C=CC=C3)C=CC=C2)C1=CC=C(C=C1)N[>][<]}[H]	[H]Nc(cc5)ccc5C(c(c-2c3)ccc3)(c(ccc3)c-2c3)c(cc1)ccc1N{[<][>]S(=O)(=O)Nc(cc5)ccc5C(c(c-2c3)ccc3)(c(ccc3)c-2c3)c(cc1)ccc1N[<][>]}[H]
PolymerLit-OA_processed/generic/acspolymersau/2c00060_si_ps6_1.corrected.mol	CC{[>][<]C[>][<]}CN	[H]{[<][>]C[<][>]}CCCN[H]
PolymerLit-OA_processed/generic/acspolymersau/2c00066_f1_1.corrected.mol	C1=CSC({[>][<]C2=C3C(=O)N(C)C(=O)C4=CC(=C5C(N(C(C(C5=C34)=C2)=O)C)=O)C2=CC=C(S2)C2=CC=C(S2)[>][<]}{[>][<]C=2/C=C\3C4=C5C2C(=O)N(C)C(=O)\S5=C/C(=C\4C(N(C3=O)C)=O)C2=CC=C(S2)C2=CC=C(S2)[>][<]}C2=CC=CS2)=C1	{[][>1]c(c(c8c(c9)C%10=O)C(N%10C)=O)cc(C(=O)N%10C)c8c(C%10=O)c9c(cc4)sc4c(cc2)sc2[<1];[H]c(cc2)sc2[<1],[H]c(cc%17)sc%17c(cc%17C(N%18C)=O)c(C(N(C%19=O)C)=O)c(S%19=C%19)c%17C(C%18=O)=C%19c(cc%17)sc%17{[<][>]c(cc%17)sc%17c(cc%17C(N%18C)=O)c(C(N(C%19=O)C)=O)c(S%19=C%19)c%17C(C%18=O)=C%19c(cc%17)sc%17[<][>]}c(cc2)sc2[<1],[>1]c(cc1)sc1[H][]}
PolymerLit-OA_processed/generic/acspolymersau/2c00066_si_fs1_1.corrected.mol	failed to obtain BigSMILES	failed to obtain BigSMILES
PolymerLit-OA_processed/generic/acspolymersau/2c00066_si_fs1_2.corrected.mol	O=C1C2=CC(=C3C(=O)N({[>][<]CCO[>][<]}C(=O)C{[>][<]OCC[>][<]}OC)C(=O)C4=CC(Br)=C(C2=C43)C(=O)N1{[>][<]CCO[>][<]}C(=O)C{[>][<]OCC[>][<]}OC)Br	[H]COC{[<][>]COC[<][>]}C(=O){[<][>]OCC[<][>]}N(C(c1cc2Br)=O)C(=O)c(c1c1c2C2=O)c(Br)cc1C(=O)N2{[<][>]OCC[<][>]}C(=O)COC{[<][>]COC[<][>]}[H]
PolymerLit-OA_processed/generic/acspolymersau/2c00068_si_fs1_1.corrected.mol	C{[>][<]C[>][<]}SC(S{[>][<]C(C1=CC=C(C=C1)CCl)C[>][<]}C(C)(C#N)CCC(=O)O)=S	[H]{[<][>]C[<][>]}CSC(=S)S{[<][>]C(c(cc1)ccc1CCl)C[<][>]}C(C#N)(C)CCC(=O)O[H]
PolymerLit-OA_processed/generic/acspolymersau/2c00068_si_fs1_2.corrected.mol	OC(CCC({[>][<]CC(C1=CC=C(C=C1)CN1[C+1]N(C=C1)CCCC)[>][<]}SC(=S)S{[>][<]C[>][<]}C)(C)C#N)=O	[H]{[<][>]C[<][>]}CSC(=S)S{[<][>]C(c(cc1)ccc1Cn([cH+]n1CCCC)cc1)C[<][>]}C(C#N)(C)CCC(=O)O[H]
PolymerLit-OA_processed/generic/acspolymersau/2c00068_si_fs1_3.corrected.mol	C{[>][<]C[>][<]}SC(SC(C)(C#N)CCC(=O)O)=S	[H]{[<][>]C[<][>]}CSC(=S)SC(C#N)(C)CCC(=O)O[H]
PolymerLit-OA_processed/generic/acspolymersau/2c00068_si_fs2_1.corrected.mol	OC(CCC({[>][<]CC(C1=CC=CC=C1)[>][<]}{[>][<]CC(C1=CC=C(C=C1)CCl)[>][<]}SC(=S)S{[>][<]C[>][<]}C)(C)C#N)=O	{[][>1]C(c(cc1)ccc1)C[<1];[H]{[<][>]C[<][>]}CSC(=S)S[<1],[H]{[<][>]C[<][>]}CSC(=S)SC(c(cc4)ccc4CCl){[<][>]CC(c(cc4)ccc4CCl)[<][>]}C[<1],[>1]C(C#N)(C)CCC(=O)O[H][]}
PolymerLit-OA_processed/generic/acspolymersau/2c00068_si_fs2_2.corrected.mol	OC(CCC({[>][<]CC(C1=CC=CC=C1)[>][<]}{[>][<]CC(C1=CC=C(C=C1)CN1[C+1]N(C=C1)CCCC)[>][<]}SC(=S)S{[>][<]C[>][<]}C)(C)C#N)=O	{[][>1]C(c(cc1)ccc1)C[<1];[H]{[<][>]C[<][>]}CSC(=S)S[<1],[H]{[<][>]C[<][>]}CSC(=S)SC(c(cc4)ccc4Cn([cH+]n4CCCC)cc4){[<][>]CC(c(cc4)ccc4Cn([cH+]n4CCCC)cc4)[<][>]}C[<1],[>1]C(C#N)(C)CCC(=O)O[H][]}
PolymerLit-OA_processed/generic/acspolymersau/2c00068_si_fs2_3.corrected.mol	OC(CCC({[>][<]CC(C1=CC=CC=C1)[>][<]}SC(=S)S{[>][<]C[>][<]}C)(C)C#N)=O	[H]{[<][>]C[<][>]}CSC(=S)S{[<][>]C(c(cc1)ccc1)C[<][>]}C(C#N)(C)CCC(=O)O[H]
PolymerLit-OA_processed/generic/acspolymersau/2c00068_si_fs3_1.corrected.mol	{[][<]CC(C1=CC=C(C=C1)CCl)[>],[<]CC(C1=CC=CC=C1)[>][]}	{[][>]CC(c(cc1)ccc1)[<],[>]CC(c(cc2)ccc2CCl)[<][]}
PolymerLit-OA_processed/generic/acspolymersau/2c00068_si_fs3_2.corrected.mol	{[][<]CC(C1=CC=CC=C1)[>],[<]CC(C1=CC=C(C=C1)CN1[C+1]N(C=C1)CCCC)[>][]}	{[][>]CC(c(cc1)ccc1)[<],[>]CC(c(cc2)ccc2Cn([cH+]n2CCCC)cc2)[<][]}
PolymerLit-OA_processed/generic/acspolymersau/2c00069_f1_1.corrected.mol	C{[>][<]C1OC(C2=C1C=CC=C2)O[>][<]}C(C)=O	[H]C{[<][>]C(c(c1cc2)cc2)OC1O[<][>]}C(=O)C[H]
PolymerLit-OA_processed/generic/acspolymersau/3c00003_f1_1.corrected.mol	C{[>][<]CC[>][<]}C(C(=O)O)C(O)=O	[H]OC(=O)C(C(=O)O)C{[<][>]CC[<][>]}[H]
PolymerLit-OA_processed/generic/acspolymersau/3c00003_f1_2.corrected.mol	C{[>][<]OC1CCCC(C1)OC(=O)C({[>][<]CC[>][<]}C)C(=O)[>][<]}C	{[][>2]C(C(=O)C[H])C(=O)C[H],[>2]C(C(=O)OC(CCC1)CC1OC(=O)[H])C[H],[>2]C(CCC[<1])C(=O)OC(CCC1)CC1OC(=O)[<2],[>1]CC[<1];[H]COC(CCC1)CC1OC(=O)[<2],[H]CC[H],[>2]C(C(=O)C[H])C[H],[H]CC[H],[>1][H][]}
PolymerLit-OA_processed/generic/acspolymersau/3c00003_f1_3.corrected.mol	C{[>][<]CC([R])[>][<]}C	C{[>][<]CC([R])[>][<]}C
PolymerLit-OA_processed/generic/acspolymersau/3c00003_f1_4.corrected.mol	C{[>][<]CCCC[>][<]}C	[H]CC{[<][>]CCCC[<][>]}[H]
PolymerLit-OA_processed/generic/acspolymersau/3c00003_f1_5.corrected.mol	C{[>][<]=C[R]C=[>][<]}C	C{[>][<]=C[R]C=[>][<]}C
PolymerLit-OA_processed/generic/acspolymersau/3c00003_f2_1.corrected.mol	C{[>][<]COC(=O)CC(=O)O[>][<]}C	[H]C{[<][>]OC(=O)CC(=O)OC[<][>]}C[H]
PolymerLit-OA_processed/generic/acspolymersau/3c00003_f2_10.corrected.mol	C{[>][<]C=C([R])[>][<]}C	C{[>][<]C=C([R])[>][<]}C
PolymerLit-OA_processed/generic/acspolymersau/3c00003_f2_11.corrected.mol	C{[>][<]C=1SC(=C([R])C1)[>][<]}C	C{[>][<]C=1SC(=C([R])C1)[>][<]}C
PolymerLit-OA_processed/generic/acspolymersau/3c00003_f2_12.corrected.mol	C{[>][<]CNC(=O)CC(=O)N[>][<]}C	[H]C{[<][>]NC(=O)CC(=O)NC[<][>]}C[H]
PolymerLit-OA_processed/generic/acspolymersau/3c00003_f2_2.corrected.mol	C{[>][<]C(=O)NCNC(=O)NCN[>][<]}C	[H]C{[<][>]NCNC(=O)NCNC(=O)[<][>]}C[H]
PolymerLit-OA_processed/generic/acspolymersau/3c00003_f2_3.corrected.mol	C{[>][<]COC(=O)NCNC(=O)O[>][<]}C	[H]C{[<][>]OC(=O)NCNC(=O)OC[<][>]}C[H]
PolymerLit-OA_processed/generic/acspolymersau/3c00003_f2_4.corrected.mol	C{[>][<]O[R]C(=O)[>][<]}C	C{[>][<]O[R]C(=O)[>][<]}C
PolymerLit-OA_processed/generic/acspolymersau/3c00003_f2_5.corrected.mol	C{[>][<]N[R]C(=O)[>][<]}C	C{[>][<]N[R]C(=O)[>][<]}C
PolymerLit-OA_processed/generic/acspolymersau/3c00003_f2_6.corrected.mol	C{[>][<]CC([R])O[>][<]}C	C{[>][<]CC([R])O[>][<]}C
PolymerLit-OA_processed/generic/acspolymersau/3c00003_f2_7.corrected.mol	C{[>][<]=CCCCC=[>][<]}C	[H]CC{[<][>]CCCCC[<][>]}[H]
PolymerLit-OA_processed/generic/acspolymersau/3c00003_f2_8.corrected.mol	C{[>][<]C(=O)O[R]O[>][<]}C	C{[>][<]C(=O)O[R]O[>][<]}C
PolymerLit-OA_processed/generic/acspolymersau/3c00003_f2_9.corrected.mol	C{[>][<]CC([R])S[>][<]}C	C{[>][<]CC([R])S[>][<]}C
PolymerLit-OA_processed/generic/acspolymersau/3c00003_f6_1.corrected.mol	C{[>][<]C(=O)C1=CC=C(C=C1)OC(C)(C)C(=O)OC(COC(=O)C{[>][<]CC[>][<]}C)CO[>][<]}C	[H]C{[<][>]OCC(OC(=O)C(C)(C)Oc(cc1)ccc1C(=O)[<])COC(=O)CC{[<][>]CC[<][>]}[H][>]}C[H]
PolymerLit-OA_processed/generic/acspolymersau/3c00003_f6_2.corrected.mol	C{[>][<]NN1C(=O)C=C(C)N=C1NC(=O)C1CS(=O)(=O)CC1C(=O)[>][<]}C	[H]C{[<][>]Nn(c(cc2C)=O)c(n2)NC(=O)C(CS1(=O)=O)C(C1)C(=O)[<][>]}C[H]
PolymerLit-OA_processed/generic/acspolymersau/3c00003_f6_3.corrected.mol	C{[>][<]CC1C(CC(C(O1)C)=O)C(=O)NC(OCCC)=N\N[>][<]}C	[H]C{[<][>]NN=C(OCCC)NC(=O)C(CC1=O)C(OC1C)C[<][>]}C[H]
PolymerLit-OA_processed/generic/acspolymersau/3c00003_f6_4.corrected.mol	C{[>][<]OCC(C)COC(=O)C1CCCC(C)CC1(C)C(=O)[>][<]}C	[H]C{[<][>]OCC(C)COC(=O)C(CCC1)C(C)(CC1C)C(=O)[<][>]}C[H]
PolymerLit-OA_processed/generic/acspolymersau/3c00003_f8_1.corrected.mol	C{[>][<]OC1=C(C=CC=C1/C=N/C1=CC=C(C=C1)/N=N/C1=CC=CC=C1)OC(=O)C=1C=CC=C(C1)/N=N/C=1C=CC=C(C1)C(=O)[>][<]}C	[H]C{[<][>]C(=O)c(ccc4)cc4/N=N/c(ccc2)cc2C(=O)Oc(ccc1)c(c1/C=N/c(cc1)ccc1/N=N/c(cc1)ccc1)O[<][>]}C[H]
PolymerLit-OA_processed/generic/acspolymersau/3c00003_f8_2.corrected.mol	C{[>][<]C(=O)NC1=CC(=CC=C1)NC(=O)OCCCCC(C1=CC=CC(=C1)OC)O[>][<]}C	[H]C{[<][>]OC(c(cc2OC)ccc2)CCCCOC(=O)Nc(ccc1)cc1NC(=O)[<][>]}C[H]
PolymerLit-OA_processed/generic/acspolymersau/3c00003_f8_3.corrected.mol	O(CC1CO1){[>][<]CC[>][<]}OCC1CO1	[H]C(C2)(O2)CO{[<][>]CC[<][>]}OCC(C1)(O1)[H]
PolymerLit-OA_processed/generic/acspolymersau/3c00003_f8_4.corrected.mol	O{[>][<]CC[>][<]}OC1=CC=C(C=C1)O{[>][<]CC[>][<]}O	[H]O{[<][>]CC[<][>]}Oc(cc1)ccc1O{[<][>]CC[<][>]}O[H]
PolymerLit-OA_processed/generic/acspolymersau/3c00004_f3_1.corrected.mol	C{[>][<]C[>][<]}OC(C1CCCCC1[X])=O	C{[>][<]C[>][<]}OC(C1CCCCC1[X])=O
PolymerLit-OA_processed/generic/acspolymersau/3c00004_f4_1.corrected.mol	CCC(CO)(CO{[>][<]C(=O)CCC(C)CCO[>][<]}C(=O)C1C(CC(C(C1)C(=O)O)C(=O)O)C(=O)O)CO	[H]OC(=O)C(CC(C(=O)O)C1C(=O)O)C(C1)C(=O)OC{[<][>]CC(C)CCC(=O)OC[<][>]}C(CO)(CO)C(C)[H]
PolymerLit-OA_processed/generic/acspolymersau/3c00004_f4_2.corrected.mol	CCC(CO)(CO{[>][<]C(=O)CCC(C)CCO[>][<]}C(=O)C1C(CC2C(C1)C(OC2=O)=O)C(=O)O)CO	[H]OC(=O)C(CC1C(O2)=O)C(CC1C2=O)C(=O)OC{[<][>]CC(C)CCC(=O)OC[<][>]}C(CO)(CO)C(C)[H]
PolymerLit-OA_processed/generic/acspolymersau/3c00004_s1_1.corrected.mol	[H]{[>][<]OCCC(C)CCC(=O)[>][<]}OCC(COC)(COC)CC	[H]OC{[<][>]CC(C)CCC(=O)OC[<][>]}C(COC)(COC)C(C)[H]
PolymerLit-OA_processed/generic/acspolymersau/3c00006_a_1.corrected.mol	C{[>][<]N=P(OC1=CC=C(C=C1)C(=O)[O-1])(OC1=CC=C(C=C1)C(=O)[O-1])[>][<]}C	[H]C{[<][>]P(Oc(cc1)ccc1C(=O)[O-])(Oc(cc1)ccc1C(=O)[O-])=N[<][>]}C[H]
PolymerLit-OA_processed/generic/acspolymersau/3c00010_f2_1.corrected.mol	C{[>][<]CC(C(=O)OCC)[>][<]}C	[H]C{[<][>]C(C(OCC)=O)C[<][>]}C[H]
PolymerLit-OA_processed/generic/acspolymersau/3c00010_f3_1.corrected.mol	C{[>][<]CC(C1=CC=CC=C1)[>][<]}C	[H]C{[<][>]C(c(cc1)ccc1)C[<][>]}C[H]
PolymerLit-OA_processed/generic/acspolymersau/3c00010_f3_2.corrected.mol	C{[>][<]CC(C(=O)OCC)[>][<]}C	[H]C{[<][>]C(C(OCC)=O)C[<][>]}C[H]
PolymerLit-OA_processed/generic/acspolymersau/3c00011_f4_1.corrected.mol	[R]{[>][<]C(=O)[C@@]1C[C@](C)CN1[>][<]}[H]	[R]{[>][<]C(=O)[C@@]1C[C@](C)CN1[>][<]}[H]
PolymerLit-OA_processed/generic/acspolymersau/3c00011_f4_2.corrected.mol	C#CCC{[>][<]C(=O)[C@@](CCC(=O)C)N[>][<]}[H]	[H]{[<][>]NC(CCC(C)=O)C(=O)[<][>]}CCC#C[H]
PolymerLit-OA_processed/generic/acspolymersau/3c00011_f4_3.corrected.mol	[R]{[>][<]C(=O)[C@@]1C[C@](N2C=C(N=N2)C)CN1[>][<]}[H]	[R]{[>][<]C(=O)[C@@]1C[C@](N2C=C(N=N2)C)CN1[>][<]}[H]
PolymerLit-OA_processed/generic/acspolymersau/3c00011_s1_1.corrected.mol	[H]{[>][<]N1C[C@](C)C[C@@]1C(=O)[>],[<]N1C[C@](C)C[C@@]1C(=O)[>][<]}N[R]	[H]{[>][<]N1C[C@](C)C[C@@]1C(=O)[>],[<]N1C[C@](C)C[C@@]1C(=O)[>][<]}N[R]
PolymerLit-OA_processed/generic/acspolymersau/3c00011_s1_2.corrected.mol	[H]{[>][<]N1C[C@](C)C[C@@]1C(=O)[>][<]}{[>][<]N[C@](CCC(=O)C)C(=O)[>][<]}NCCCC(C)=O	[H]CC(=O)CCC{[<][>]NC(=O)C(CCC(C)=O)[<][>]}N{[<][>]C(=O)C(CC1C)N(C1)[<][>]}[H]
PolymerLit-OA_processed/generic/acspolymersau/3c00011_s1_3.corrected.mol	[R]N{[>][<]C(=O)[C@@]1C[C@](C)CN1[>][<]}[H]	[R]N{[>][<]C(=O)[C@@]1C[C@](C)CN1[>][<]}[H]
PolymerLit-OA_processed/generic/acspolymersau/3c00011_si_ps4_1.corrected.mol	[H]{[>][<]N1C[C@](C)C[C@@]1C(=O)[>][<]}N[C@](C(=O)NCCCC)CC(C)C	[H]{[<][>]N(CC1C)C(C1)C(=O)[<][>]}NC(CC(C)C)C(=O)NCCCC[H]
PolymerLit-OA_processed/generic/acspolymersau/3c00011_si_ps5_1.corrected.mol	[H]{[>][<]N1C[C@](C)C[C@@]1C(=O)[>][<]}NCC1=CC=CC=C1	[H]{[<][>]N(CC2C)C(C2)C(=O)[<][>]}NCc(cc1)c(cc1)[H]
PolymerLit-OA_processed/generic/acspolymersau/3c00011_si_ps5_2.corrected.mol	[H]{[>][<]N1C[C@](C)C[C@@]1C(=O)[>][<]}N[C@](C(=O)NCCCC)CC(C)C	[H]{[<][>]N(CC1C)C(C1)C(=O)[<][>]}NC(CC(C)C)C(=O)NCCCC[H]
PolymerLit-OA_processed/generic/acspolymersau/3c00011_si_ps6_1.corrected.mol	[H]{[>][<]N[C@](CCC(=O)C)C(=O)[>][<]}NCC#C	[H]N{[<][>]C(CCC(C)=O)C(=O)N[<][>]}CC#C[H]
PolymerLit-OA_processed/generic/acspolymersau/3c00011_si_ps6_2.corrected.mol	[H]{[>][<]N[C@](CCC(=O)C)C(=O)[>],[<]N1C[C@](C)C[C@@]1C(=O)[>][<]}NCCC(C)=O	[H]{[<][>]N(CC1C)C(C1)C(=O)[<],[>]NC(CCC(C)=O)C(=O)[<][>]}NCCC(=O)C[H]
PolymerLit-OA_processed/generic/acspolymersau/3c00012_f2_1.corrected.mol	[H]{[>][<]O[C@](C)C(=O)[>][<]}{[>][<]OCCC(C)CCC(=O)[>][<]}OCCOC(C({[>][<]CC(C1=CC=CC=C1)[>][<]}Br)(C)C)=O	[H]O{[<][>]C(C)C(=O)O[<][>]}CC{[<][>]C(C)CCC(=O)OCC[<][>]}OC(=O)C(C)(C){[<][>]CC(c(cc1)ccc1)[<][>]}Br
PolymerLit-OA_processed/generic/acspolymersau/3c00012_f2_2.corrected.mol	[H]{[>][<]O[C@](C)C(=O)[>][<]}{[>][<]OCCC(C)CCC(=O)[>][<]}OCCOC(C(C)(C)Br)=O	[H]O{[<][>]C(C)C(=O)O[<][>]}CC{[<][>]C(C)CCC(=O)OCC[<][>]}OC(=O)C(Br)(C)C[H]
PolymerLit-OA_processed/generic/acspolymersau/3c00012_f2_3.corrected.mol	[H]{[>][<]OCCC(C)CCC(=O)[>][<]}OCCOC(C(C)(C)Br)=O	[H]OCC{[<][>]C(C)CCC(=O)OCC[<][>]}OC(=O)C(Br)(C)C[H]
PolymerLit-OA_processed/generic/acspolymersau/3c00012_f3_1.corrected.mol	Br{[>][<]C(C1=CC=CC=C1)C[>][<]}C(C)(C)C(=O){[>][<]OCCC(C)CCC(=O)[>][<]}OCCOC(C({[>][<]CC(C1=CC=CC=C1)[>][<]}Br)(C)C)=O	Br{[<][>]C(c(cc2)ccc2)C[<][>]}C(C)(C)C(=O){[<][>]C(=O)CCC(C)CCO[<][>]}OCCOC(=O)C(C)(C){[<][>]C(c(cc1)ccc1)C[<][>]}Br
PolymerLit-OA_processed/generic/acspolymersau/3c00012_f3_2.corrected.mol	[H]{[>][<]O[C@](C)C(=O)[>][<]}{[>][<]C(=O)CCC(C)CCO[>][<]}OCC1=CC=C(C=C1)CO{[>][<]C(=O)CCC(C)CCO[>][<]}{[>][<]C(=O)[C@](C)O[>][<]}[H]	{[][>1]C(=O)CCC(C)CCO[<1];[H]{[<][>]C(=O)C(C)O[<][>]}OCc(cc1)ccc1CO[<1],[H]OC(C){[<][>]C(=O)OC(C)[<][>]}C(=O){[<][>]C(=O)C(C)O[<][>]}{[<][>]C(=O)C(C)O[<][>]}OCc(cc1)ccc1CO[<1],[>1][H][]}
PolymerLit-OA_processed/generic/acspolymersau/3c00012_si_ps11_1.corrected.mol	[H]{[>][<]OCCC(C)CCC(=O)[>][<]}OCC=1C=CC(=CC1)C	[H]OC{[<][>]CC(C)CCC(=O)OC[<][>]}c(cc1)ccc1C[H]
PolymerLit-OA_processed/generic/acspolymersau/3c00012_si_ps13_1.corrected.mol	[H]{[>][<]C(=O)[C@](C)O[>][<]}{[>][<]OCCC(C)CCC(=O)[>][<]}OCC=1C=CC(=CC1)C	[H]{[<][>]C(=O)C(C)O[<][>]}OC{[<][>]CC(C)CCC(=O)OC[<][>]}c(cc1)ccc1C[H]
PolymerLit-OA_processed/generic/acspolymersau/3c00012_si_ps8_1.corrected.mol	BrC(C)(C)C(=O){[>][<]OCCC(C)CCC(=O)[>][<]}OCCOC(C(C)(C)Br)=O	[H]CC(Br)(C)C(=O)OCC{[<][>]C(C)CCC(=O)OCC[<][>]}OC(=O)C(Br)(C)C[H]
PolymerLit-OA_processed/generic/acspolymersau/3c00015_f1_1.corrected.mol	O=C(O)CC(C({[>][<]OCCCCOC(=O)C(=C)CC(=O)[>][<]}{[>][<]C(=O)C1=CC=C(O1)C(=O)OCCCCO[>][<]}{[>][<]OCCCCOC(=O)/C=C/C(=O)[>][<]}OCCCCO)=O)=C	{[][>1]C(=O)/C=C/C(=O)OCCCCO[<1];[H]OC(=O)CC(=C)C(=O)OCCC{[<][>]COC(=O)C(=C)CC(=O)OCCC[<][>]}CO[<1],[H]OC(=O)CC(=C)C(=O)OCCC{[<][>]COC(=O)C(=C)CC(=O)OCCC[<][>]}C{[<][>]OC(=O)c(cc2)oc2C(=O)OCCCC[<][>]}O[<1],[>1][H][]}
PolymerLit-OA_processed/generic/acspolymersau/3c00015_f1_2.corrected.mol	OCC1O[C@@]({[>][<]O[C@@]2C(O)C(O)[C@@](OC2CO)[>][<]}O[C@@]2C(O[C@@](C(C2O)O)O)CO)C(O)C(O)[C@@]1O	[H]OCC(C(C(O)C4O)O)OC4{[<][>]C(C(O)C2O)OC(CO)C2O[<][>]}OC(C(O)C1O)C(OC1O)CO[H]
PolymerLit-OA_processed/generic/acspolymersau/3c00017_s2_1.corrected.mol	failed to obtain BigSMILES	failed to obtain BigSMILES
PolymerLit-OA_processed/generic/acspolymersau/3c00017_s2_2.corrected.mol	C[Si]({[>][<]O[Si](C)(C)[>][<]}CCCCC(=O)OC(C)C({[>][<]OC(C)C(=O)[>][<]}O)=O)(C1=CC=CC=C1)C	[H]c(cc1)c(cc1)[Si](C)(C){[<][>][Si](C)(C)O[<][>]}CCCCC(=O)OC(C)C(=O)O{[<][>]C(C)C(=O)O[<][>]}[H]
PolymerLit-OA_processed/generic/acspolymersau/3c00017_s2_3.corrected.mol	OC({[>][<]C(=O)OC(C)[>][<]}C(=O)OCC1=CC=CC=C1)C	[H]c(cc1)c(cc1)COC(=O)C(C)O{[<][>]C(=O)C(C)O[<][>]}[H]
PolymerLit-OA_processed/generic/acspolymersau/3c00017_s2_4.corrected.mol	failed to obtain BigSMILES	failed to obtain BigSMILES
PolymerLit-OA_processed/generic/acspolymersau/3c00017_si_ss1_1.corrected.mol	OC(C({[>][<]OC(C)C(=O)[>][<]}OCC1=CC=CC=C1)=O)C	[H]c(cc1)c(cc1)COC(=O)C(C)O{[<][>]C(=O)C(C)O[<][>]}[H]
PolymerLit-OA_processed/generic/acspolymersau/3c00017_si_ss1_2.corrected.mol	CC(O[Si](C)(C)C(C)(C)C)C({[>][<]OC(C)C(=O)[>][<]}O)=O	[H]OC(=O)C(C)O{[<][>]C(=O)C(C)O[<][>]}[Si](C)(C)C(C)(C)C[H]
PolymerLit-OA_processed/generic/acspolymersau/3c00017_si_ss1_3.corrected.mol	CC(O[Si](C)(C)C(C)(C)C)C({[>][<]OC(C)C(=O)[>][<]}OCC1=CC=CC=C1)=O	[H]c(cc1)c(cc1)COC(=O)C(C)O{[<][>]C(=O)C(C)O[<][>]}[Si](C)(C)C(C)(C)C[H]
PolymerLit-OA_processed/generic/acspolymersau/3c00017_si_ss1_4.corrected.mol	CC(O[Si](C)(C)C(C)(C)C)C({[>][<]OC(C)C(=O)[>][<]}OCC1=CC=CC=C1)=O	[H]c(cc1)c(cc1)COC(=O)C(C)O{[<][>]C(=O)C(C)O[<][>]}[Si](C)(C)C(C)(C)C[H]
PolymerLit-OA_processed/generic/acspolymersau/3c00017_si_ss2_1.corrected.mol	C[Si]({[>][<]O[Si](C)(C)[>][<]}[H])(C1=CC=CC=C1)C	[H]c(cc1)c(cc1)[Si](C)(C){[<][>][Si](C)(C)O[<][>]}[H]
PolymerLit-OA_processed/generic/acspolymersau/3c00017_si_ss2_2.corrected.mol	C[Si]({[>][<]O[Si](C)(C)[>][<]}O)(C1=CC=CC=C1)C	[H]c(cc1)c(cc1)[Si](C)(C){[<][>][Si](C)(C)O[<][>]}O[H]
PolymerLit-OA_processed/generic/acspolymersau/3c00017_si_ss2_3.corrected.mol	[H][Si]({[>][<]O[Si](C)(C)[>][<]}C1=CC=CC=C1)(C)C	[H]c(cc1)c(cc1){[<][>]O[Si](C)(C)[<][>]}[Si](C)C[H]
PolymerLit-OA_processed/generic/acspolymersau/3c00017_si_ss2_4.corrected.mol	[H][Si](C)(C){[>][<]O[Si](C)(C)[>][<]}Cl	[H]C[Si](C){[<][>]O[Si](C)(C)[<][>]}Cl
PolymerLit-OA_processed/generic/acspolymersau/3c00017_si_ss4_1.corrected.mol	C[Si]({[>][<]O[Si](C)(C)[>][<]}C{[>][<]C[>][<]}C(=O)OCC1=CC=CC=C1)(C1=CC=CC=C1)C	[H]c(cc2)c(cc2){[<][>][Si](C)(C)O[<][>]}[Si](C)(C){[<][>]C[<][>]}CC(=O)OCc(cc1)c(cc1)[H]
PolymerLit-OA_processed/generic/acspolymersau/3c00017_si_ss4_2.corrected.mol	C[Si]({[>][<]O[Si](C)(C)[>][<]}C{[>][<]C[>][<]}C(=O)O)(C1=CC=CC=C1)C	[H]c(cc1)c(cc1){[<][>][Si](C)(C)O[<][>]}[Si](C)(C){[<][>]C[<][>]}CC(=O)O[H]
PolymerLit-OA_processed/generic/acspolymersau/3c00017_si_ss4_3.corrected.mol	C[Si]({[>][<]O[Si](C)(C)[>][<]}[H])(C1=CC=CC=C1)C	[H]c(cc1)c(cc1)[Si](C)(C){[<][>][Si](C)(C)O[<][>]}[H]
PolymerLit-OA_processed/generic/acspolymersau/3c00017_si_ss5_1.corrected.mol	C[Si](C1=CC=CC=C1)(C){[>][<]O[Si](C)(C)[>][<]}C{[>][<]C[>][<]}C(OCCCOC1=C(C=C(C=C1OCCCOC({[>][<]C[>][<]}C{[>][<][Si](C)(=O)O[>][<]}[Si](C)(C)C1=CC=CC=C1)=O)C(=O)OCC1=CC=CC=C1)OCCCOC({[>][<]C[>][<]}C{[>][<][Si](C)(C)O[>][<]}[Si](C)(C)C1=CC=CC=C1)=O)=O	[H]C[Si](c(cc4)ccc4)(C){[<][>]O[Si](C)(=O)[<][>]}C{[<][>][Si](C)(C)O[<][>]}C(=O)OCCCOc(cc(C(=O)OCc(cc2)ccc2)c2)c(c2OCCCOC(=O){[<][>]C[<][>]}C[Si](C)(C){[<][>]O[Si](C)(C)[<][>]}c(cc8)c(cc8)[H])OCCCOC(=O){[<][>]C[<][>]}C[Si](c(cc1)ccc1)(C)C[H]
PolymerLit-OA_processed/generic/acspolymersau/3c00017_si_ss5_2.corrected.mol	C[Si](C)(C1=CC=CC=C1){[>][<]O[Si](C)(C)[>][<]}C{[>][<]C[>][<]}C(=O)OCCCOC1=C(C(OCCCOC({[>][<]C[>][<]}C{[>][<][Si](C)(C)O[>][<]}[Si](C)(C)C2=CC=CC=C2)=O)=CC(C(OC({[>][<]C(=O)OC(C)[>][<]}C(=O)OCC2=CC=CC=C2)C)=O)=C1)OCCCOC({[>][<]C[>][<]}C{[>][<][Si](C)(C)O[>][<]}[Si](C)(C)C2=CC=CC=C2)=O	C[Si](C)(C1=CC=CC=C1){[>][<]O[Si](C)(C)[>][<]}C{[>][<]C[>][<]}C(=O)OCCCOC1=C(C(OCCCOC({[>][<]C[>][<]}C{[>][<][Si](C)(C)O[>][<]}[Si](C)(C)C2=CC=CC=C2)=O)=CC(C(OC({[>][<]C(=O)OC(C)[>][<]}C(=O)OCC2=CC=CC=C2)C)=O)=C1)OCCCOC({[>][<]C[>][<]}C{[>][<][Si](C)(C)O[>][<]}[Si](C)(C)C2=CC=CC=C2)=O
PolymerLit-OA_processed/generic/acspolymersau/3c00017_si_ss5_3.corrected.mol	C[Si](C)(C1=CC=CC=C1){[>][<]O[Si](C)(C)[>][<]}C{[>][<]C[>][<]}C(=O)OCCCOC1=C(C(OCCCOC({[>][<]C[>][<]}C{[>][<][Si](C)(C)O[>][<]}[Si](C)(C)C2=CC=CC=C2)=O)=CC(C(O)=O)=C1)OCCCOC({[>][<]C[>][<]}C{[>][<][Si](C)(C)O[>][<]}[Si](C)(C)C2=CC=CC=C2)=O	[H]c(cc4)c(cc4)[Si](C)(C){[<][>]O[Si](C)(C)[<][>]}C{[<][>][Si](C)(C)O[<][>]}C(=O)OCCCOc(cc(C(=O)O)c2)c(c2OCCCOC(=O){[<][>]C[<][>]}C[Si](c(cc1)ccc1)(C)C[H])OCCCOC(=O){[<][>]C[<][>]}C[Si](C)(C){[<][>]O[Si](C)(C)[<][>]}c(cc8)c(cc8)[H]
PolymerLit-OA_processed/generic/acspolymersau/3c00017_si_ss6_1.corrected.mol	C[Si](C)(C1=CC=CC=C1){[>][<]O[Si](C)(C)[>][<]}C{[>][<]C[>][<]}C(=O)OC(C({[>][<]OC(C)C(=O)[>][<]}OCC1=CC=CC=C1)=O)C	[H]c(cc2)c(cc2){[<][>][Si](C)(C)O[<][>]}[Si](C)(C){[<][>]C[<][>]}CC(=O)OC(C)C(=O){[<][>]C(=O)C(C)O[<][>]}OCc(cc1)c(cc1)[H]
PolymerLit-OA_processed/generic/acspolymersau/3c00017_si_ss6_2.corrected.mol	OC(C({[>][<]OC(C)C(=O)[>][<]}OCC1=CC=CC=C1)=O)C	[H]c(cc1)c(cc1)COC(=O)C(C)O{[<][>]C(=O)C(C)O[<][>]}[H]
PolymerLit-OA_processed/generic/acspolymersau/3c00017_si_ss7_1.corrected.mol	failed to obtain BigSMILES	failed to obtain BigSMILES
PolymerLit-OA_processed/generic/acspolymersau/3c00017_si_ss7_2.corrected.mol	failed to obtain BigSMILES	failed to obtain BigSMILES
PolymerLit-OA_processed/generic/acspolymersau/3c00017_si_ss7_3.corrected.mol	failed to obtain BigSMILES	failed to obtain BigSMILES
PolymerLit-OA_processed/generic/acspolymersau/3c00017_si_ss7_4.corrected.mol	O{[>][<]C(=O)C(C)O[>][<]}C(=O)C(C)OC(=O){[>][<]C[>][<]}C{[>][<][Si](C)(C)O[>][<]}[Si](C)(C1=CC=CC=C1)C	[H]c(cc1)c(cc1){[<][>][Si](C)(C)O[<][>]}[Si](C)(C){[<][>]C[<][>]}CC(=O)OC(C)C(=O)O{[<][>]C(C)C(=O)O[<][>]}[H]
PolymerLit-OA_processed/generic/acspolymersau/3c00020_f1_1.corrected.mol	C{[>][<]CC(C1=CC=CC=N1)[>][<]}C	[H]C{[<][>]C(c(nc1)ccc1)C[<][>]}C[H]
PolymerLit-OA_processed/generic/acspolymersau/3c00021_si_fs1_1.corrected.mol	Br{[>][<]C(C(=O)OCCCCCC)C[>][<]}C(C)(C(=O)OCCOC(=O)C({[>][<]CC(C(=O)OCCCCCC)[>][<]}Br)(C)C)C	Br{[<][>]CC(C(OCCCCCC)=O)[<][>]}C(C)(C)C(=O)OCCOC(=O)C(C)(C){[<][>]CC(C(OCCCCCC)=O)[<][>]}Br
PolymerLit-OA_processed/generic/acspolymersau/3c00021_si_fs4_1.corrected.mol	Br{[>][<]C(C)(C(=O)OCC1=CC=CC=C1)C[>][<]}{[>][<]CC(C)(C(=O)OCCCCCC)[>][<]}C(C)(C)C(=O)OCCOC(=O)C(C)(C){[>][<]C(C(=O)OCCCCCC)C[>][<]}{[>][<]CC(C)(C(OCC1=CC=CC=C1)=O)[>][<]}Br	{[][>1]CC(C(=O)OCc(cc2)ccc2)(C)[<1];Br{[<][>]CC(C(OCCCCCC)=O)[<][>]}{[<][>]CC(C(OCCCCCC)=O)[<][>]}C(C)(C)C(=O)OCCOC(=O)C(C)(C)[<1],Br{[<][>]CC(C(OCCCCCC)=O)[<][>]}{[<][>]CC(C(OCCCCCC)=O)[<][>]}C(C)(C)C(=O)OCCOC(=O)C(C)(C)C(C)(C(OCCCCCC)=O){[<][>]CC(C)(C(OCCCCCC)=O)[<][>]}C[<1],BrC(C(=O)OCc(cc1)ccc1)(C){[<][>]CC(C(=O)OCc(cc1)ccc1)(C)[<][>]}C{[<][>]CC(C(OCCCCCC)=O)[<][>]}C(C)(C)C(=O)OCCOC(=O)C(C)(C)[<1],BrC(C(=O)OCc(cc1)ccc1)(C){[<][>]CC(C(=O)OCc(cc1)ccc1)(C)[<][>]}C{[<][>]CC(C(OCCCCCC)=O)[<][>]}C(C)(C)C(=O)OCCOC(=O)C(C)(C)C(C)(C(OCCCCCC)=O){[<][>]CC(C)(C(OCCCCCC)=O)[<][>]}C[<1],[>1]Br[]}
PolymerLit-OA_processed/generic/acspolymersau/3c00022_f2_1.corrected.mol	Br{[>][<]C=1SC(=C(C)C1)[>][<]}C	Br{[<][>]c(cc1C)sc1[<][>]}C[H]
PolymerLit-OA_processed/generic/acspolymersau/3c00022_f2_2.corrected.mol	C{[>][<]C=1C=2C(=NN(N2)CC(C)C)C(=CC1)[>][<]}Br	[H]C{[<][>]c(cc1)c(nn2CC(C)C)c(n2)c1[<][>]}Br
PolymerLit-OA_processed/generic/acspolymersau/3c00026_f1_1.corrected.mol	C{[>][<]CCO[>][<]}CCNC(CCN1C(C=CC1=O)=O)=O	[H]C(=CC1=O)C(=O)N1CCC(=O)NCC{[<][>]OCC[<][>]}C[H]
PolymerLit-OA_processed/generic/acspolymersau/3c00028_si_fs7_1.corrected.mol	{[][<]C(C)(C(=O)O{[>][<]CCO[>][<]}C)C[>][]}	{[][>]CC(C)([<])C(=O)OC{[<][>]COC[<][>]}[H][]}
PolymerLit-OA_processed/generic/acspolymersau/3c00028_si_fs7_2.corrected.mol	{[][<]CC(C)(C(=O)OCC)[>][]}	{[][>]CC(C)(C(OCC)=O)[<][]}
PolymerLit-OA_processed/generic/acspolymersau/3c00028_si_fs7_3.corrected.mol	{[][<]CC(C(=O)NC(C)C)[>][]}	{[][>]CC(C(NC(C)C)=O)[<][]}
PolymerLit-OA_processed/generic/acspolymersau/3c00028_si_fs7_4.corrected.mol	{[][<]CC(C)(C(=O)OC)[>][]}	{[][>]CC(C)(C(OC)=O)[<][]}
PolymerLit-OA_processed/generic/acspolymersau/3c00028_si_fs8_1.corrected.mol	{[][<]CC(C)(C(=O)OCCCS(=O)(=O)[O-1])[>][]}	{[][>]CC(C(=O)OCCCS(=O)(=O)[O-])(C)[<][]}
PolymerLit-OA_processed/generic/acspolymersau/3c00028_si_fs8_2.corrected.mol	{[][<]C(C)(C(=O)OCC[N+1](C)(C)C)C[>][]}	{[][>]CC(C(=O)OCC[N+](C)(C)C)(C)[<][]}
PolymerLit-OA_processed/generic/acspolymersau/3c00028_si_fs8_3.corrected.mol	{[][<]CC(C)(C(=O)OCCOP(=O)([O-1])OCC[N+1](C)(C)C)[>][]}	{[][>]CC(C(=O)OCCOP(=O)([O-])OCC[N+](C)(C)C)(C)[<][]}
PolymerLit-OA_processed/generic/acspolymersau/3c00029_f8_1.corrected.mol	CCC({[>][<]CC(C)[>][<]}[H])C	[H]CCC(C){[<][>]C(C)C[<][>]}[H]
PolymerLit-OA_processed/generic/acspolymersau/3c00031_f1_1.corrected.mol	C{[>][<]CC(C1=CC=C(C=C1)C)[>][<]}{[>][<[<]1]CC([<[<]1])C(=O)OCCOC1=CC=C2C(=C1)OC(=O)C1C3C(=O)OC4=CC(=CC=C4C3(C21C)C)OCCOC(=O)C([>[>]2])C[>[>]2][<]}(C)({[>][<]CC(C1=CC=C(C=C1)C)[>][<]}C)C	C{[>][<]CC(C1=CC=C(C=C1)C)[>][<]}{[>][<[<]1]CC([<[<]1])C(=O)OCCOC1=CC=C2C(=C1)OC(=O)C1C3C(=O)OC4=CC(=CC=C4C3(C21C)C)OCCOC(=O)C([>[>]2])C[>[>]2][<]}(C)({[>][<]CC(C1=CC=C(C=C1)C)[>][<]}C)C
PolymerLit-OA_processed/generic/acspolymersau/3c00031_f1_2.corrected.mol	C{[>][<]CC(C1=CC=C(C=C1)C)[>][<]}{[>][<]C(C(=O)OCCOC=1C=C2OC(=O)C=C(C2=CC1)C)C[>][<]}C	{[][>1]C(C(OCCOc(cc1)cc(oc(c2)=O)c1c2C)=O)C[<1];[H]C[<1],[H]CC{[<][>]C(c(cc6)ccc6C)C[<][>]}C(c(cc3)ccc3C)[<1],[>1]C[H][]}
PolymerLit-OA_processed/generic/acspolymersau/3c00031_si_fs9_1.corrected.mol	C{[>][<]CC(C1=CC=C(C=C1)C)[>][<]}C	[H]C{[<][>]C(c(cc1)ccc1C)C[<][>]}C[H]
PolymerLit-OA_processed/generic/acspolymersau/3c00031_si_fs9_2.corrected.mol	C{[>][<]C1=C2C(OCCO2)=C([S+1]1)[>][<]}C	[H]C{[<][>]c(c(c1OC2)OC2)[sH+]c1[<][>]}C[H]
PolymerLit-OA_processed/generic/acspolymersau/3c00033_si_ps10_1.corrected.mol	[H]{[>][<]OCCCCC[>][<]}C(OCCOCCOC({[>][<]CCCCCO[>][<]}[H])=O)=O	[H]{[<][>]OCCCCC[<][>]}C(=O)OCCOCCOC(=O){[<][>]OCCCCC[<][>]}[H]
PolymerLit-OA_processed/generic/acspolymersau/3c00035_f1_1.corrected.mol	{[][<]CC(C(OCCOC(=O)C(C)C)=O)(C)C[>][<]}{[>][<]CC(C(=O)OC)(C)[>][<]}{[>][<]C(C)(C(=O)OCCCS(=O)(=O)[N-1]S(=O)(=O)C)C[>][]}	{[][>]CC(C)(C(OCCOC(C(C)C)=O)=O)C[<][>]}{[<][>]CC(C)(C(OC)=O)[<][>]}{[<][>]C(C(=O)OCCCS(=O)(=O)[N-]S(C)(=O)=O)(C)C[<][]}
PolymerLit-OA_processed/generic/acspolymersau/3c00037_f1_1.corrected.mol	[H]{[>][<]OCC([R])C[>][<]}O	[H]{[>][<]OCC([R])C[>][<]}O
PolymerLit-OA_processed/generic/acspolymersau/3c00043_f2_1.corrected.mol	C{[>][<]P(OCC)(OCC(F)(C(F)(C(F)(C(F)F)F)F)F)=N[>][<]}P(C1=CC=C(C=C1)C=C)C	[H]C{[<][>]P(OCC)(OCC(F)(F)C(F)(F)C(F)(F)C(F)F)=N[<][>]}P(C)c(cc1)ccc1C(=C)[H]
PolymerLit-OA_processed/generic/acspolymersau/3c00043_f2_2.corrected.mol	C{[>][<][Si](C)(C)O[>][<]}[Si](C)(C=C)C	[H]C[Si](C)(C){[<][>]O[Si](C)(C)[<][>]}C(=C)[H]
PolymerLit-OA_processed/generic/acspolymersau/3c00043_f2_3.corrected.mol	CCC{[>][<]O[Si](C)(CCCS)[>][<]}{[>][<][Si](C)(C)O[>][<]}C	{[][>1][Si](CCCS)(C)O[<1];[H]C[<1],[H]CO{[<][>][Si](C)(C)O[<][>]}[Si](C)(C)[<1],[>1]CCC[H][]}
PolymerLit-OA_processed/generic/acspolymersau/3c00043_f2_4.corrected.mol	CCC{[>][<][Si](C)(CCCSCCC1=CC=C(C=C1)C{[>][<]N=P(OCC(F)(C(F)(C(F)(C(F)F)F)F)F)(OCC)[>][<]}C)O[>][<]}{[>][<][Si](CCCSCC[Si]({[>][<][Si](C)(C)O[>][<]}C)(C)C)(C)O[>][<]}{[>][<][Si](CCCS)(C)O[>][<]}{[>][<]O[Si]C[<]}C.C	CCC{[>][<][Si](C)(CCCSCCC1=CC=C(C=C1)C{[>][<]N=P(OCC(F)(C(F)(C(F)(C(F)F)F)F)F)(OCC)[>][<]}C)O[>][<]}{[>][<][Si](CCCSCC[Si]({[>][<][Si](C)(C)O[>][<]}C)(C)C)(C)O[>][<]}{[>][<][Si](CCCS)(C)O[>][<]}{[>][<]O[Si]C[<]}C.C
PolymerLit-OA_processed/generic/acspolymersau/3c00043_f3_1.corrected.mol	[H][Si](C)(O{[>][<][Si](C)(C)O[>][<]}[Si]([H])(C)C)C	[H]C[Si](C)O{[<][>][Si](C)(C)O[<][>]}[Si](C)C[H]
PolymerLit-OA_processed/generic/acspolymersau/3c00043_s1_1.corrected.mol	C{[>][<]N=P(Cl)(Cl)[>][<]}PC	[H]C{[<][>]N=P(Cl)(Cl)[<][>]}PC[H]
PolymerLit-OA_processed/generic/acspolymersau/3c00043_s1_2.corrected.mol	failed to obtain BigSMILES	failed to obtain BigSMILES
PolymerLit-OA_processed/generic/acspolymersau/3c00043_s1_3.corrected.mol	NCCC{[>][<][Si](C)(C)O[>][<]}[Si](C)(CCCC)C	[H]NCCC[Si](C)(C){[<][>]O[Si](C)(C)[<][>]}CCCC[H]
PolymerLit-OA_processed/generic/acspolymersau/3c00043_si_fs4_1.corrected.mol	C=CC1=CC=C(C=C1)P(C){[>][<]N=P(OCC)(OCC(F)(C(F)(C(F)(C(F)F)F)F)F)[>][<]}P(C)(C)(C)C	[H]CP(C)(C)(C){[<][>]P(OCC)(OCC(F)(F)C(F)(F)C(F)(F)C(F)F)=N[<][>]}P(C)c(cc1)ccc1C(=C)[H]
PolymerLit-OA_processed/generic/acspolymersau/3c00046_s2_1.corrected.mol	C{[>][<]CC(C1=C(C(=C(C(=C1F)F)F)F)F)[>][<]}{[>][<]C(C1=CC=CC=C1)C[>][<]}C	{[][>1]C(c(c(F)c1F)c(c(c1F)F)F)C[<1];[H]C[<1],[H]CC{[<][>]C(c(cc4)ccc4)C[<][>]}C(c(cc2)ccc2)[<1],[>1]C[H][]}
PolymerLit-OA_processed/generic/acspolymersau/3c00046_s2_2.corrected.mol	C{[>][<]C(C1=C(C(=C(C(=C1F)F)C)F)F)C[>][<]}{[>][<]C(C1=C(C(=C(C(=C1F)F)F)F)F)C[>][<]}{[>][<]C(C1=CC=CC=C1)C[>][<]}C	{[][>1]C(c(cc1)ccc1)C[<1];[H]{[<][>]CC(c(c(F)c4F)c(c(c4C)F)F)[<][>]}C[<1],[H]{[<][>]CC(c(c(F)c4F)c(c(c4C)F)F)[<][>]}{[<][>]CC(c(c(F)c%16F)c(c(c%16F)F)F)[<][>]}C[<1],[>1]C[H][]}
PolymerLit-OA_processed/generic/acspolymersau/3c00047_s1_1.corrected.mol	C{[>][<]O[C@@]1C(O)C(O)[C@@](OC1C(=O)O)OC1C(NC(=O)C)[C@@](OC([C@@]1O)CO)[>][<]}C	[H]C{[<][>]C(OC2CO)C(NC(C)=O)C(C2O)OC(C(O)C1O)OC(C(=O)O)C1O[<][>]}C[H]
PolymerLit-OA_processed/generic/acspolymersau/3c00047_s1_2.corrected.mol	C{[>][<]O[C@@]1C(C(=O)[N+1]2=CC=C(C=C2)N(C)C)O[C@@](C(C1C)O)OC1C(NC(=O)C)[C@@](OC([C@@]1O)CO)[>][<]}C	[H]C{[<][>]C(OC3CO)C(NC(C)=O)C(C3O)OC(OC1C(=O)[n+](cc2)ccc2N(C)C)C(O)C(C)C1O[<][>]}C[H]
PolymerLit-OA_processed/generic/acspolymersau/3c00047_s1_3.corrected.mol	C{[>][<][C@@]1C(NC(=O)C)C([C@@](O)C(CO)O1)O[C@@]1OC(C(=O)O/C(NC(C)C)=N\C(C)C)[C@@](C(O)C1O)O[>][<]}C	[H]C{[<][>]C(OC2CO)C(NC(C)=O)C(C2O)OC(C(O)C1O)OC(C(O/C(=N\C(C)C)/NC(C)C)=O)C1O[<][>]}C[H]
PolymerLit-OA_processed/generic/acspolymersau/3c00047_s1_4.corrected.mol	C{[>][<]O[C@@]1C(C(OC2=C(C=C(C=C2)/C=C/C(=O)CC(=O)/C=C/C2=CC=C(C(=C2)C)O)C)=O)O[C@@](C(O)C1O)OC1C(NC(=O)C)[C@@](OC([C@@]1O)CO)[>][<]}C	[H]C{[<][>]C(OC3CO)C(NC(C)=O)C(C3O)OC(C(O)C1O)OC(C(Oc(c(C)c2)ccc2\C=C\C(\C\C(\C=C\c(cc2)cc(C)c2O)=O)=O)=O)C1O[<][>]}C[H]
PolymerLit-OA_processed/generic/acspolymersau/3c00048_s1_1.corrected.mol	C{[>][<]CC(C(N[C@@](C(=O)O)[R])=O)[>][<]}C	C{[>][<]CC(C(N[C@@](C(=O)O)[R])=O)[>][<]}C
PolymerLit-OA_processed/generic/acspolymersau/3c00048_s1_2.corrected.mol	C{[>][<]CC(C(=O)OC1=C(C(=C(C(=C1F)F)F)F)F)[>][<]}C	[H]C{[<][>]C(C(=O)Oc(c(F)c1F)c(F)c(F)c1F)C[<][>]}C[H]
PolymerLit-OA_processed/generic/acspolymersau/3c00052_s1_1.corrected.mol	C{[>][<]=CC1C2C(C(N(C2=O)CCOC(=O)C(Br)(C)C)=O)C(C1)C=[>][<]}C	[H]CC{[<][>]C(C(C1C2=O)C(N2CCOC(C(C)(C)Br)=O)=O)CC1CC[<][>]}[H]
PolymerLit-OA_processed/generic/acspolymersau/3c00052_s1_2.corrected.mol	C{[>][<]=CCC(OC(=O)C(Br)(C)C)CC=[>][<]}C	[H]CC{[<][>]CC(OC(C(C)(C)Br)=O)CCC[<][>]}[H]
PolymerLit-OA_processed/generic/acspolymersau/3c00052_s1_3.corrected.mol	C{[>][<]=CC1CC(C2C1C(N(C2=O)CCOC(=O)C({[>][<]CC(C1=CC=CC=C1)[>][<]}Br)(C)C)=O)C=[>][<]}C	[H]CC{[<][>]C(CC1CCOC(=O)C(C)(C){[<][>]CC(c(cc2)ccc2)[<][>]}Br)C(C1C1=O)C(=O)N1CC[<][>]}[H]
PolymerLit-OA_processed/generic/acspolymersau/3c00052_s1_4.corrected.mol	C{[>][<]=CCC(OC(=O)C({[>][<]CC(C1=CC=CC=C1)[>][<]}Br)(C)C)CC=[>][<]}C	[H]CC{[<][>]CC(CCC[<])OC(=O)C(C)(C){[<][>]CC(c(cc1)ccc1)[<][>]}Br[>]}[H]
PolymerLit-OA_processed/generic/acspolymersau/3c00052_si_ps4_1.corrected.mol	CC({[>][<]CC(C1=CC=CC=C1)[>][<]}Br)(C(=O)OC1CC=CC1)C	[H]CC(C(=O)OC(CC=2)CC=2)(C){[<][>]C(c(cc1)ccc1)C[<][>]}Br
PolymerLit-OA_processed/generic/acspolymersau/3c00052_si_ps9_1.corrected.mol	O=C1[C@@]2C3C=CC(C3)[C@@]2C(=O)N1CCOC(C({[>][<]CC(C1=CC=CC=C1)[>][<]}Br)(C)C)=O	[H]C(C(C23)C4=O)(C(C=C3)C2)C(=O)N4CCOC(=O)C(C)(C){[<][>]C(c(cc1)ccc1)C[<][>]}Br
PolymerLit-OA_processed/generic/acspolymersau/3c00056_s1_1.corrected.mol	OC1=CC2=C(C=C1)C1(N(C(C3=C1C=CC=C3)=O)/N=C/C=1C(=C(C=C(C1)CCO{[>][<]C(=O)CCCCC[>][<]}O)/C=N/N1C(C3=C(C11C4=C(OC5=C1C=CC(=C5)O)C=C(C=C4)O)C=CC=C3)=O)O)C1=C(O2)C=C(C=C1)O	OC1=CC2=C(C=C1)C1(N(C(C3=C1C=CC=C3)=O)/N=C/C=1C(=C(C=C(C1)CCO{[>][<]C(=O)CCCCC[>][<]}O)/C=N/N1C(C3=C(C11C4=C(OC5=C1C=CC(=C5)O)C=C(C=C4)O)C=CC=C3)=O)O)C1=C(O2)C=C(C=C1)O
PolymerLit-OA_processed/generic/acspolymersau/4c00006_s1_1.corrected.mol	C{[>][<]CC[C@](C)CCCCC[>][<]}C	[H]CC{[<][>]CCCCC(C)CCC[<][>]}[H]
PolymerLit-OA_processed/generic/acspolymersau/4c00006_s1_2.corrected.mol	C{[>][<]C=C/C(C)CCCCC[>][<]}C	[H]C{[<][>]C=CC(C)CCCCC[<][>]}C[H]
PolymerLit-OA_processed/generic/acspolymersau/4c00006_s1_3.corrected.mol	C{[>][<]CCC(C)CCCCC[>][<]}C	[H]CC{[<][>]CCCCC(C)CCC[<][>]}[H]
PolymerLit-OA_processed/generic/acspolymersau/4c00006_s1_4.corrected.mol	C{[>][<]C=C/[C@](C)CCCCC[>][<]}C	[H]C{[<][>]C=CC(C)CCCCC[<][>]}C[H]
PolymerLit-OA_processed/generic/acspolymersau/4c00006_s1_5.corrected.mol	C{[>][<]CC(O)[>],[<]CC[>][<]}C	[H]C{[<][>]CC[<],[>]C(O)C[<][>]}C[H]
PolymerLit-OA_processed/generic/acspolymersau/4c00006_s1_6.corrected.mol	C{[>][<]CCC(O)CCCCC[>][<]}C	[H]CC{[<][>]CCCCC(O)CCC[<][>]}[H]
PolymerLit-OA_processed/generic/acspolymersau/4c00006_s1_7.corrected.mol	C{[>][<]CC[C@](O)CCCCC[>][<]}C	[H]CC{[<][>]CCCCC(O)CCC[<][>]}[H]
PolymerLit-OA_processed/generic/acspolymersau/4c00009_s2_1.corrected.mol	CO{[>][<]CCO[>][<]}CCOC(CCC(C)(C)SC(=S)C1=CC=CC=C1)=O	[H]c(cc1)c(cc1)C(=S)SC(C)(C)CCC(=O)OCCOC{[<][>]COC[<][>]}[H]
PolymerLit-OA_processed/generic/acspolymersau/4c00009_s2_2.corrected.mol	CO{[>][<]CCO[>][<]}CCOC(CCC({[>][<]CC(C)(C(=O)OCCOC(=O)[Fe])[>][<]}{[>][<]CC(C)(C(=O)OCCOC(=O)C)[>][<]}SC(=S)C1=CC=CC=C1)(C)C)=O	{[][>1]CC(C)(C(OCCOC(C)=O)=O)[<1];[H]COCCO{[<][>]CCO[<][>]}C(=O)CCC(C)(C)[<1],[H]COCCO{[<][>]CCO[<][>]}C(=O)CCC(C)(C)C{[<][>]C(C(=O)OCCOC(=O)[Fe])(C)C[<][>]}C(C(=O)OCCOC(=O)[Fe])(C)[<1],[>1]SC(=S)c(cc1)c(cc1)[H][]}
PolymerLit-OA_processed/generic/acspolymersau/4c00009_s2_3.corrected.mol	CO{[>][<]CCO[>][<]}CCOC(CCC({[>][<]CC(C)(C(=O)OCCOC(=O)C)[>][<]}{[>][<]CC(C)(C(=O)OCCOC(=O)[Fe])[>][<]}SC(=S)C1=CC=CC=C1)(C)C)=O	{[][>1]CC(C(=O)OCCOC(=O)[Fe])(C)[<1];[H]COCCO{[<][>]CCO[<][>]}C(=O)CCC(C)(C)[<1],[H]COCCO{[<][>]CCO[<][>]}C(=O)CCC(C)(C)C{[<][>]C(C)(C(OCCOC(C)=O)=O)C[<][>]}C(C)(C(OCCOC(C)=O)=O)[<1],[>1]SC(=S)c(cc1)c(cc1)[H][]}
PolymerLit-OA_processed/generic/acspolymersau/4c00009_s2_4.corrected.mol	CO{[>][<]CCO[>][<]}CCOC(CCC({[>][<]CC(C)(C(=O)OCCOC(=O)COC1=CC=C2C(OC(C=C2)=O)=C1)[>][<]}SC(=S)C1=CC=CC=C1)(C)C)=O	[H]c(cc3)c(cc3)C(=S)S{[<][>]C(C(=O)OCCOC(=O)COc(cc1oc2=O)ccc1cc2)(C)C[<][>]}C(C)(C)CCC(=O)OCCOC{[<][>]COC[<][>]}[H]
PolymerLit-OA_processed/generic/acspolymersau/4c00013_s1_1.corrected.mol	C{[>][<]OCC{[>][<]C[>][<]}CCOC(=O)C[C@@](NC({[>][<]C[>][<]}CC)=O)C(=O)[>][<]}C	{[][>1]C[<1];[H]CC[H],[H]CO{[<2][>2]C[<2],[>2]CCCCOC(=O)CC(C(=O)O[<2])NC(=O)[<1][>2]}CCCCOC(=O)CC(C(=O)C[H])NC(=O)[<1],[H]CC[H],[>1]CC[H][]}
PolymerLit-OA_processed/generic/acspolymersau/4c00013_s1_2.corrected.mol	OCC{[>][<]C[>][<]}CCO	[H]O{[<][>]C[<][>]}CCCCO[H]
PolymerLit-OA_processed/generic/acspolymersau/4c00013_s1_3.corrected.mol	C{[>][<]C(=O)[C@](NC(=O)C1(COC(OC1)(C)C)C)CC(=O)OCC{[>][<]C[>][<]}CCO[>][<]}C	{[][>1]C[<1],[>1]CCCCOC(=O)CC(NC(C(CO1)(COC1(C)C)C)=O)C(=O)O[<1];[H]CO[<1],[H]CC[H],[H]CC[H],[>1]CCCCOC(=O)CC(NC(C(CO1)(COC1(C)C)C)=O)C(=O)C[H][]}
PolymerLit-OA_processed/generic/acspolymersau/4c00013_s1_4.corrected.mol	C{[>][<]C(=O)[C@](NC(=O)C1(C)COC(OC1)(C)C)CC(=O)OCC{[>][<]C[>][<]}CCO[>][<]}{[>][<]C(=O)C[C@](N(C({[>][<]C[>][<]}CC)=O)[H])C(=O)OCC{[>][<]C[>][<]}CCO[>][<]}C	{[][>1]C[<1],[>3]CCCCOC(=O)CC(C(=O)O[<3])NC(=O)[<1],[>3]C[<3];[H]CC(=O)CC(C(=O)O[<3])NC(=O)[<1],[H]CC[H],[H]CC(=O)C(NC(C(CO1)(COC1(C)C)C)=O)CC(=O)O{[<][>]C[<],[>]CCCCOC(=O)C(NC(C(CO1)(COC1(C)C)C)=O)CC(=O)O[<][>]}[<3],[H]CC[H],[>1]CC[H],[>3]CCCCOC[H][]}
PolymerLit-OA_processed/generic/acspolymersau/4c00013_s2_1.corrected.mol	C{[>][<]C(=O)[C@](NC(=O)C(C)(CO)CO)CC(=O)OCC{[>][<]C[>][<]}CCO[>][<]}{[>][<]C(=O)C[C@@](N(C({[>][<]C[>][<]}CC)=O)[H])C(=O)OCC{[>][<]C[>][<]}CCO[>][<]}C	{[][>1]C[<1],[>3]CCCCOC(=O)CC(C(=O)O[<3])NC(=O)[<1],[>3]C[<3];[H]CC(=O)CC(C(=O)O[<3])NC(=O)[<1],[H]CC[H],[H]CC(=O)C(NC(C(C)(CO)CO)=O)CC(=O)O{[<][>]C[<],[>]CCCCOC(=O)C(NC(C(C)(CO)CO)=O)CC(=O)O[<][>]}[<3],[H]CC[H],[>1]CC[H],[>3]CCCCOC[H][]}
PolymerLit-OA_processed/generic/acspolymersau/4c00029_f1_1.corrected.mol	[H]{[>][<]N[C@](CCCCN)C(=O)N[C@@](CCC(=O)O)C(=O)[>][<]}O	[H]{[<][>]NC(CCCCN)C(=O)NC(CCC(=O)O)C(=O)[<][>]}O[H]
PolymerLit-OA_processed/generic/acspolymersau/4c00029_f1_2.corrected.mol	C{[>][<]OCC[>][<]}CC({[>][<]N[C@](CCCCN)C(=O)N[C@@](CCC(=O)O)C(=O)[>][<]}O)=O	[H]O{[<][>]NC(CCCCN)C(=O)NC(CCC(=O)O)C(=O)[<][>]}C(=O)CC{[<][>]COC[<][>]}[H]
PolymerLit-OA_processed/generic/acspolymersau/4c00029_f1_3.corrected.mol	[H]{[>][<]N[C@](CCCCNC)C(=O)N[C@@](CCC(=O)C)C(=O)[>][<]}C	[H]{[<][>]NC(CCCCNC)C(=O)NC(CCC(C)=O)C(=O)[<][>]}C[H]
PolymerLit-OA_processed/generic/acspolymersau/4c00029_f4_1.corrected.mol	[H]{[>][<]N[C@](CCCCNC)C(=O)N[C@@](CCC(=O)C)C(=O)[>][<]}C	[H]{[<][>]NC(CCCCNC)C(=O)NC(CCC(C)=O)C(=O)[<][>]}C[H]
PolymerLit-OA_processed/generic/acspolymersau/4c00029_f4_2.corrected.mol	C{[>][<]OCC[>][<]}CC(O)=O	[H]OC(=O)CC{[<][>]COC[<][>]}[H]
PolymerLit-OA_processed/generic/acspolymersau/4c00029_f4_3.corrected.mol	C{[>][<]OCC[>][<]}CC({[>][<]N[C@](CCCCNC)C(=O)N[C@@](CCC(=O)C)C(=O)[>][<]}C)=O	[H]C{[<][>]OCC[<][>]}CC(=O){[<][>]NC(CCCCNC)C(=O)NC(CCC(C)=O)C(=O)[<][>]}C[H]
PolymerLit-OA_processed/generic/acspolymersau/4c00029_si_ss4_1.corrected.mol	C{[>][<]OCC[>][<]}C	[H]C{[<][>]OCC[<][>]}C[H]
PolymerLit-OA_processed/generic/acspolymersau/4c00029_si_ss4_2.corrected.mol	C{[>][<]OCC[>][<]}C	[H]C{[<][>]OCC[<][>]}C[H]
PolymerLit-OA_processed/generic/acspolymersau/4c00029_si_ss4_3.corrected.mol	C{[>][<]OCC[>][<]}O	[H]OC{[<][>]COC[<][>]}[H]
PolymerLit-OA_processed/generic/acspolymersau/4c00029_si_ss4_4.corrected.mol	C{[>][<]OCC[>][<]}C(C(=O)C)C(C)=O	[H]C{[<][>]OCC[<][>]}C(C(C)=O)C(=O)C[H]
PolymerLit-OA_processed/generic/acspolymersau/4c00029_si_ss4_5.corrected.mol	C{[>][<]OCC[>][<]}C(C(=O)O)C(O)=O	[H]OC(=O)C(C(=O)O)C{[<][>]COC[<][>]}[H]
PolymerLit-OA_processed/generic/acspolymersau/4c00033_s1_1.corrected.mol	C{[>][<]C[>][<]}SC(SC(C)(C#N)CCCO)=S	[H]{[<][>]C[<][>]}CSC(=S)SC(C#N)(C)CCCO[H]
PolymerLit-OA_processed/generic/acspolymersau/4c00033_s1_2.corrected.mol	OC(=O)CCC(C)(C#N){[>][<]C(C)(C(=O)OC({[>][<]C(C)C(=O)OC(C)C(=O)O[>][<]}O[H])C)C[>][<]}SC(=S)SCC	[H]OC(=O)CCC(C#N)(C){[<][>]C(C)(C(=O)OC(C){[<][>]C(C)C(=O)OC(C)C(=O)O[<][>]}O[H])C[<][>]}SC(=S)SCC[H]
PolymerLit-OA_processed/generic/acspolymersau/4c00033_s1_3.corrected.mol	C=C(C(=O)O{[>][<]CCO[>][<]}C)C	[H]CO{[<][>]CCO[<][>]}C(=O)C(=C)C[H]
PolymerLit-OA_processed/generic/acspolymersau/4c00033_s1_4.corrected.mol	[H]O{[>][<]C(C)C(=O)OC(C)C(=O)O[>][<]}CCCC({[>][<]CC(C)(C(=O)O{[>][<]CCO[>][<]}C)[>][<]}SC(=S)S{[>][<]C[>][<]}C)(C)C#N	[H]{[<][>]C[<][>]}CSC(=S)S{[<][>]OC(=O)C(C)OC(=O)C(C)[<][>]}C(C#N)(C)CCC{[<][>]CC(C)([<])C(=O)OC{[<][>]COC[<][>]}[H][>]}O[H]
PolymerLit-OA_processed/generic/acspolymersau/4c00033_s1_5.corrected.mol	OC(=O)CCC(C)(C#N){[>][<]C(C)(C(=O)NC({[>][<]C(C)C(=O)OC(C)C(=O)O[>][<]}O[H])C)C[>][<]}SC(=S)SCC	[H]OC(=O)CCC(C#N)(C){[<][>]C(C)(C(=O)NC(C){[<][>]C(C)C(=O)OC(C)C(=O)O[<][>]}O[H])C[<][>]}SC(=S)SCC[H]
PolymerLit-OA_processed/generic/acspolymersau/4c00048_s1_1.corrected.mol	{[][<]SC(=S)N(CC1=CC=CC=C1)CCN(CC1=CC=CC=C1)C(=S)SCC(=O)OCCN(S(=O)(=O)C=1C=CC=C2C1C=CC=C2N(C)C)CCOC(=O)C[>][]}	{[][>]SC(=S)N(Cc(cc6)ccc6)CCN(Cc(cc3)ccc3)C(=S)SCC(=O)OCCN(S(c(cc1)c(ccc2)c(c1)c2N(C)C)(=O)=O)CCOC(=O)C[<][]}
PolymerLit-OA_processed/generic/acspolymersau/4c00050_s1_1.corrected.mol	C{[>][<]C1=CC=C(S1)C1=CC=C(S1)/C1=C/2C=3/C4=C/(C(N(CC(C)C)C(=O)/C4=C\1)=O)\C=C/C3/C1=C/(/C=C\3C=4\C1=C\2\C=C/C4C(N(C3=O)CC(C)C)=O)C1=CC=C(S1)C1=CC=C(S1)C1=CC=C2C(=C1)C(C)(C)C1=C2C=CC(=C1)[>][<]}C	C{[>][<]C1=CC=C(S1)C1=CC=C(S1)/C1=C/2C=3/C4=C/(C(N(CC(C)C)C(=O)/C4=C\1)=O)\C=C/C3/C1=C/(/C=C\3C=4\C1=C\2\C=C/C4C(N(C3=O)CC(C)C)=O)C1=CC=C(S1)C1=CC=C(S1)C1=CC=C2C(=C1)C(C)(C)C1=C2C=CC(=C1)[>][<]}C
PolymerLit-OA_processed/generic/acspolymersau/4c00050_s1_2.corrected.mol	C{[>][<]C1=CC2=C(C=C1)C1=CC=C(C=C1C2(C)C)C1=CC=C(S1)C1=CC=C(S1)/C1=C/C2=C3/C4=C\1C(=O)N(CC(C)C)C(=O)\C4=C/C(=C\3C(N(C2=O)CC(C)C)=O)C1=CC=C(S1)C1=CC=C(S1)[>][<]}C	[H]C{[<][>]c(cc%10)cc(c%10-c%10cc%11)C(C)(C)c%10cc%11c(cc%10)sc%10c(cc%10)sc%10c(c(c4c(c5)C6=O)C(N6CC(C)C)=O)cc(C(=O)N6CC(C)C)c4c(C6=O)c5c(cc2)sc2c(cc1)sc1[<][>]}C[H]
PolymerLit-OA_processed/generic/acspolymersau/4c00059_s1_1.corrected.mol	C{[>][<]C1=CC=C(C=C1)C(C)(C)C1=CC=C(C=C1)OC1=CC(C(C)(C2=C(C(=C(C(=C2F)F)F)F)F)O)=C(C=C1)S(=O)(=O)C1=CC=C(C=C1C(C)(C1=C(C(=C(C(=C1F)F)F)F)F)O)[>][<]}C.F	C{[>][<]C1=CC=C(C=C1)C(C)(C)C1=CC=C(C=C1)OC1=CC(C(C)(C2=C(C(=C(C(=C2F)F)F)F)F)O)=C(C=C1)S(=O)(=O)C1=CC=C(C=C1C(C)(C1=C(C(=C(C(=C1F)F)F)F)F)O)[>][<]}C.F
PolymerLit-OA_processed/generic/acspolymersau/4c00059_s1_2.corrected.mol	C{[>][<]C1=CC=C(C=C1)C(C)(C)C1=CC=C(C=C1)OC1=CC=C(C=C1)S(=O)(=O)C1=CC=C(C=C1)[>][<]}C	[H]C{[<][>]c(cc8)ccc8S(=O)(=O)c(cc4)ccc4Oc(cc2)ccc2C(C)(C)c(cc1)ccc1[<][>]}C[H]
PolymerLit-OA_processed/generic/acspolymersau/4c00059_s1_3.corrected.mol	C{[>][<]C1=CC=C(C=C1)C(C)(C)C1=CC=C(C=C1)OC1=CC([Li])=C(C=C1)S(=O)(=O)C1=CC=C(C=C1[Li])[>][<]}C	[H]C{[<][>]c(cc8)ccc8C(C)(C)c(cc4)ccc4Oc(cc2)cc([Li])c2S(=O)(=O)c(c(c1)[Li])ccc1[<][>]}C[H]
PolymerLit-OA_processed/generic/acspolymersau/4c00059_s1_4.corrected.mol	C{[>][<]C1=CC=C(C=C1)C(C)(C)C1=CC=C(C=C1)OC1=CC(C(C)(C2=C(C(=C(C(=C2F)F)C)F)F)O)=C(C=C1)S(=O)(=O)C1=CC=C(C=C1C(C)(C=1C(F)=C(F)C(C)=C(F)C1F)O)[>][<]}C	[H]C{[<][>]c(cc9)cc(C(c(c(F)c%10F)c(c(c%10C)F)F)(C)O)c9S(=O)(=O)c(c(c4)C(c(c(F)c5F)c(c(c5C)F)F)(C)O)ccc4Oc(cc2)ccc2C(C)(C)c(cc1)ccc1[<][>]}C[H]
PolymerLit-OA_processed/generic/acspolymersau/4c00073_s2_1.corrected.mol	C{[>][<]N[C@](CCCCN)C(=O)[>][<]}C	[H]C{[<][>]NC(CCCCN)C(=O)[<][>]}C[H]
PolymerLit-OA_processed/generic/acspolymersau/4c00074_f1_1.corrected.mol	OC(C({[>][<]CC(C(=O)N(C)C)[>][<]}SC(=S)SCCC(=O)O)C)=O	[H]OC(=O)CCSC(=S)S{[<][>]C(C(N(C)C)=O)C[<][>]}C(C(=O)O)C[H]
PolymerLit-OA_processed/generic/acspolymersau/4c00074_f1_2.corrected.mol	OC(C({[>][<]CC(C(=O)N(C)C)[>][<]}{[>][<]CC(C(=O)NC(C)(C)CC(=O)C)[>][<]}SC(=S)SCCC(=O)O)C)=O	{[][>1]CC(C(NC(CC(C)=O)(C)C)=O)[<1];[H]CC(C(=O)O)[<1],[H]CC(C(=O)O)C{[<][>]C(C(N(C)C)=O)C[<][>]}C(C(N(C)C)=O)[<1],[>1]SC(=S)SCCC(=O)O[H][]}
PolymerLit-OA_processed/generic/acspolymersau/4c00079_s1_1.corrected.mol	{[][<]SC1=CC=C(C=C1)SC1=CC=C(C=C1)SC1=C(SCCCS(=O)(=O)O)C(F)=C(C(=C1F)SCCCS(=O)(=O)O)C1=C(SCCCS(=O)(=O)O)C(F)=C(C(=C1F)SCCCS(=O)(=O)O)[>][]}	{[][>]c(c(c8F)SCCCS(=O)(=O)O)c(F)c(SCCCS(=O)(=O)O)c8c(c(c4F)SCCCS(=O)(=O)O)c(F)c(SCCCS(=O)(=O)O)c4Sc(cc2)ccc2Sc(cc1)ccc1S[<][]}
PolymerLit-OA_processed/generic/acspolymersau/4c00079_s1_2.corrected.mol	{[][<]SC1=CC=C(C=C1)SC1=CC=C(C=C1)SC1=C(F)C(F)=C(C(=C1F)F)C1=C(F)C(F)=C(C(=C1F)F)[>][]}	{[][>]c(c(c8F)F)c(F)c(F)c8c(c(c4F)F)c(F)c(F)c4Sc(cc2)ccc2Sc(cc1)ccc1S[<][]}
PolymerLit-OA_processed/generic/acspolymersau/4c00088_a_1.corrected.mol	C=C(C)C(=O)OCC(O)CO{[>][<]C1=CC=C(C=C1)C(C)(C)C1=CC=C(C=C1)OCC(O)CO[>][<]}C1=CC=C(C=C1)C(C1=CC=C(C=C1)OCC(COC(=O)C(C)=C)O)(C)C	[H]CC(=C)C(=O)OCC(O)COc(cc2)ccc2C(C)(C)c(cc1)ccc1OCC(O)CO{[<][>]c(cc2)ccc2C(C)(C)c(cc1)ccc1OCC(O)CO[<][>]}C(=O)C(=C)C[H]
PolymerLit-OA_processed/generic/acspolymersau/4c00088_f3_1.corrected.mol	CC(C1=CC=C(C=C1)OCC1CO1)(C1=CC=C(C=C1)O{[>][<]CC(OC(C(CC[R])O)CC[R])COC1=CC=C(C=C1)C(C)(C)C1=CC=C(C=C1)O[>][<]}CC1CO1)C	CC(C1=CC=C(C=C1)OCC1CO1)(C1=CC=C(C=C1)O{[>][<]CC(OC(C(CC[R])O)CC[R])COC1=CC=C(C=C1)C(C)(C)C1=CC=C(C=C1)O[>][<]}CC1CO1)C
PolymerLit-OA_processed/generic/acspolymersau/4c00088_f3_2.corrected.mol	C=C(C)C(O{[>][<]CC(O)COC1=CC=C(C=C1)C(C)(C)C1=CC=C(C=C1)O[>][<]}CC(COC(=O)C(C)=C)O)=O	[H]CC(=C)C(=O)O{[<][>]Oc(cc2)ccc2C(C)(C)c(cc1)ccc1OCC(O)C[<][>]}CC(O)COC(=O)C(=C)C[H]
PolymerLit-OA_processed/generic/acspolymersau/4c00088_f3_3.corrected.mol	failed to obtain BigSMILES	failed to obtain BigSMILES
PolymerLit-OA_processed/generic/acspolymersau/4c00089_a_1.corrected.mol	OC{[>][<]C=C[>][<]}C{[>][<]CC(C=C)[>][<]}C{[>][<]C=C[>][<]}CO	[H]OC{[<][>]C=C[<][>]}C{[<][>]CC(C=C)[<][>]}C{[<][>]C=C[<][>]}CO[H]
PolymerLit-OA_processed/generic/acspolymersau/4c00089_a_2.corrected.mol	CC=1C=C(C=CC1C)CC{[>][<]C=C[>][<]}C{[>][<]CC(C=C)[>][<]}C{[>][<]C=C[>][<]}CCC1=CC(=C(C)C=C1)C	[H]Cc(c(c2)C)cc(c2)CC{[<][>]C=C[<][>]}C{[<][>]CC(C=C)[<][>]}C{[<][>]C=C[<][>]}CCc(ccc1C)cc1C[H]
PolymerLit-OA_processed/generic/acspolymersau/4c00095_a_1.corrected.mol	CC({[>][<]CC(C)(C(=O)OCC1=CC=CC=C1)[>][<]}SC(=S)C1=CC=CC=C1)(C)C	[H]c(cc2)c(cc2)C(=S)S{[<][>]C(C(=O)OCc(cc1)ccc1)(C)C[<][>]}C(C)(C)C[H]
PolymerLit-OA_processed/generic/acspolymersau/4c00096_s1_1.corrected.mol	C=C[Si](C)(C){[>][<]O[Si](C)(C)[>][<]}O[Si](C)(C)O[Si](C)(O[Si](C)(C)O[Si](C)(C)O[Si](C)(C)C=C)C	[H]C(=C)[Si](C)(C)O[Si](C)(C)O[Si](C)(C)O[Si](C)(C)O[Si](C)(C)O[Si](C)(C){[<][>]O[Si](C)(C)[<][>]}C(=C)[H]
PolymerLit-OA_processed/generic/acspolymersau/4c00099_f1_1.corrected.mol	{[][<]C(C(=O)NCCNC(=O)C(C[>])[<])C[>][<]}({[>][<]CC(C(=O)N)[>][<]}){[>][<]C(C(=O)N)C[>][]}	{[][<]C(C(=O)NCCNC(=O)C(C[>])[<])C[>][<]}({[>][<]CC(C(=O)N)[>][<]}){[>][<]C(C(=O)N)C[>][]}
PolymerLit-OA_processed/generic/acspolymersau/4c00101_s2_1.corrected.mol	[R]{[>][<]CC(C)[>][<]}CCC	[R]{[>][<]CC(C)[>][<]}CCC
PolymerLit-OA_processed/generic/acspolymersau/4c00101_s2_2.corrected.mol	[R]{[>][<]CC(C)[>][<]}CC(SC(=S)C)C	[R]{[>][<]CC(C)[>][<]}CC(SC(=S)C)C
PolymerLit-OA_processed/generic/acspolymersau/5c00007_f3_1.corrected.mol	C(C1CO1){[>][<]OCC[>][<]}OCC1CO1	[H]C(C2)(O2)CO{[<][>]OCC[<][>]}CC(C1)(O1)[H]
PolymerLit-OA_processed/generic/acspolymersau/5c00007_f3_2.corrected.mol	SC{[>][<]COC[>][<]}COCC(COC{[>][<]COC[>][<]}CS)(COC{[>][<]COC[>][<]}CS)COC{[>][<]COC[>][<]}CS	[H]SCCOC{[<][>]COC[<][>]}C(COCC{[<][>]OCC[<][>]}S[H])(COCC{[<][>]OCC[<][>]}S[H])COCC{[<][>]OCC[<][>]}S[H]
PolymerLit-OA_processed/generic/acspolymersau/5c00007_f3_3.corrected.mol	C[Si]({[>][<]C[>][<]}OCC1CO1)(O[Si]({[>][<]C[>][<]}OCC1CO1)(C)C)C	[H]C(C2)(O2)CO{[<][>]C[<][>]}[Si](C)(C)O[Si](C)(C){[<][>]C[<][>]}OCC(C1)(O1)[H]
PolymerLit-OA_processed/generic/acspolymersau/5c00007_f3_4.corrected.mol	C[Si]1({[>][<]C[>][<]}OCC2CO2)O[Si]({[>][<]C[>][<]}OCC2CO2)(O[Si]({[>][<]C[>][<]}OCC2CO2)(C)O[Si]({[>][<]C[>][<]}OCC2CO2)(C)O1)C	[H]C(C4)(O4)CO{[<][>]C[<][>]}[Si](O[Si](O2)(C){[<][>]C[<][>]}OCC(C1)(O1)[H])(C)O[Si](C)(O[Si]2({[<][>]C[<][>]}OCC(C1)(O1)[H])C){[<][>]C[<][>]}OCC(C1)(O1)[H]
PolymerLit-OA_processed/generic/acspolymersau/5c00009_a_1.corrected.mol	C{[>][<]C/C=C\(C)C[>][<]}C	C{[>][<]C/C=C\(C)C[>][<]}C
PolymerLit-OA_processed/generic/acspolymersau/5c00009_a_2.corrected.mol	C{[>][<]C/C=C\(C)CCC1OC1(C)C[>][<]}C	C{[>][<]C/C=C\(C)CCC1OC1(C)C[>][<]}C
PolymerLit-OA_processed/generic/acspolymersau/5c00012_f1_1.corrected.mol	N{[>][<][K][>][<]}C(=O)SSN{[>][<][K][>][<]}C(=O)CCC	N{[>][<][K][>][<]}C(=O)SSN{[>][<][K][>][<]}C(=O)CCC
PolymerLit-OA_processed/generic/acspolymersau/5c00012_f1_2.corrected.mol	C{[>][<]OCC[>][<]}NC(CCC(=O)N1C2=C(C#CC3=C(C1)C=CC=C3)C=CC=C2)=O	[H]C{[<][>]OCC[<][>]}NC(=O)CCC(=O)N(c(ccc1)c(c1)C#C1)C(c(c1c1)ccc1)[H]
PolymerLit-OA_processed/generic/acspolymersau/5c00012_f1_3.corrected.mol	N{[>][<][K][>][<]}C(=O)SSN{[>][<][K][>][<]}C(=O)SSN{[>][<][K][>][<]}C(=O)CCC	N{[>][<][K][>][<]}C(=O)SSN{[>][<][K][>][<]}C(=O)SSN{[>][<][K][>][<]}C(=O)CCC
PolymerLit-OA_processed/generic/acspolymersau/5c00012_f1_4.corrected.mol	N{[>][<]C(=O)[C@](CCCCN)N[>][<]}C(=O)CCC	[H]NC(=O){[<][>]C(CCCCN)NC(=O)[<][>]}CCC[H]
PolymerLit-OA_processed/generic/acspolymersau/5c00016_s1_1.corrected.mol	CC{[>][<]=C{[>][<]C[>][<]}C(=O)O[C@]1CO[C@]2([H])[C@]1([H])OC[C@@]2OC(=O){[>][<]C[>][<]}C=[>][<]}CC	{[][>1]C[<1];[H]C[<1],[H]{[<][>]C[<],[>]CCCC(=O)OC(CO1)C(OC2)C1C2O{[<][>]C(=O)CCC(=O)OC(CO1)C(OC2)C1C2O[<][>]}C(=O)[<][>]}CCCC(=O)OC(CO1)C(OC2)C1C2O{[<][>]C(=O)CCC(=O)OC(CO1)C(OC2)C1C2O[<][>]}C(=O){[<][>]C[<][>]}[<1],[>1]CCC[H][]}
PolymerLit-OA_processed/generic/acspolymersau/5c00016_s1_2.corrected.mol	C{[>][<]{[>][<]C[>][<]}C(=O)O[C@]1CO[C@]2([H])[C@@](CO[C@]12[H])OC(=O)[>][<]}C	[H]C{[<][>]C[<],[>]C(=O)OC(CO1)C(OC2)C1C2OC(=O){[<][>]C[<][>]}[<][>]}C[H]
PolymerLit-OA_processed/generic/acspolymersau/5c00016_s1_3.corrected.mol	C=C{[>][<]C[>][<]}C(O[C@]1CO[C@]2([C@@](CO[C@]12[H])OC({[>][<]C[>][<]}C=C)=O)[H])=O	[H]C(=C){[<][>]C[<][>]}C(=O)OC(CO1)C(OC2)C1C2OC(=O){[<][>]C[<][>]}C(=C)[H]
PolymerLit-OA_processed/generic/acspolymersau/5c00016_s1_4.corrected.mol	C{[>][<]=C{[>][<]C[>][<]}C(=O)O[C@]1CO[C@]2([H])[C@@](CO[C@]12[H])OC(=O){[>][<]C[>][<]}C=[>][<]}C	{[][>1]C[<1];[H]CC[H],[H]{[<][>]C[<],[>]CCC(=O)OC(CO1)C(OC2)C1C2OC(=O)[<][>]}CCC(=O)OC(CO1)C(OC2)C1C2OC(=O)[<1],[H]CC[H],[>1]CC[H][]}
PolymerLit-OA_processed/generic/acspolymersau/5c00016_s1_5.corrected.mol	C{[>][<]=C{[>][<]C[>][<]}C(=O)O[C@]1CO[C@]2([H])[C@]1([H])OC[C@@]2OC(=O){[>][<]C[>][<]}C=[>][<]}C	{[][>1]C[<1];[H]CC[H],[H]{[<][>]C[<],[>]CCC(=O)OC(CO1)C(OC2)C1C2OC(=O)[<][>]}CCC(=O)OC(CO1)C(OC2)C1C2OC(=O)[<1],[H]CC[H],[>1]CC[H][]}
PolymerLit-OA_processed/generic/acspolymersau/5c00016_s2_1.corrected.mol	CC1=CC=C(C=C1)C{[>][<]=C{[>][<]C[>][<]}C(=O)O[C@@]1CO[C@]2([H])[C@]1([H])OC[C@]2OC(=O){[>][<]C[>][<]}C=[>][<]}CC1=CC=C(C=C1)C	{[][>1]C[<1];[H]Cc(cc%10)ccc%10CCc(cc1)ccc1C[H],[H]Cc(cc5)ccc5{[<][>]C[<],[>]CCC(=O)OC(CO2)C(OC3)C2C3OC(=O)[<][>]}CCC(=O)OC(CO2)C(OC3)C2C3OC(=O)[<1],[>1]CCc(cc1)ccc1C[H],[H]Cc(cc%10)ccc%10CCc(cc1)ccc1C[H][]}
PolymerLit-OA_processed/generic/acspolymersau/5c00016_s2_2.corrected.mol	C{[>][<]OCC[>][<]}OC1=CC=C(C=C1)C{[>][<]=C{[>][<]C[>][<]}C(=O)O[C@@]1CO[C@]2([H])[C@]1([H])OC[C@]2OC(=O){[>][<]C[>][<]}C=[>][<]}CC1=CC=C(C=C1)O{[>][<]CCO[>][<]}C	[H]CO{[<][>]CCO[<];[>]c(cc%10)ccc%10CCc(cc1)ccc1OC{[<][>]COC[<][>]}{[<][>]COC[<][>]}[H],[>]c(cc5)ccc5{[<][>]C[<],[>]CCC(=O)OC(CO2)C(OC3)C2C3OC(=O)[<][>]}CCC(=O)OC(CO2)C(OC3)C2C3OC(=O){[<][>]C[<][>]}CCc(cc1)ccc1OC{[<][>]COC[<][>]}[H][]}
PolymerLit-OA_processed/generic/acspolymersau/5c00016_s2_3.corrected.mol	C{[>][<]CCO[>][<]}C	[H]C{[<][>]OCC[<][>]}C[H]
PolymerLit-OA_processed/generic/acspolymersau/5c00020_f4_1.corrected.mol	[H]{[>][<]CC(C)(C(=O)O[R])[>][<]}CC(=C)C(O[R])=O	[H]{[>][<]CC(C)(C(=O)O[R])[>][<]}CC(=C)C(O[R])=O
PolymerLit-OA_processed/generic/macromolecules/401311s_s1_1.corrected.mol	C{[>][<[<]1]C1=C2C=CC3=C([>[>]2])C=C([<[<]1])C4=CC=C(C2=C34)C(=C1)[>[>]2][<]}(C)(C)C	C{[>][<[<]1]C1=C2C=CC3=C([>[>]2])C=C([<[<]1])C4=CC=C(C2=C34)C(=C1)[>[>]2][<]}(C)(C)C
PolymerLit-OA_processed/generic/macromolecules/401311s_s1_2.corrected.mol	C1=CC2=CC=C3C({[>][<]C4=C\5\C=C/C6=C(/C=C\C=7C6=C5\C(\C=C/4)=C\C7)[>][<]}C4=CC=C5C=CC6=CC=CC7=CC=C4C5=C67)=CC=C4/C=C\C(=C1)C2=C43	C1=CC2=CC=C3C({[>][<]C4=C\5\C=C/C6=C(/C=C\C=7C6=C5\C(\C=C/4)=C\C7)[>][<]}C4=CC=C5C=CC6=CC=CC7=CC=C4C5=C67)=CC=C4/C=C\C(=C1)C2=C43
PolymerLit-OA_processed/generic/macromolecules/401311s_s1_3.corrected.mol	C1=C\C2=C\C=C\3C=CC({[>][<]C4=C/C(=C\5C6=C7\C(\C=C/C=C\7\C=C/5)=C\C=C\46)[>][<]}C4=CC=C5C=CC6=CC=CC7=CC=C4C5=C67)=C4C3=C2\C(=C/1)/C=C\4	C1=C\C2=C\C=C\3C=CC({[>][<]C4=C/C(=C\5C6=C7\C(\C=C/C=C\7\C=C/5)=C\C=C\46)[>][<]}C4=CC=C5C=CC6=CC=CC7=CC=C4C5=C67)=C4C3=C2\C(=C/1)/C=C\4
PolymerLit-OA_processed/generic/macromolecules/402069b_s2_1.corrected.mol	C{[>][<]C(C)(C(OC)=O)C[>][<]}C(C)(C(=O)OC)C{[>][<]C(C)(C(=O)OCC[R])C[>][<]}C	C{[>][<]C(C)(C(OC)=O)C[>][<]}C(C)(C(=O)OC)C{[>][<]C(C)(C(=O)OCC[R])C[>][<]}C
PolymerLit-OA_processed/generic/macromolecules/402069b_s2_2.corrected.mol	C{[>][<]C(C1=CC=C(C=C1)C)C[>][<]}C(C1=CC=CC=C1)C{[>][<]C(C1=CC=CC=C1)C[>][<]}C(C1=CC=CC=C1)C	[H]CC(c(cc2)ccc2)CC(c(cc1)ccc1){[<][>]CC(c(cc1)ccc1)[<][>]}C{[<][>]C(c(cc8)ccc8C)C[<][>]}[H]
PolymerLit-OA_processed/generic/macromolecules/500163u_s2_1.corrected.mol	C{[>][<]C=1SC(=C(C)C1)C1=CC2=C(S1)C1=C(C3=C2C=C(S3)C(=O)C)C=C(S1)C1=C(C)C=C(S1)[>][<]}C	[H]C{[<][>]c(cc6C)sc6c(cc2c(cc3C(C)=O)c4s3)sc2c(c4c2)sc2c(c(c1)C)sc1[<][>]}C[H]
PolymerLit-OA_processed/generic/macromolecules/500163u_s2_2.corrected.mol	C{[>][<]C=1SC(=C(C)C1)C1=CC2=C(S1)C1=C(C3=C2C=C(S3)C)C=C(S1)C1=C(C)C=C(S1)[>][<]}C	[H]C{[<][>]c(cc6C)sc6c(cc2c(cc3C)c4s3)sc2c(c4c2)sc2c(c(c1)C)sc1[<][>]}C[H]
PolymerLit-OA_processed/generic/macromolecules/500163u_s2_3.corrected.mol	C{[>][<]C1=C(C)C=C(S1)C1=CC2=C(S1)C1=C(C3=C2C=C(S3)C(=O)C)C=C(S1)C1=CC(C)=C(S1)[>][<]}C	[H]C{[<][>]c(c(c6)C)sc6c(cc2c(cc3C(C)=O)c4s3)sc2c(c4c2)sc2c(cc1C)sc1[<][>]}C[H]
PolymerLit-OA_processed/generic/macromolecules/500163u_s2_4.corrected.mol	C{[>][<]C1=C(C)C=C(S1)C1=CC2=C(S1)C1=C(C3=C2SC(C)=C3)C=C(S1)C=1SC(=C(C)C1)[>][<]}C	[H]C{[<][>]c(c(c6)C)sc6c(cc2c(cc3C)c4s3)sc2c(c4c2)sc2c(cc1C)sc1[<][>]}C[H]
PolymerLit-OA_processed/generic/macromolecules/501140h_f1_1.corrected.mol	CC({[>][<]CC(C)(C(=O)OCC(CO)O)[>][<]}SC(=S)C1=CC=CC=C1)(C)C	[H]c(cc1)c(cc1)C(=S)S{[<][>]C(C(=O)OCC(O)CO)(C)C[<][>]}C(C)(C)C[H]
PolymerLit-OA_processed/generic/macromolecules/501140h_f1_2.corrected.mol	C{[>][<]CC(C)(C(=O)OCC(CO)O)[>][<]}{[>][<]CC(C(OCC1=CC=CC=C1)=O)(C)[>][<]}C	[H]{[<][>]CC(C(=O)OCc(cc2)ccc2)(C)[<][>]}C{[<][>]C(C(=O)OCC(O)CO)(C)C[<][>]}C[H]
PolymerLit-OA_processed/generic/macromolecules/5014308_f1_1.corrected.mol	C{[>][<]C=1SC2=C(C1)C(C)(C)C=1C=C(SC12)C1=CC=C([X]1)[>][<]}C	C{[>][<]C=1SC2=C(C1)C(C)(C)C=1C=C(SC12)C1=CC=C([X]1)[>][<]}C
PolymerLit-OA_processed/generic/macromolecules/502460t_s2_1.corrected.mol	S{[>][<]CCO[>][<]}C	[H]SC{[<][>]COC[<][>]}[H]
PolymerLit-OA_processed/generic/macromolecules/502460t_s4_1.corrected.mol	C{[>][<]SCCOCCOCCSCCCCCC[>][<]}C	[H]C{[<][>]SCCOCCOCCSCCCCCC[<][>]}C[H]
PolymerLit-OA_processed/generic/macromolecules/502542g_a_1.corrected.mol	[Y]{[>][<]C=1SC(=CC1[R])[>][<]}[H]	[Y]{[>][<]C=1SC(=CC1[R])[>][<]}[H]
PolymerLit-OA_processed/generic/macromolecules/502542g_f1_1.corrected.mol	[Y]{[>][<]C1=C(CC)C([H])=C(S1)[>][<]}[H]	[H]{[<][>]c(cc1CC)sc1[<][>]}[Y]
PolymerLit-OA_processed/generic/macromolecules/5b00435_s1_1.corrected.mol	C{[>][<]CC(C)(C(=O)OCCN(C)C)[>][<]}C	[H]C{[<][>]C(C)(C(OCCN(C)C)=O)C[<][>]}C[H]
PolymerLit-OA_processed/generic/macromolecules/5b00435_s1_2.corrected.mol	C{[>][<]CC(C)(C(=O)OCC[N+1](C)(C)C)[>][<]}C	[H]C{[<][>]C(C(=O)OCC[N+](C)(C)C)(C)C[<][>]}C[H]
PolymerLit-OA_processed/generic/macromolecules/5b01293_f1_1.corrected.mol	C{[>][<]C(=O)CCCCCO[>][<]}C	[H]C{[<][>]OCCCCCC(=O)[<][>]}C[H]
PolymerLit-OA_processed/generic/macromolecules/5b01293_f1_2.corrected.mol	C{[>][<]OC1CCCCC1OC(=O)[>][<]}C	[H]C{[<][>]OC(CC1)C(CC1)OC(=O)[<][>]}C[H]
PolymerLit-OA_processed/generic/macromolecules/5b01293_f2_1.corrected.mol	[H]{[>][<]OC1CCCCC1OC(=O)[>][<]}OC1CCCCC1O	[H]OC(CC1)C(CC1)O{[<][>]C(=O)OC(CC1)C(CC1)O[<][>]}[H]
PolymerLit-OA_processed/generic/macromolecules/5b01293_f5_1.corrected.mol	[H]{[>][<]OCCCCCC(=O)[>][<]}OC1CCCCC1O{[>][<]C(=O)CCCCCO[>][<]}[H]	[H]O{[<][>]CCCCCC(=O)O[<][>]}C(CC1)C(CC1)O{[<][>]C(=O)CCCCCO[<][>]}[H]
PolymerLit-OA_processed/generic/macromolecules/5b01293_f6_1.corrected.mol	C{[>][<]OC(=O)OC1CCCCC1O[>][<]}C	[H]C{[<][>]OC(CC1)C(CC1)OC(=O)O[<][>]}C[H]
PolymerLit-OA_processed/generic/macromolecules/5b01293_f6_2.corrected.mol	[H]{[>][<]OCCCCCC(=O)[>][<]}OC1CCCCC1O{[>][<]C(=O)OC1CCCCC1O[>][<]}{[>][<]C(=O)CCCCCO[>][<]}[H]	[H]O{[<][>]CCCCCC(=O)O[<][>]}C(CC2)C(CC2){[<][>]OC(=O)OC(CC2)C(CC2)[<][>]}O{[<][>]C(=O)CCCCCO[<][>]}[H]
PolymerLit-OA_processed/generic/macromolecules/5b01293_f8_1.corrected.mol	OC1CCCCC1OC({[>][<]OC1CCCCC1OC(=O)[>][<]}OC1CCCCC1O)=O	[H]OC(CC4)C(CC4)OC(=O){[<][>]C(=O)OC(CC2)C(CC2)O[<][>]}OC(CC1)C(CC1)O[H]
PolymerLit-OA_processed/generic/macromolecules/5b01426_f1_1.corrected.mol	CC(C)(C){[>][<]CC(C)(C(=O)OCCN(C)C)[>],[<]CC(C)(C(=O)OCCN(CC)CC)[>][<]}{[>][<]CC(C(=O)OCCN(C)C)(C)[>][<]}SC(C1=CC=CC=C1)=S	[H]c(cc1)c(cc1)C(=S)S{[<][>]C(C)(C(OCCN(C)C)=O)C[<],[>]C(C)(C(OCCN(CC)CC)=O)C[<][>]}C(C)(C)C[H]
PolymerLit-OA_processed/generic/macromolecules/5b01994_s2_1.corrected.mol	OCC(COC(=O)C({[>][<]CC(C(=O)N)[>][<]}Br)(C)C)O	[H]OCC(O)COC(=O)C(C)(C){[<][>]C(C(N)=O)C[<][>]}Br
PolymerLit-OA_processed/generic/macromolecules/5b02119_f1_1.corrected.mol	CC({[>][<]CC(C(=O)OC)[>][<]}SC(=S)SC)(C)C	[H]CSC(=S)S{[<][>]C(C(OC)=O)C[<][>]}C(C)(C)C[H]
PolymerLit-OA_processed/generic/macromolecules/5b02119_f1_2.corrected.mol	CC({[>][<]CC(C(=O)OC)[>][<]}{[>][<]CC(C(=O)OCC1=CC=CC=C1)[>][<]}SC(=S)SC)(C)C	{[][>1]CC(C(=O)OCc(cc1)ccc1)[<1];[H]CC(C)(C)[<1],[H]CC(C)(C)C{[<][>]C(C(OC)=O)C[<][>]}C(C(OC)=O)[<1],[>1]SC(=S)SC[H][]}
PolymerLit-OA_processed/generic/macromolecules/5b02119_f3_1.corrected.mol	CC({[>][<]CC(C(=O)OC)[>][<]}{[>][<]CC(C(=O)OCC1=CC=CC=C1)[>][<]}SC(=S)SC)(C)C	{[][>1]CC(C(=O)OCc(cc1)ccc1)[<1];[H]CC(C)(C)[<1],[H]CC(C)(C)C{[<][>]C(C(OC)=O)C[<][>]}C(C(OC)=O)[<1],[>1]SC(=S)SC[H][]}
PolymerLit-OA_processed/generic/macromolecules/5b02119_f3_2.corrected.mol	CC({[>][<]CC(C(=O)OCCCCCCCCCCCC)[>][<]}SC(=S)SC)(C)C	[H]CSC(=S)S{[<][>]C(C(OCCCCCCCCCCCC)=O)C[<][>]}C(C)(C)C[H]
PolymerLit-OA_processed/generic/macromolecules/5b02152_s1_1.corrected.mol	C{[>][<]C[>][<]}SC(SCC)=S	[H]{[<][>]C[<][>]}CSC(=S)SCC[H]
PolymerLit-OA_processed/generic/macromolecules/5b02152_s1_2.corrected.mol	C{[>][<]C[>][<]}SC(S{[>][<]C(C(=O)OC)C[>][<]}CC)=S	[H]{[<][>]C[<][>]}CSC(=S)S{[<][>]C(C(OC)=O)C[<][>]}CC[H]
PolymerLit-OA_processed/generic/macromolecules/5b02152_s1_3.corrected.mol	C{[>][<]C[>][<]}SC(S{[>][<]C(C(=O)OC)C[>][<]}{[>][<]C(C(=O)OC)C[>][<]}CC)=S	[H]{[<][>]C[<][>]}CSC(=S)S{[<][>]C(C(OC)=O)C[<][>]}CC[H]
PolymerLit-OA_processed/generic/macromolecules/5b02152_s1_4.corrected.mol	C{[>][<]C[>][<]}SC(S{[>][<]C(C(=O)OC)C[>],[<]C(C(=O)OC)C[>][<]}{[>][<]C(C(=O)OC)C[>][<]}CC)=S	[H]{[<][>]C[<][>]}CSC(=S)S{[<][>]C(C(OC)=O)C[<][>]}CC[H]
PolymerLit-OA_processed/generic/macromolecules/5b02152_s1_5.corrected.mol	C{[>][<]C[>][<]}SC(S{[>][<]C(C(=O)OC)C[>],[<]C(C(=O)OC)C[>][<]}CC)=S	[H]{[<][>]C[<][>]}CSC(=S)S{[<][>]C(C(OC)=O)C[<][>]}CC[H]
PolymerLit-OA_processed/generic/macromolecules/5b02152_s1_6.corrected.mol	C{[>][<]C[>][<]}SC(S{[>][<]C(C(=O)OC)C[>][<]}{[>][<]C(C(=O)OC)C[>],[<]C(C(=O)OC)C[>][<]}CC)=S	[H]{[<][>]C[<][>]}CSC(=S)S{[<][>]C(C(OC)=O)C[<][>]}CC[H]
PolymerLit-OA_processed/generic/macromolecules/5b02152_s1_7.corrected.mol	C=CC(O{[>][<]CCO[>][<]}C)=O	[H]CO{[<][>]CCO[<][>]}C(=O)C(=C)[H]
PolymerLit-OA_processed/generic/macromolecules/5b02212_s1_1.corrected.mol	CC({[>][<]CC(C)(C(=O)OCP(=O)(O)O)[>][<]}{[>][<]CC(C)(C(=O)OCC1=CC=CC=C1)[>][<]}SC(=S)C1=CC=CC=C1)(C)C	{[][>1]CC(C(=O)OCc(cc2)ccc2)(C)[<1];[H]CC(C)(C)[<1],[H]CC(C)(C)C{[<][>]C(C(=O)OCP(=O)(O)O)(C)C[<][>]}C(C(=O)OCP(=O)(O)O)(C)[<1],[>1]SC(=S)c(cc1)c(cc1)[H][]}
PolymerLit-OA_processed/generic/macromolecules/5b02212_s1_2.corrected.mol	CC({[>][<]CC(C)(C(=O)OCP(=O)(OC)OC)[>][<]}SC(=S)C1=CC=CC=C1)(C)C	[H]c(cc1)c(cc1)C(=S)S{[<][>]C(C)(C(OCP(OC)(OC)=O)=O)C[<][>]}C(C)(C)C[H]
PolymerLit-OA_processed/generic/macromolecules/5b02212_s1_3.corrected.mol	CC({[>][<]CC(C)(C(=O)OCP(O)(=O)O)[>][<]}SC(=S)C1=CC=CC=C1)(C)C	[H]c(cc1)c(cc1)C(=S)S{[<][>]C(C(=O)OCP(=O)(O)O)(C)C[<][>]}C(C)(C)C[H]
PolymerLit-OA_processed/generic/macromolecules/5b02212_s1_4.corrected.mol	CC({[>][<]CC(C)(C(=O)OCP(=O)(OC)OC)[>][<]}{[>][<]CC(C)(C(=O)OCC1=CC=CC=C1)[>][<]}SC(=S)C1=CC=CC=C1)(C)C	{[][>1]CC(C(=O)OCc(cc2)ccc2)(C)[<1];[H]CC(C)(C)[<1],[H]CC(C)(C)C{[<][>]C(C)(C(OCP(OC)(OC)=O)=O)C[<][>]}C(C)(C(OCP(OC)(OC)=O)=O)[<1],[>1]SC(=S)c(cc1)c(cc1)[H][]}
PolymerLit-OA_processed/generic/macromolecules/5b02267_a_1.corrected.mol	C{[>][<]C=C/C1=CC(C)=C(C=C1C)/C=C/C1=CC=C(C=C1)C#CC1=C(C)C=C(C(=C1)C)C#CC1=CC=C(C=C1)[>][<]}C	[H]C{[<][>]c(cc8)ccc8C#Cc(c(c4)C)cc(C)c4C#Cc(cc2)ccc2/C=C/c(c(c1)C)cc(C)c1C=C[<][>]}C[H]
PolymerLit-OA_processed/generic/macromolecules/5b02267_a_2.corrected.mol	C{[>][<]C=C/C1=CC(C)=C(C=C1C)/C=C/C1=CC=C(C=C1)C#CC1=C(C)C=C(C(=C1)C)C#CC1=CC=C(C=C1)[>][<]}C	[H]C{[<][>]c(cc8)ccc8C#Cc(c(c4)C)cc(C)c4C#Cc(cc2)ccc2/C=C/c(c(c1)C)cc(C)c1C=C[<][>]}C[H]
PolymerLit-OA_processed/generic/macromolecules/5b02267_a_3.corrected.mol	C{[>][<]C=C/C1=CC(C)=C(C=C1C)/C=C/C1=CC=C(C=C1)C#CC1=C(C)C=C(C(=C1)C)C#CC1=CC=C(C=C1)[>][<]}C	[H]C{[<][>]c(cc8)ccc8C#Cc(c(c4)C)cc(C)c4C#Cc(cc2)ccc2/C=C/c(c(c1)C)cc(C)c1C=C[<][>]}C[H]
PolymerLit-OA_processed/generic/macromolecules/5b02267_a_4.corrected.mol	C{[>][<]C=C/C1=CC(C)=C(C=C1C)/C=C/C1=CC=C(C=C1)C#CC1=C(C)C=C(C(=C1)C)C#CC1=CC=C(C=C1)[>][<]}C	[H]C{[<][>]c(cc8)ccc8C#Cc(c(c4)C)cc(C)c4C#Cc(cc2)ccc2/C=C/c(c(c1)C)cc(C)c1C=C[<][>]}C[H]
PolymerLit-OA_processed/generic/macromolecules/5b02267_a_5.corrected.mol	C{[>][<]C=C/C1=CC(C)=C(C=C1C)/C=C/C1=CC=C(C=C1)C#CC1=C(C)C=C(C(=C1)C)C#CC1=CC=C(C=C1)[>][<]}C	[H]C{[<][>]c(cc8)ccc8C#Cc(c(c4)C)cc(C)c4C#Cc(cc2)ccc2/C=C/c(c(c1)C)cc(C)c1C=C[<][>]}C[H]
PolymerLit-OA_processed/generic/macromolecules/5b02267_a_6.corrected.mol	C{[>][<]C=C/C1=CC(C)=C(C=C1C)/C=C/C1=CC=C(C=C1)C#CC1=C(C)C=C(C(=C1)C)C#CC1=CC=C(C=C1)[>][<]}C	[H]C{[<][>]c(cc8)ccc8C#Cc(c(c4)C)cc(C)c4C#Cc(cc2)ccc2/C=C/c(c(c1)C)cc(C)c1C=C[<][>]}C[H]
PolymerLit-OA_processed/generic/macromolecules/5b02267_s2_1.corrected.mol	C{[>][<]C=C/C1=CC(C)=C(C=C1C)/C=C/C1=CC=C(C=C1)C#CC1=C(C)C=C(C(C)=C1)C#CC1=CC=C(C=C1)[>][<]}C	[H]C{[<][>]c(cc8)ccc8C#Cc(c(c4)C)cc(C)c4C#Cc(cc2)ccc2/C=C/c(c(c1)C)cc(C)c1C=C[<][>]}C[H]
PolymerLit-OA_processed/generic/macromolecules/5b02385_a_1.corrected.mol	C{[>][<]CC(C)(C(=O)OCCN(C)C)[>][<]}C	[H]C{[<][>]C(C)(C(OCCN(C)C)=O)C[<][>]}C[H]
PolymerLit-OA_processed/generic/macromolecules/5b02385_s1_1.corrected.mol	C{[>][<]CC(C)(C(OCCN(C)C)=O)[>][<]}C	[H]C{[<][>]C(C)(C(OCCN(C)C)=O)C[<][>]}C[H]
PolymerLit-OA_processed/generic/macromolecules/5b02470_f1_1.corrected.mol	CCCC({[>][<]CC(C)(C(=O)OCC(CO)O)[>][<]}SC(=S)SCCC1=CC=CC=C1)(C)C	[H]c(cc1)c(cc1)CCSC(=S)S{[<][>]C(C(=O)OCC(O)CO)(C)C[<][>]}C(C)(C)CCC[H]
PolymerLit-OA_processed/generic/macromolecules/5b02470_f1_2.corrected.mol	CCCC({[>][<]CC(C)(C(=O)OCC(CO)O)[>][<]}{[>][<]CC(C(=O)OCC(C)O)(C)[>][<]}SC(=S)SCCC1=CC=CC=C1)(C)C	{[][>1]CC(C)(C(OCC(C)O)=O)[<1];[H]CCCC(C)(C)[<1],[H]CCCC(C)(C)C{[<][>]C(C(=O)OCC(O)CO)(C)C[<][>]}C(C(=O)OCC(O)CO)(C)[<1],[>1]SC(=S)SCCc(cc1)c(cc1)[H][]}
PolymerLit-OA_processed/generic/macromolecules/5b02594_s1_1.corrected.mol	C{[>][<]C(P(=O)(O)O)C[>][<]}{[>][<]CC(C(=O)O)[>][<]}C	[H]C{[<][>]C(P(=O)(O)O)C[<][>]}C{[<][>]C(C(=O)O)C[<][>]}[H]
PolymerLit-OA_processed/generic/macromolecules/5b02602_f2_1.corrected.mol	C{[>][<]CC(C)(C(=O)OCC[N+1](C)(C)C)[>][<]}C.[I-1]	C{[>][<]CC(C)(C(=O)OCC[N+1](C)(C)C)[>][<]}C.[I-1]
PolymerLit-OA_processed/generic/macromolecules/5b02602_f2_10.corrected.mol	C{[>][<]OCC[>][<]}O	[H]OC{[<][>]COC[<][>]}[H]
PolymerLit-OA_processed/generic/macromolecules/5b02602_f2_11.corrected.mol	C{[>][<]CC(C)(C(OCC(CO)O)=O)[>][<]}C	[H]C{[<][>]C(C(=O)OCC(O)CO)(C)C[<][>]}C[H]
PolymerLit-OA_processed/generic/macromolecules/5b02602_f2_12.corrected.mol	C{[>][<]CC(C)(C(O{[>][<]CCO[>][<]}C)=O)[>][<]}C	[H]C{[<][>]C(C)(C(=O)OC{[<][>]COC[<][>]}[H])C[<][>]}C[H]
PolymerLit-OA_processed/generic/macromolecules/5b02602_f2_13.corrected.mol	C{[>][<]CC(C(=O)N(C)C)[>][<]}C	[H]C{[<][>]C(C(N(C)C)=O)C[<][>]}C[H]
PolymerLit-OA_processed/generic/macromolecules/5b02602_f2_14.corrected.mol	CO{[>][<]CCO[>][<]}CCN	[H]NCCOC{[<][>]COC[<][>]}[H]
PolymerLit-OA_processed/generic/macromolecules/5b02602_f2_15.corrected.mol	C{[>][<]CC(C)(C(NCC(O)C)=O)[>][<]}C	[H]C{[<][>]C(C)(C(NCC(C)O)=O)C[<][>]}C[H]
PolymerLit-OA_processed/generic/macromolecules/5b02602_f2_16.corrected.mol	C{[>][<]CC(C)(C(=O)OCC(COC(=O)CCSC1OC(C(C(C1O)O)O)CO)O)[>][<]}C	[H]C{[<][>]C(C(=O)OCC(O)COC(=O)CCSC(C(O)C1O)OC(CO)C1O)(C)C[<][>]}C[H]
PolymerLit-OA_processed/generic/macromolecules/5b02602_f2_17.corrected.mol	C{[>][<]CC(C)(C(=O)OCOP([O-1])(=O)OCC[N+1](C)(C)C)[>][<]}C	[H]C{[<][>]C(C(=O)OCOP(=O)([O-])OCC[N+](C)(C)C)(C)C[<][>]}C[H]
PolymerLit-OA_processed/generic/macromolecules/5b02602_f2_18.corrected.mol	C{[>][<]CC(C)(C(=O)OC(COC(=O)CCSC[C@@]([N+1])C)O)[>][<]}C	[H]C{[<][>]C(C)(C(OC(COC(CCSCC(C)[NH3+])=O)O)=O)C[<][>]}C[H]
PolymerLit-OA_processed/generic/macromolecules/5b02602_f2_19.corrected.mol	C{[>][<]CC(C)(C(OCC[N+1](C)(C)CCCC)=O)[>][<]}C	[H]C{[<][>]C(C)(C(OCC[N+](CCCC)(C)C)=O)C[<][>]}C[H]
PolymerLit-OA_processed/generic/macromolecules/5b02602_f2_2.corrected.mol	C{[>][<]CC(C)(C(OCC[N+1])=O)[>][<]}C.[Cl-1]	C{[>][<]CC(C)(C(OCC[N+1])=O)[>][<]}C.[Cl-1]
PolymerLit-OA_processed/generic/macromolecules/5b02602_f2_20.corrected.mol	C{[>][<]CC(C)(C(OCCCC)=O)[>][<]}C.[K+1]	C{[>][<]CC(C)(C(OCCCC)=O)[>][<]}C.[K+1]
PolymerLit-OA_processed/generic/macromolecules/5b02602_f2_21.corrected.mol	C{[>][<]CC(C)(C(OCP(=O)(O)[O-1])=O)[>][<]}C.[Na+1]	C{[>][<]CC(C)(C(OCP(=O)(O)[O-1])=O)[>][<]}C.[Na+1]
PolymerLit-OA_processed/generic/macromolecules/5b02602_f2_3.corrected.mol	C{[>][<]CC(C(NC(C)C)=O)[>][<]}C	[H]C{[<][>]C(C(NC(C)C)=O)C[<][>]}C[H]
PolymerLit-OA_processed/generic/macromolecules/5b02602_f2_4.corrected.mol	C{[>][<]CC(C)(C(=O)O{[>][<]CCO[>][<]}C)[>][<]}{[>][<]CC(C(NCC(C)O)=O)(C)[>][<]}C	[H]{[<][>]CC(C)(C(NCC(C)O)=O)[<][>]}C{[<][>]C(C)(C(=O)OC{[<][>]COC[<][>]}[H])C[<][>]}C[H]
PolymerLit-OA_processed/generic/macromolecules/5b02602_f2_5.corrected.mol	C{[>][<]CC(C)(C(=O)OCCC)[>][<]}C.[N+1]	C{[>][<]CC(C)(C(=O)OCCC)[>][<]}C.[N+1]
PolymerLit-OA_processed/generic/macromolecules/5b02602_f2_6.corrected.mol	C{[>][<]CC(C)(C(=O)O)[>][<]}C	[H]C{[<][>]C(C(=O)O)(C)C[<][>]}C[H]
PolymerLit-OA_processed/generic/macromolecules/5b02602_f2_7.corrected.mol	C{[>][<]CC(C(=O)O)[>][<]}C	[H]C{[<][>]C(C(=O)O)C[<][>]}C[H]
PolymerLit-OA_processed/generic/macromolecules/5b02602_f2_8.corrected.mol	C{[>][<]CC([R])(C(=O)O)[>][<]}{[>][<]CC(C(OCC{[>][<]OCC[>][<]}OC)=O)([R])[>][<]}C	C{[>][<]CC([R])(C(=O)O)[>][<]}{[>][<]CC(C(OCC{[>][<]OCC[>][<]}OC)=O)([R])[>][<]}C
PolymerLit-OA_processed/generic/macromolecules/5b02602_f2_9.corrected.mol	C{[>][<]CC(C)(C(=O)OCCN(C)C)[>][<]}{[>][<]CC(C(=O)O)(C)[>][<]}C	[H]{[<][>]CC(C(=O)O)(C)[<][>]}C{[<][>]C(C)(C(OCCN(C)C)=O)C[<][>]}C[H]
PolymerLit-OA_processed/generic/macromolecules/5b02602_s2_1.corrected.mol	CC(C)(C1=CC=CC=C1){[>][<]CC(C(=O)OC)(C)[>][<]}{[>][<]CC(C(=O)OCC1=CC=CC=C1)(C)[>][<]}SC(C1=CC=CC=C1)=S	{[][>1]CC(C(=O)OCc(cc8)ccc8)(C)[<1];[H]CC(c(cc4)ccc4)(C)[<1],[H]CC(c(cc2)ccc2)(C)C{[<][>]C(C)(C(OC)=O)C[<][>]}C(C)(C(OC)=O)[<1],[>1]SC(=S)c(cc1)c(cc1)[H][]}
PolymerLit-OA_processed/generic/macromolecules/5b02602_s2_2.corrected.mol	CC({[>][<]CC(C)(C(=O)OCC(CO)O)[>][<]}SC(=S)C1=CC=CC=C1)(C)C	[H]c(cc1)c(cc1)C(=S)S{[<][>]C(C(=O)OCC(O)CO)(C)C[<][>]}C(C)(C)C[H]
PolymerLit-OA_processed/generic/macromolecules/5b02602_s2_3.corrected.mol	CC({[>][<]CC(C)(C(=O)OCC(CO)O)[>][<]}{[>][<]CC(C)(C(=O)OCC(O)C)[>][<]}SC(=S)C1=CC=CC=C1)(C)C	{[][>1]CC(C)(C(OCC(C)O)=O)[<1];[H]CC(C)(C)[<1],[H]CC(C)(C)C{[<][>]C(C(=O)OCC(O)CO)(C)C[<][>]}C(C(=O)OCC(O)CO)(C)[<1],[>1]SC(=S)c(cc1)c(cc1)[H][]}
PolymerLit-OA_processed/generic/macromolecules/5b02602_s2_4.corrected.mol	CC({[>][<]CC(C)(C(=O)OCC(CO)O)[>][<]}{[>][<]CC(C)(C(=O)OCC1=CC=CC=C1)[>][<]}SC(=S)C1=CC=CC=C1)(C)C	{[][>1]CC(C(=O)OCc(cc2)ccc2)(C)[<1];[H]CC(C)(C)[<1],[H]CC(C)(C)C{[<][>]C(C(=O)OCC(O)CO)(C)C[<][>]}C(C(=O)OCC(O)CO)(C)[<1],[>1]SC(=S)c(cc1)c(cc1)[H][]}
PolymerLit-OA_processed/generic/macromolecules/5b02602_s2_5.corrected.mol	CCCC({[>][<]CC(C)(C(=O)OCC(O)C)[>][<]}SC(=S)SCCC1=CC=CC=C1)(C)C	[H]c(cc1)c(cc1)CCSC(=S)S{[<][>]C(C)(C(OCC(C)O)=O)C[<][>]}C(C)(C)CCC[H]
PolymerLit-OA_processed/generic/macromolecules/5b02602_s2_6.corrected.mol	CCCC({[>][<]CC(C)(C(=O)OCC(O)C)[>][<]}{[>][<]CC(C)(C(=O)OCC1=CC=CC=C1)[>][<]}SC(=S)SCCC1=CC=CC=C1)(C)C	{[][>1]CC(C(=O)OCc(cc2)ccc2)(C)[<1];[H]CCCC(C)(C)[<1],[H]CCCC(C)(C)C{[<][>]C(C)(C(OCC(C)O)=O)C[<][>]}C(C)(C(OCC(C)O)=O)[<1],[>1]SC(=S)SCCc(cc1)c(cc1)[H][]}
PolymerLit-OA_processed/generic/macromolecules/5b02602_s2_7.corrected.mol	CC({[>][<]CC(C)(C(=O)OC)[>][<]}SC(=S)C1=CC=CC=C1)(C1=CC=CC=C1)C	[H]c(cc2)c(cc2)C(=S)S{[<][>]C(C)(C(OC)=O)C[<][>]}C(c(cc1)ccc1)(C)C[H]
PolymerLit-OA_processed/generic/macromolecules/5b02710_f2_1.corrected.mol	[H+1].O=C1CCC2=CN(N=N2)CCSSCCN2C=C(N=N2)CCC({[>][<]OCC(C)(C(=O)OCC2=CC=C(C=C2)CSC(=S.CCSC(=S)SCC2=CC=C(C=C2)COC(=O)C(CO[>])(C)COC(=O)[<])SCC)COC(=O)[>][<]}12OCCCCO2)=O	[H+1].O=C1CCC2=CN(N=N2)CCSSCCN2C=C(N=N2)CCC({[>][<]OCC(C)(C(=O)OCC2=CC=C(C=C2)CSC(=S.CCSC(=S)SCC2=CC=C(C=C2)COC(=O)C(CO[>])(C)COC(=O)[<])SCC)COC(=O)[>][<]}12OCCCCO2)=O
PolymerLit-OA_processed/generic/macromolecules/5b02710_s1_1.corrected.mol	C{[>][<]CCOC(=O)OCC(C)(C(=O)O)COC(=O)OCC(C)(C(=O)O)COC(=O)CCC#C[<]}{[>][<]OCC(C)(C(=O)OCC1=CC=C(C=C1)CSC(=S)SCC)COC(=O)[>],[<]OCC(C)(C(=O)OCC)COC(=O)[>][]}	{[][>]C(=O)OCC(C)(C(OCC)=O)CO[<],[>]C(=O)OCC(C)(C(OCc(cc1)ccc1CSC(SCC)=S)=O)CO[<][>]}C[H]
PolymerLit-OA_processed/generic/macromolecules/5b02710_s1_2.corrected.mol	O=C1CCC2=CN(/N=N\2)CCSSCCN2C=C(\N=N/2)CCC({[>][<]OCC(C(=O)C)(C)COC(=O.O=C([<])OCC(C(=O)C)(C)CO[>])[>][<]}12OCCCCO2)=O	O=C1CCC2=CN(/N=N\2)CCSSCCN2C=C(\N=N/2)CCC({[>][<]OCC(C(=O)C)(C)COC(=O.O=C([<])OCC(C(=O)C)(C)CO[>])[>][<]}12OCCCCO2)=O
PolymerLit-OA_processed/generic/macromolecules/5b02710_s1_3.corrected.mol	C{[>][<]CCOC(=O)OCC(C)(C(=O)O)COC(=O)OCC(C)(C(=O)O)CO[H][<]}{[>][<]OCC(C)(C(=O)OCC1=CC=C(C=C1)CSC(=S)SCC)COC(=O)[>],[<]OCC(C)(C(=O)OCC)COC(=O)[>][]}	{[][>]C(=O)OCC(C)(C(OCC)=O)CO[<],[>]C(=O)OCC(C)(C(OCc(cc1)ccc1CSC(SCC)=S)=O)CO[<][>]}C[H]
PolymerLit-OA_processed/generic/macromolecules/5b02710_s2_1.corrected.mol	O{[>][<]OCC(C)(C(=O)OCC)COC(=O)[>],[<]OCC(C)(C(=O)OCC1=CC=C(C=C1)CSC(=S)SCC)COC(=O)[>][]}	{[][>]C(=O)OCC(C)(C(OCC)=O)CO[<],[>]C(=O)OCC(C)(C(OCc(cc1)ccc1CSC(SCC)=S)=O)CO[<][>]}O[H]
PolymerLit-OA_processed/generic/macromolecules/5b02710_s2_2.corrected.mol	O{[>][<]OCC(C)(C(=O)OCC1=CC=C(C=C1)C{[>][<]CC(C(=O)N1CCOCC1)[>][<]}SC(=S)SCC)COC(=O)[>],[<]OCC(C)(C(=O)OCC)COC(=O)[>][]}	{[][>]C(=O)OCC(C)(C(OCC)=O)CO[<],[>]C(=O)OCC(C)(CO[<])C(=O)OCc(cc1)ccc1C{[<][>]CC(C(N(CC2)CCO2)=O)[<][>]}SC(=S)SCC[H][>]}O[H]
PolymerLit-OA_processed/generic/macromolecules/6b00422_f1_1.corrected.mol	CC({[>][<]CC(C)(C(=O)OCC(CO)O)[>][<]}SC(=S)C1=CC=CC=C1)(C)C	[H]c(cc1)c(cc1)C(=S)S{[<][>]C(C(=O)OCC(O)CO)(C)C[<][>]}C(C)(C)C[H]
PolymerLit-OA_processed/generic/macromolecules/6b00422_f1_2.corrected.mol	CC({[>][<]CC(C)(C(=O)OCC(CO)O)[>][<]}{[>][<]CC(C)(C(=O)OCC1CO1)[>],[<]CC(C)(C(=O)OCC(C)O)[>][<]}SC(=S)C1=CC=CC=C1)(C)C	[H]c(cc4)c(cc4)C(=S)S{[<][>]C(C(=O)OCC(O2)C2)(C)C[<],[>]C(C)(C(OCC(C)O)=O)C[<][>]}{[<][>]C(C(=O)OCC(O)CO)(C)C[<][>]}C(C)(C)C[H]
PolymerLit-OA_processed/generic/macromolecules/6b00422_f6_1.corrected.mol	C{[>][<]CC(C)(C(=O)OCC(CNCCC[Si](C)(C)C)O)[>][<]}C	[H]C{[<][>]C(C(=O)OCC(O)CNCCC[Si](C)(C)C)(C)C[<][>]}C[H]
PolymerLit-OA_processed/generic/macromolecules/6b00422_f6_2.corrected.mol	C{[>][<]CC(C)(C(=O)OCC1CO1)[>][<]}C	[H]C{[<][>]C(C(=O)OCC(O1)C1)(C)C[<][>]}C[H]
PolymerLit-OA_processed/generic/macromolecules/6b00820_s1_1.corrected.mol	CC({[>][<]CC(C)(C(=O)OCC(CO)O)[>][<]}SC(=S)C1=CC=CC=C1)(C)C	[H]c(cc1)c(cc1)C(=S)S{[<][>]C(C(=O)OCC(O)CO)(C)C[<][>]}C(C)(C)C[H]
PolymerLit-OA_processed/generic/macromolecules/6b00820_s1_2.corrected.mol	CC({[>][<]CC(C)(C(=O)OCC(CO)O)[>][<]}{[>][<]CC(C)(C(=O)OCCN1CCCC1=O)[>][<]}SC(=S)C1=CC=CC=C1)(C)C	{[][>1]CC(C(=O)OCCN(C(=O)C2)CC2)(C)[<1];[H]CC(C)(C)[<1],[H]CC(C)(C)C{[<][>]C(C(=O)OCC(O)CO)(C)C[<][>]}C(C(=O)OCC(O)CO)(C)[<1],[>1]SC(=S)c(cc1)c(cc1)[H][]}
PolymerLit-OA_processed/generic/macromolecules/6b00820_s2_1.corrected.mol	CC({[>][<]CC(C)(C(=O)O)[>][<]}SC(=S)C1=CC=CC=C1)(C)C	[H]c(cc1)c(cc1)C(=S)S{[<][>]C(C(=O)O)(C)C[<][>]}C(C)(C)C[H]
PolymerLit-OA_processed/generic/macromolecules/6b00820_s2_2.corrected.mol	CC({[>][<]CC(C)(C(=O)O)[>][<]}{[>][<]CC(C)(C(=O)OCCN1CCCC1=O)[>][<]}SC(=S)C1=CC=CC=C1)(C)C	{[][>1]CC(C(=O)OCCN(C(=O)C2)CC2)(C)[<1];[H]CC(C)(C)[<1],[H]CC(C)(C)C{[<][>]C(C(=O)O)(C)C[<][>]}C(C(=O)O)(C)[<1],[>1]SC(=S)c(cc1)c(cc1)[H][]}
PolymerLit-OA_processed/generic/macromolecules/6b00987_f2_1.corrected.mol	CC({[>][<]CC(C)(C(=O)OCC(CO)O)[>][<]}{[>][<]CC(C)(C(=O)OCC(F)(F)F)[>][<]}SC(=S)C1=CC=CC=C1)(C)C	{[][>1]CC(C(=O)OCC(F)(F)F)(C)[<1];[H]CC(C)(C)[<1],[H]CC(C)(C)C{[<][>]C(C(=O)OCC(O)CO)(C)C[<][>]}C(C(=O)OCC(O)CO)(C)[<1],[>1]SC(=S)c(cc1)c(cc1)[H][]}
PolymerLit-OA_processed/generic/macromolecules/6b00987_f2_2.corrected.mol	CC({[>][<]CC(C)(C(=O)OCC(CO)O)[>][<]}SC(=S)C1=CC=CC=C1)(C)C	[H]c(cc1)c(cc1)C(=S)S{[<][>]C(C(=O)OCC(O)CO)(C)C[<][>]}C(C)(C)C[H]
PolymerLit-OA_processed/generic/macromolecules/6b01563_s1_1.corrected.mol	OC(CCC({[>][<]CC(C(=O)N(C)C)[>][<]}SC(=S)SCCC1=CC=CC=C1)(C)C)=O	[H]c(cc1)c(cc1)CCSC(=S)S{[<][>]C(C(N(C)C)=O)C[<][>]}C(C)(C)CCC(=O)O[H]
PolymerLit-OA_processed/generic/macromolecules/6b01729_f1_1.corrected.mol	CC({[>][<]CC(C)(C(=O)OCC(CO)O)[>][<]}{[>][<]C(C)(C(=O)OCC(O)C)C[>][<]}{[>][<]CC(C)(C(=O)OCC1=CC=CC=C1)[>][<]}SC(=S)C1=CC=CC=C1)(C)C	{[][>1]C(C)(C(OCC(C)O)=O)C[<1];[H]c(cc1)c(cc1)C(=S)S{[<][>]C(C(=O)OCc(cc4)ccc4)(C)C[<][>]}[<1],[H]c(cc1)c(cc1)C(=S)S{[<][>]C(C(=O)OCc(cc4)ccc4)(C)C[<][>]}C(C(=O)OCC(O)CO)(C){[<][>]CC(C(=O)OCC(O)CO)(C)[<][>]}C[<1],[>1]C(C)(C)C[H][]}
PolymerLit-OA_processed/generic/macromolecules/6b01729_f1_2.corrected.mol	CC({[>][<]CC(C)(C(=O)OCC(CO)O)[>][<]}SC(=S)C1=CC=CC=C1)(C)C	[H]c(cc1)c(cc1)C(=S)S{[<][>]C(C(=O)OCC(O)CO)(C)C[<][>]}C(C)(C)C[H]
PolymerLit-OA_processed/generic/macromolecules/6b01729_f1_3.corrected.mol	CC({[>][<]CC(C)(C(=O)OCC(CO)O)[>][<]}{[>][<]CC(C)(C(=O)OCC(O)C)[>][<]}SC(=S)C1=CC=CC=C1)(C)C	{[][>1]CC(C)(C(OCC(C)O)=O)[<1];[H]CC(C)(C)[<1],[H]CC(C)(C)C{[<][>]C(C(=O)OCC(O)CO)(C)C[<][>]}C(C(=O)OCC(O)CO)(C)[<1],[>1]SC(=S)c(cc1)c(cc1)[H][]}
PolymerLit-OA_processed/generic/macromolecules/6b01729_f1_4.corrected.mol	CC({[>][<]CC(C)(C(=O)OCC(CO)O)[>][<]}{[>][<]CC(C)(C(=O)OCC1=CC=CC=C1)[>][<]}SC(=S)C1=CC=CC=C1)(C)C	{[][>1]CC(C(=O)OCc(cc2)ccc2)(C)[<1];[H]CC(C)(C)[<1],[H]CC(C)(C)C{[<][>]C(C(=O)OCC(O)CO)(C)C[<][>]}C(C(=O)OCC(O)CO)(C)[<1],[>1]SC(=S)c(cc1)c(cc1)[H][]}
PolymerLit-OA_processed/generic/macromolecules/6b01963_s1_1.corrected.mol	OC(CCC({[>][<]CC(C)(C(=O)OCC(CO)O)[>][<]}{[>][<]CC(C)(C(=O)OCC(O)C)[>][<]}SC(=S)SCCC1=CC=CC=C1)(C)C)=O	{[][>1]CC(C)(C(OCC(C)O)=O)[<1];[H]OC(=O)CCC(C)(C)[<1],[H]OC(=O)CCC(C)(C)C{[<][>]C(C(=O)OCC(O)CO)(C)C[<][>]}C(C(=O)OCC(O)CO)(C)[<1],[>1]SC(=S)SCCc(cc1)c(cc1)[H][]}
PolymerLit-OA_processed/generic/macromolecules/6b01963_s1_2.corrected.mol	CC({[>][<]CC(C)(C(=O)OCC(CO)O)[>][<]}SC(=S)C1=CC=CC=C1)(C)C	[H]c(cc1)c(cc1)C(=S)S{[<][>]C(C(=O)OCC(O)CO)(C)C[<][>]}C(C)(C)C[H]
PolymerLit-OA_processed/generic/macromolecules/6b01963_s1_3.corrected.mol	CC({[>][<]CC(C)(C(=O)OCC(CO)O)[>][<]}{[>][<]CC(C)(C(=O)OCC(O)C)[>][<]}SC(=S)C1=CC=CC=C1)(C)C	{[][>1]CC(C)(C(OCC(C)O)=O)[<1];[H]CC(C)(C)[<1],[H]CC(C)(C)C{[<][>]C(C(=O)OCC(O)CO)(C)C[<][>]}C(C(=O)OCC(O)CO)(C)[<1],[>1]SC(=S)c(cc1)c(cc1)[H][]}
PolymerLit-OA_processed/generic/macromolecules/6b01963_s1_4.corrected.mol	OC(CCC({[>][<]CC(C(=O)OCC(CO)O)(C)[>][<]}SC(=S)SCCC1=CC=CC=C1)(C)C)=O	[H]c(cc1)c(cc1)CCSC(=S)S{[<][>]C(C(=O)OCC(O)CO)(C)C[<][>]}C(C)(C)CCC(=O)O[H]
PolymerLit-OA_processed/generic/macromolecules/6b01963_s1_5.corrected.mol	S=C(C1=CC=CC=C1)S{[>][<]C(C)(C(=O)OCC1=CC=CC=C1)C[>][<]}{[>][<]CC(C)(C(=O)OCC(CO)O)[>][<]}C(C)(C)C	{[][>1]CC(C(=O)OCc(cc2)ccc2)(C)[<1];[H]CC(C)(C)[<1],[H]CC(C)(C)C(C(=O)OCC(O)CO)(C){[<][>]CC(C(=O)OCC(O)CO)(C)[<][>]}C[<1],[>1]SC(=S)c(cc1)c(cc1)[H][]}
PolymerLit-OA_processed/generic/macromolecules/6b01963_s2_1.corrected.mol	CC({[>][<]CC(C(=O)OCC(CO)O)(C)[>][<]}{[>][<]CC(C)(C(=O)OCC(O)C)[>][<]}O)(C)C	{[][>1]C(C(=O)OCC(O)CO)(C)C[<1];[H]O[<1],[H]OC(C)(C(OCC(C)O)=O){[<][>]CC(C)(C(OCC(C)O)=O)[<][>]}C[<1],[>1]C(C)(C)C[H][]}
PolymerLit-OA_processed/generic/macromolecules/6b02309_s1_1.corrected.mol	CCCC({[>][<]CC(C)(C(=O)O)[>][<]}SC(=S)SCCC1=CC=CC=C1)(C)C	[H]c(cc1)c(cc1)CCSC(=S)S{[<][>]C(C(=O)O)(C)C[<][>]}C(C)(C)CCC[H]
PolymerLit-OA_processed/generic/macromolecules/6b02309_s1_2.corrected.mol	C{[>][<]CC(C)(C(=O)O)[>][<]}{[>][<]CC(C(=O)OCC(CC)O)(C)[>][<]}C	[H]{[<][>]CC(C)(C(OCC(CC)O)=O)[<][>]}C{[<][>]C(C(=O)O)(C)C[<][>]}C[H]
PolymerLit-OA_processed/generic/macromolecules/6b02643_f5_1.corrected.mol	C=CC(NC(C)(C)CC(=N\NC({[>][<]C[>][<]}C(=O)N\N=C/(CC(NC(=O)C=C)(C)C)C)=O)C)=O	C=CC(NC(C)(C)CC(=N\NC({[>][<]C[>][<]}C(=O)N\N=C/(CC(NC(=O)C=C)(C)C)C)=O)C)=O
PolymerLit-OA_processed/generic/macromolecules/6b02643_f5_2.corrected.mol	NNC({[>][<]C[>][<]}C(=O)NN)=O	[H]NNC(=O){[<][>]C[<][>]}C(=O)NN[H]
PolymerLit-OA_processed/generic/macromolecules/6b02643_f6_1.corrected.mol	OC(C({[>][<]CC(C(=O)N(C)C)[>][<]}{[>][<]CC(C(=O)NC(C)(C)CC(=O)C)[>][<]}SC(=S)SC)(C)C)=O	{[][>1]CC(C(NC(CC(C)=O)(C)C)=O)[<1];[H]CC(C(=O)O)(C)[<1],[H]CC(C(=O)O)(C)C{[<][>]C(C(N(C)C)=O)C[<][>]}C(C(N(C)C)=O)[<1],[>1]SC(=S)SC[H][]}
PolymerLit-OA_processed/generic/macromolecules/6b02643_f6_2.corrected.mol	failed to obtain BigSMILES	failed to obtain BigSMILES
PolymerLit-OA_processed/generic/macromolecules/6b02643_s1_1.corrected.mol	OC(C({[>][<]CC(C(=O)N(C)C)[>][<]}SC(=S)SC)(C)C)=O	[H]CSC(=S)S{[<][>]C(C(N(C)C)=O)C[<][>]}C(C(=O)O)(C)C[H]
PolymerLit-OA_processed/generic/macromolecules/6b02643_s1_2.corrected.mol	OC(C({[>][<]CC(C(=O)N(C)C)[>][<]}{[>][<]CC(C(=O)NC(C)(C)CC(=O)C)[>][<]}SC(=S)SC)(C)C)=O	{[][>1]CC(C(NC(CC(C)=O)(C)C)=O)[<1];[H]CC(C(=O)O)(C)[<1],[H]CC(C(=O)O)(C)C{[<][>]C(C(N(C)C)=O)C[<][>]}C(C(N(C)C)=O)[<1],[>1]SC(=S)SC[H][]}
PolymerLit-OA_processed/generic/macromolecules/6b02643_s2_1.corrected.mol	C{[>][<]CC(C(=O)NC(C)(C)/C(C)=N/NC({[>][<]C[>][<]}C(=O)NN)=O)[>][<]}C	[H]C{[<][>]C(C(=O)NC(C)(C)\C(\C)=N\NC(=O){[<][>]C[<][>]}C(=O)NN[H])C[<][>]}C[H]
PolymerLit-OA_processed/generic/macromolecules/6b02643_s2_2.corrected.mol	NNC({[>][<]C[>][<]}C(=O)NN)=O	[H]NNC(=O){[<][>]C[<][>]}C(=O)NN[H]
PolymerLit-OA_processed/generic/macromolecules/6b02727_a_1.corrected.mol	[R]{[>][<]O[C@@]1OC(CC)[C@@](C(C)C1C)O[C@@]1OC(CC)[C@@](C(C)C1C)[>][<]}C	[R]{[>][<]O[C@@]1OC(CC)[C@@](C(C)C1C)O[C@@]1OC(CC)[C@@](C(C)C1C)[>][<]}C
PolymerLit-OA_processed/generic/macromolecules/6b02727_a_2.corrected.mol	{[][<]CCO[>][<]}[H]	{[][>]CCO[<][>]}[H]
PolymerLit-OA_processed/generic/macromolecules/7b00319_f1_1.corrected.mol	[H]{[>][<]OCC[>][<]}O[H]	[H]O{[<][>]CCO[<][>]}[H]
PolymerLit-OA_processed/generic/macromolecules/7b00319_f1_2.corrected.mol	C{[>][<]C(=O)CCCCCCCC1CCC(CCCCC)C(CCCCCC)C1CCCCCCCCCCC(=O){[>][<]OCC[>][<]}O[>][<]}C	{[][>1]OCC[<1],[>1]OC(=O)CCCCCCCC(CCC1CCCCC)C(C1CCCCCC)CCCCCCCCCCC(=O)[<1];[H]CC(=O)CCCCCCCC(CCC1CCCCC)C(C1CCCCCC)CCCCCCCCCCC(=O)[<1],[H]CC[H],[H]CC[H],[>1]OC[H][]}
PolymerLit-OA_processed/generic/macromolecules/7b00319_f1_3.corrected.mol	C{[>][<]C(=O)NCCCCCCCCC1C(CCCCCC)C(CCCCCCCC)C(CC1)CCCCCCCCNC(=O){[>][<]OCC[>][<]}O[>][<]}C	{[][>1]CCO[<1],[>1]C(=O)NCCCCCCCCC(C(C1CCCCCC)CCCCCCCC)CCC1CCCCCCCCNC(=O)O[<1];[H]CO[<1],[H]CC[H],[H]CC[H],[>1]C(=O)NCCCCCCCCC(C(C1CCCCCC)CCCCCCCC)CCC1CCCCCCCCNC(=O)C[H][]}
PolymerLit-OA_processed/generic/macromolecules/7b00475_f1_1.corrected.mol	C{[>][<]CC(C)(C(=O)OCC(CO)O)[>][<]}{[>][<]CC(C)(C(=O)OCC(O)C)[>][<]}C	[H]{[<][>]CC(C)(C(OCC(C)O)=O)[<][>]}C{[<][>]C(C(=O)OCC(O)CO)(C)C[<][>]}C[H]
PolymerLit-OA_processed/generic/macromolecules/7b01005_f1_1.corrected.mol	CC({[>][<]CC(C)(C(=O)OCC[N+1](CC)(CC)[H])[>][<]}SC(=S)C1=CC=CC=C1)(C)C	[H]c(cc1)c(cc1)C(=S)S{[<][>]C(C)(C(OCC[NH+](CC)CC)=O)C[<][>]}C(C)(C)C[H]
PolymerLit-OA_processed/generic/macromolecules/7b01475_s2_1.corrected.mol	CC(C)(OC(=O)NCC{[>][<]OCC[>][<]}O)C	[H]OCC{[<][>]OCC[<][>]}NC(=O)OC(C)(C)C[H]
PolymerLit-OA_processed/generic/macromolecules/7b01475_s2_2.corrected.mol	CC(CCC(=O)O{[>][<]CCO[>][<]}CCNC(=O)OC(C)(C)C)(/N=N/C(CCC(=O)O{[>][<]CCO[>][<]}CCNC(=O)OC(C)(C)C)(C)C)C	[H]CC(C)(C)OC(=O)NCC{[<][>]CCO[<][>]}OC(=O)CCC(C)(C)/N=N/C(C)(C)CCC(=O)O{[<][>]OCC[<][>]}CCNC(=O)OC(C)(C)C[H]
PolymerLit-OA_processed/generic/macromolecules/7b01475_s2_3.corrected.mol	CC(C)(C(=O)NCC{[>][<]OCC[>][<]}OC(=O)CCC(C)(C)/N=N/C(C)(C)CCC(=O)O{[>][<]CCO[>][<]}CCNC(=O)C(C)(C)Br)Br	[H]CC(Br)(C)C(=O)NCC{[<][>]CCO[<][>]}OC(=O)CCC(C)(C)/N=N/C(C)(C)CCC(=O)OCC{[<][>]OCC[<][>]}NC(=O)C(Br)(C)C[H]
PolymerLit-OA_processed/generic/macromolecules/7b01769_s1_1.corrected.mol	{[][<]CC(C(=O)OC1=C(C(=C(C(=C1F)F)F)F)F)[>][]}	{[][>]CC(C(=O)Oc(c(F)c1F)c(F)c(F)c1F)[<][]}
PolymerLit-OA_processed/generic/macromolecules/7b01769_s1_2.corrected.mol	{[][<]CC(C(=O.C{[>][<]CCO[>][<]})N{[>][<]C(C)CO[>][<]})[>],[<]CC(C(=O)NCCCCCCCCCCCC)[>],[<]CC(C(=O)NCCCCCCCCCCCNC(=O)C1=CC(=CC(=C1)C(=O)NCC[C@@](C)CCCC(C)C)C(=O)NCC[C@](C)CCCC(C)C)[>][]}	{[][<]CC(C(=O.C{[>][<]CCO[>][<]})N{[>][<]C(C)CO[>][<]})[>],[<]CC(C(=O)NCCCCCCCCCCCC)[>],[<]CC(C(=O)NCCCCCCCCCCCNC(=O)C1=CC(=CC(=C1)C(=O)NCC[C@@](C)CCCC(C)C)C(=O)NCC[C@](C)CCCC(C)C)[>][]}
PolymerLit-OA_processed/generic/macromolecules/7b01832_s1_1.corrected.mol	C{[>][<]C(=N\[C@@](C)C(=O)N[C@@](C)C(=O)N[C@@](C)C(=O)OCCOCCOCCOC)[>][<]}C	[H]C{[<][>]C(=NC(C(NC(C(NC(C(OCCOCCOCCOC)=O)C)=O)C)=O)C)[<][>]}C[H]
PolymerLit-OA_processed/generic/macromolecules/7b02030_f1_1.corrected.mol	[H]{[>][<]P(CC(C)C)([H])B([H])([H])[>][<]}[H]	[H]{[>][<]P(CC(C)C)([H])B([H])([H])[>][<]}[H]
PolymerLit-OA_processed/generic/macromolecules/7b02030_f1_2.corrected.mol	[H]{[>][<]P(C(C)(C)C)([H])B([H])([H])[>][<]}[H]	[H]{[>][<]P(C(C)(C)C)([H])B([H])([H])[>][<]}[H]
PolymerLit-OA_processed/generic/macromolecules/7b02030_f1_3.corrected.mol	[H]{[>][<]B([H])([H])P([H])(C1=CC=C({[>][<]C[>][<]}C)C=C1)[>][<]}[H]	[H]{[>][<]B([H])([H])P([H])(C1=CC=C({[>][<]C[>][<]}C)C=C1)[>][<]}[H]
PolymerLit-OA_processed/generic/macromolecules/7b02030_f1_4.corrected.mol	[H]{[>][<]P([H])(CCCCCC)B([H])([H])[>][<]}[H]	[H]{[>][<]P([H])(CCCCCC)B([H])([H])[>][<]}[H]
PolymerLit-OA_processed/generic/macromolecules/7b02030_f1_5.corrected.mol	[H]{[>][<]B([H])([H])P([H])(CCCC)[>][<]}[H]	[H]{[>][<]B([H])([H])P([H])(CCCC)[>][<]}[H]
PolymerLit-OA_processed/generic/macromolecules/7b02030_f1_6.corrected.mol	[H]{[>][<]P([H])(CC(CC)CCCC)B([H])([H])[>][<]}[H]	[H]{[>][<]P([H])(CC(CC)CCCC)B([H])([H])[>][<]}[H]
PolymerLit-OA_processed/generic/macromolecules/7b02136_f1_1.corrected.mol	failed to obtain BigSMILES	failed to obtain BigSMILES
PolymerLit-OA_processed/generic/macromolecules/7b02136_f1_2.corrected.mol	failed to obtain BigSMILES	failed to obtain BigSMILES
PolymerLit-OA_processed/generic/macromolecules/7b02136_f1_3.corrected.mol	failed to obtain BigSMILES	failed to obtain BigSMILES
PolymerLit-OA_processed/generic/macromolecules/7b02136_f1_4.corrected.mol	failed to obtain BigSMILES	failed to obtain BigSMILES
PolymerLit-OA_processed/generic/macromolecules/7b02136_f1_5.corrected.mol	failed to obtain BigSMILES	failed to obtain BigSMILES
PolymerLit-OA_processed/generic/macromolecules/7b02136_s1_1.corrected.mol	C{[>][<]C=C/C1=CC(C)=C(C=C1C)/C=C/C1=CC(C)=C(C=C1C)C#C[Y]C#CC=1C=C(C)C(=CC1C)[>][<]}C	[H]C{[<][>]c(c(c4)C)cc(C)c4C#C[Y]C#Cc(c(c2)C)cc(C)c2/C=C/c(c(c1)C)cc(C)c1C=C[<][>]}C[H]
PolymerLit-OA_processed/generic/macromolecules/7b02288_f1_1.corrected.mol	CC=1C=C(C(O)=C(C)C1){[>][<]CC=1C=C(CC)C=C(C1O)[>][<]}C	[H]C{[<][>]c(cc(CC)c2)c(O)c2C[<][>]}c(cc(C)c1)c(O)c1C[H]
PolymerLit-OA_processed/generic/macromolecules/7b02457_s1_1.corrected.mol	C{[>][<]C(=O)C1=CC=C(C=C1)C(=O)OCCO[>][<]}C	[H]C{[<][>]OCCOC(=O)c(cc1)ccc1C(=O)[<][>]}C[H]
PolymerLit-OA_processed/generic/macromolecules/7b02457_s1_2.corrected.mol	C{[>][<]C(=O)C1=CC=C(O1)C(=O)OCCO[>][<]}C	[H]C{[<][>]OCCOC(=O)c(cc1)oc1C(=O)[<][>]}C[H]
PolymerLit-OA_processed/generic/macromolecules/7b02457_s1_3.corrected.mol	C{[>][<]C(=O)C1=CC=C(O1)C(C)(C)C1=CC=C(O1)C(=O)OCCO[>][<]}C	[H]C{[<][>]OCCOC(=O)c(cc2)oc2C(C)(C)c(cc1)oc1C(=O)[<][>]}C[H]
PolymerLit-OA_processed/generic/macromolecules/7b02457_s2_1.corrected.mol	C{[>][<]C(=O)C1=CC=C(O1)C1=CC=C(O1)C(=O)OCCO[>][<]}C	[H]C{[<][>]OCCOC(=O)c(cc2)oc2c(cc1)oc1C(=O)[<][>]}C[H]
PolymerLit-OA_processed/generic/macromolecules/7b02610_s1_1.corrected.mol	O{[>][<]CC1O[C@@](C(C([C@@]1O)O)O)O[>][<]}[H]	[H]O{[<][>]CC(C(C(O)C1O)O)OC1O[<][>]}[H]
PolymerLit-OA_processed/generic/macromolecules/7b02610_s1_2.corrected.mol	C{[>][<]CC1O[C@@](C(C([C@@]1C)C)C)O[>][<]}C	[H]C{[<][>]OC(C(C(C)C1C)C)OC1C[<][>]}C[H]
PolymerLit-OA_processed/generic/macromolecules/7b02610_s1_3.corrected.mol	C{[>][<]CC1O[C@@](C(C([C@@]1C)C)C)O[>][<]}C	[H]C{[<][>]OC(C(C(C)C1C)C)OC1C[<][>]}C[H]
PolymerLit-OA_processed/generic/macromolecules/8b00178_s1_1.corrected.mol	C{[>][<]OC1C(C)OC(C(C1C)C)[>][<]}C	[H]C{[<][>]C(C(C)C1C)OC(C)C1O[<][>]}C[H]
PolymerLit-OA_processed/generic/macromolecules/8b00294_f7_1.corrected.mol	C{[>][<]CC(C)(C(=O)OCC(CO)O)[>][<]}C	[H]C{[<][>]C(C(=O)OCC(O)CO)(C)C[<][>]}C[H]
PolymerLit-OA_processed/generic/macromolecules/8b00294_f7_2.corrected.mol	C{[>][<]CC(C)(C(=O)OCC(CO)O)[>][<]}{[>][<]CC(C)(C(OCC1COC(O1)(C)C)=O)[>][<]}C	[H]{[<][>]CC(C)(C(OCC(OC2(C)C)CO2)=O)[<][>]}C{[<][>]C(C(=O)OCC(O)CO)(C)C[<][>]}C[H]
PolymerLit-OA_processed/generic/macromolecules/8b00294_f7_3.corrected.mol	C{[>][<]CC(C)(C(=O)OCC(CO)O)[>][<]}C	[H]C{[<][>]C(C(=O)OCC(O)CO)(C)C[<][>]}C[H]
PolymerLit-OA_processed/generic/macromolecules/8b00294_s1_1.corrected.mol	CC({[>][<]CC(C)(C(=O)OCC(CO)O)[>][<]}SC(=S)C1=CC=CC=C1)(C)C	[H]c(cc1)c(cc1)C(=S)S{[<][>]C(C(=O)OCC(O)CO)(C)C[<][>]}C(C)(C)C[H]
PolymerLit-OA_processed/generic/macromolecules/8b00294_s1_2.corrected.mol	CC({[>][<]CC(C)(C(=O)OCC(CO)O)[>][<]}{[>][<]CC(C)(C(=O)OCC1COC(O1)(C)C)[>][<]}SC(=S)C1=CC=CC=C1)(C)C	{[][>1]CC(C)(C(OCC(OC2(C)C)CO2)=O)[<1];[H]CC(C)(C)[<1],[H]CC(C)(C)C{[<][>]C(C(=O)OCC(O)CO)(C)C[<][>]}C(C(=O)OCC(O)CO)(C)[<1],[>1]SC(=S)c(cc1)c(cc1)[H][]}
PolymerLit-OA_processed/generic/macromolecules/8b00715_s1_1.corrected.mol	OCC{[>][<]OCC[>][<]}OC	[H]OCCOC{[<][>]COC[<][>]}[H]
PolymerLit-OA_processed/generic/macromolecules/8b00772_s1_1.corrected.mol	S=C(S{[>][<]C(C(OCCCCOC(=O)CCN1C=C(C(NC1=O)=O)C)=O)C[>],[<]C(C(=O)OCCCC)C[>][<]}CC1=CC=CC=C1)S{[>][<]CC(C(OCCCCOC(=O)CCN1C=C(C(NC1=O)=O)C)=O)[>],[<]CC(C(=O)OCCCC)[>][<]}CC1=CC=CC=C1	S=C(S{[>][<]C(C(OCCCCOC(=O)CCN1C=C(C(NC1=O)=O)C)=O)C[>],[<]C(C(=O)OCCCC)C[>][<]}CC1=CC=CC=C1)S{[>][<]CC(C(OCCCCOC(=O)CCN1C=C(C(NC1=O)=O)C)=O)[>],[<]CC(C(=O)OCCCC)[>][<]}CC1=CC=CC=C1
PolymerLit-OA_processed/generic/macromolecules/8b01077_f1_1.corrected.mol	C{[>][<]C=1C=CC2=C(C1)[C@](C)(C)C1=C2C=CC(=C1)C1=CC=C(C=C1)C1=C2C(=O)N(C)C(=C2C(N1C)=O)C1=CC=C(C=C1)[>][<]}C	[H]C{[<][>]c(cc%13)ccc%13C(N(C6=O)C)=C(C(N7C)=O)C6=C7c(cc3)ccc3c(cc1)cc(c1-c1cc2)C(C)(C)c1cc2[<][>]}C[H]
PolymerLit-OA_processed/generic/macromolecules/8b01077_f5_1.corrected.mol	C{[>][<]C1=CC2=C(C=C1)C1=C(C2(CC[C@](C)CCCC(C)C)CC[C@@](C)CCCC(C)C)C=C(C=C1)C1=CC=C(C2=NSN=C12)[>][<]}C	[H]C{[<][>]c(cc3)cc(c3-c3cc4)C(CCC(CCCC(C)C)C)(CCC(C)CCCC(C)C)c3cc4c(cc1)c(ns2)c(n2)c1[<][>]}C[H]
PolymerLit-OA_processed/generic/macromolecules/8b01077_f5_2.corrected.mol	C{[>][<]C1=C(OC[C@](C)CC)C(OC[C@@](C)CC)=C(S1)[>][<]}C	[H]C{[<][>]c(c(OCC(CC)C)c1OCC(C)CC)sc1[<][>]}C[H]
PolymerLit-OA_processed/generic/macromolecules/8b01150_s2_1.corrected.mol	[H]C(C(=O)O{[>][<]C[>][<]}O)=C	[H]O{[<][>]C[<][>]}OC(=O)C(=C)[H]
PolymerLit-OA_processed/generic/macromolecules/8b01150_s2_2.corrected.mol	C{[>][<]C(C(=O)O{[>][<]C[>][<]}O)([H])[>][<]}C	[H]C{[<][>]C(C(=O)O{[<][>]C[<][>]}O[H])[<][>]}C[H]
PolymerLit-OA_processed/generic/macromolecules/8b01224_f3_1.corrected.mol	[H]{[>][<]OC1CCC(C=C)CC1OC(=O)[>][<]}{[>][<]OC(C){[>][<]C[>][<]}C(=O)[>][<]}OC1CCC(C=C)CC1O{[>][<]C(=O)C1=CC=CC=C1C(=O)OC1CCC(C=C)CC1O[>][<]}{[>][<]C(=O){[>][<]C[>][<]}C(C)O[>][<]}{[>][<]C(=O)OC1CCC(C=C)CC1O[>][<]}[H]	{[][>1]C[<1],[>1]C(C)OC(=O)[<1],[>4]C(=O)OC(CC%16C=C)C(CC%16)O[<3],[>4]OC(CC%16C=C)C(CC%16)OC(=O)[<4],[>4]OC(CC%16C=C)C(CC%16)OC(=O)OC(C)[<6],[>4]OC(CC%16C=C)C(CC%16)OC(=O)OC(CC8C=C)C(CC8)OC(=O)c(cc2)c(cc2)C(=O)OC(CCC4C=C)C(C4)[<2],[>4]OC(CC%16C=C)C(CC%16)OC(=O)OC(CC8C=C)C(CC8)OC(=O)[<1],[>6]C(=O)OC(CC8C=C)C(CC8)OC(=O)c(cc2)c(cc2)C(=O)OC(CCC4C=C)C(C4)[<2],[>6]C[<6],[>6]C(=O)OC(C)[<6],[>6]C(=O)OC(CC8C=C)C(CC8)OC(=O)[<1],[>2]OC(=O)[<1],[>2]OC(=O)c(cc2)c(cc2)C(=O)OC(CCC4C=C)C(C4)[<2],[>3]OC(CC8C=C)C(CC8)OC(=O)c(cc2)c(cc2)C(=O)OC(CCC4C=C)C(C4)[<2],[>3]C(=O)OC(CC%16C=C)C(CC%16)O[<3],[>3]OC(C)[<6],[>3]OC(CC8C=C)C(CC8)OC(=O)[<1];[H][<4],[H]OC(CC8C=C)C(CC8)O[H],[H]C(=O)OC(CC%16C=C)C(CC%16)O[<3],[H]OC(CC8C=C)C(CC8)OC(=O)c(cc2)c(cc2)C(=O)OC(CCC4C=C)C(C4)[<2],[H]OC(C)[<6],[H]OC(CC8C=C)C(CC8)OC(=O)[<1],[>1]C(C)O[H],[H]OC(CC8C=C)C(CC8)O[H],[>4]OC(CC%16C=C)C(CC%16)OC(=O)OC(CC8C=C)C(CC8)O[H],[>6]C(=O)OC(CC8C=C)C(CC8)O[H],[>2]O[H],[>3]OC(CC8C=C)C(CC8)O[H][]}
PolymerLit-OA_processed/generic/macromolecules/8b01224_f3_2.corrected.mol	[H]{[>][<]OC1CCC(CCS[R])CC1OC(=O)[>][<]}{[>][<]C(=O){[>][<]C[>][<]}C(C)O[>][<]}OC1CCC(CCS[R])CC1O{[>][<]C(=O)C1=CC=CC=C1C(=O)OC1CCC(CCS[R])CC1O[>][<]}{[>][<]C(=O){[>][<]C[>][<]}C(C)O[>][<]}{[>][<]C(=O)OC1CCC(CCS[R])CC1O[>][<]}[H]	[H]{[>][<]OC1CCC(CCS[R])CC1OC(=O)[>][<]}{[>][<]C(=O){[>][<]C[>][<]}C(C)O[>][<]}OC1CCC(CCS[R])CC1O{[>][<]C(=O)C1=CC=CC=C1C(=O)OC1CCC(CCS[R])CC1O[>][<]}{[>][<]C(=O){[>][<]C[>][<]}C(C)O[>][<]}{[>][<]C(=O)OC1CCC(CCS[R])CC1O[>][<]}[H]
PolymerLit-OA_processed/generic/macromolecules/8b01224_s1_1.corrected.mol	C{[>][<]C(=O)CCC(=O)OC1CCC([R])CC1O[>][<]}C	C{[>][<]C(=O)CCC(=O)OC1CCC([R])CC1O[>][<]}C
PolymerLit-OA_processed/generic/macromolecules/8b01224_s1_2.corrected.mol	[H]{[>][<]OC(C){[>][<]C[>][<]}C(=O)[>][<]}OC1CCC([R])CC1O{[>][<]C(=O)CCC(=O)OC1CCC([R])CC1O[>][<]}{[>][<]C(=O){[>][<]C[>][<]}C(C)O[>][<]}[H]	[H]{[>][<]OC(C){[>][<]C[>][<]}C(=O)[>][<]}OC1CCC([R])CC1O{[>][<]C(=O)CCC(=O)OC1CCC([R])CC1O[>][<]}{[>][<]C(=O){[>][<]C[>][<]}C(C)O[>][<]}[H]
PolymerLit-OA_processed/generic/macromolecules/8b01224_s1_3.corrected.mol	[H]{[>][<]OC1C(CC(CC1)[R])OC(=O)[>][<]}{[>][<]OC(C){[>][<]C[>][<]}C(=O)[>][<]}OC1CCC([R])CC1O{[>][<]C(=O)CCC(=O)OC1CCC([R])CC1O[>][<]}{[>][<]C(=O){[>][<]C[>][<]}C(C)O[>][<]}{[>][<]C(=O)OC1CCC([R])CC1O[>][<]}[H]	[H]{[>][<]OC1C(CC(CC1)[R])OC(=O)[>][<]}{[>][<]OC(C){[>][<]C[>][<]}C(=O)[>][<]}OC1CCC([R])CC1O{[>][<]C(=O)CCC(=O)OC1CCC([R])CC1O[>][<]}{[>][<]C(=O){[>][<]C[>][<]}C(C)O[>][<]}{[>][<]C(=O)OC1CCC([R])CC1O[>][<]}[H]
PolymerLit-OA_processed/generic/macromolecules/8b01251_f1_1.corrected.mol	C=C(C(=O)OCCO{[>][<]CCO[>][<]}C)C	[H]COCCO{[<][>]CCO[<][>]}C(=O)C(=C)C[H]
PolymerLit-OA_processed/generic/macromolecules/8b01251_f4_1.corrected.mol	C{[>][<]CC(C)(C(=O)OCCO{[>][<]CCO[>][<]}C)[>][<]}C	[H]C{[<][>]C(C)(C(=O)OCCOC{[<][>]COC[<][>]}[H])C[<][>]}C[H]
PolymerLit-OA_processed/ladder/acsmacrolett/2c00568_f1_1.corrected.mol	C{[>][<[<]1]OC1=CC2=C(C=C1O[>[>]2])C1(CC2(C)C)CC(C)(C)C2=C1C=C1C(=C2)OC2=C(O1)C(C)=C([<[<]1])C(=C2C)[>[>]2][<]}(C)(C)C	C{[>][<[<]1]OC1=CC2=C(C=C1O[>[>]2])C1(CC2(C)C)CC(C)(C)C2=C1C=C1C(=C2)OC2=C(O1)C(C)=C([<[<]1])C(=C2C)[>[>]2][<]}(C)(C)C
PolymerLit-OA_processed/ladder/angewchemie/202211946_s2_1.corrected.mol	C{[>][<[<]1]C1=CC2=C(C=C1[>[>]2])C1=C(C=CC=C1)C21C2=C(C=CC=C2)C2=C1C=C1C(=C2)C(C)([R])C2=C1C=C(C(=C2)[<[<]1])C([R])(C)[>[>]2][<]}(C)(C)C	C{[>][<[<]1]C1=CC2=C(C=C1[>[>]2])C1=C(C=CC=C1)C21C2=C(C=CC=C2)C2=C1C=C1C(=C2)C(C)([R])C2=C1C=C(C(=C2)[<[<]1])C([R])(C)[>[>]2][<]}(C)(C)C
PolymerLit-OA_processed/ladder/chemengjournal/2024.149698_s1_1.corrected.mol	[H]{[>][<[<]1]O[Si]([<[<]1])([R])O[Si]([R])(O[>[>]2])[>[>]2][<]}(O)([H])O	[H]{[>][<[<]1]O[Si]([<[<]1])([R])O[Si]([R])(O[>[>]2])[>[>]2][<]}(O)([H])O
PolymerLit-OA_processed/ladder/chemengjournal/2024.149698_s1_2.corrected.mol	[H]{[>][<[<]1]O[Si]([>[>]2])([R])O[Si](C)(O[<[<]1])[>[>]2],[<[<]1]O[Si](O[Si]([R])([>[>]2])O[<[<]1])([R])[>[>]2][<]}(O)([H])O	[H]{[>][<[<]1]O[Si]([>[>]2])([R])O[Si](C)(O[<[<]1])[>[>]2],[<[<]1]O[Si](O[Si]([R])([>[>]2])O[<[<]1])([R])[>[>]2][<]}(O)([H])O
PolymerLit-OA_processed/ladder/chemicalscience/C5SC02385H_f3_1.corrected.mol	C1=CC=C2C(=C1)C{[>][<[<]1]C1=CC3=C(C=C1C(=[<[<]1]))C1=C(N3C(C)C)C=C3C(=C1)C=CC1=C3C=C(C=[>[>]2])C(=C1)[>[>]2][<]}21CC3=C1C=CC=C3	C1=CC=C2C(=C1)C{[>][<[<]1]C1=CC3=C(C=C1C(=[<[<]1]))C1=C(N3C(C)C)C=C3C(=C1)C=CC1=C3C=C(C=[>[>]2])C(=C1)[>[>]2][<]}21CC3=C1C=CC=C3
PolymerLit-OA_processed/ladder/chemicalscience/C5SC02385H_f3_2.corrected.mol	C1=CC=C2C(=C1)C{[>][<[<]1]C1=CC3=C(C=C1C(=[<[<]1])C)C1=C(N3C(C)C)C=C3C(=C1)C(C)=CC1=C3C=C(C=[>[>]2])C(=C1)[>[>]2][<]}21CC3=C1C=CC=C3	C1=CC=C2C(=C1)C{[>][<[<]1]C1=CC3=C(C=C1C(=[<[<]1])C)C1=C(N3C(C)C)C=C3C(=C1)C(C)=CC1=C3C=C(C=[>[>]2])C(=C1)[>[>]2][<]}21CC3=C1C=CC=C3
PolymerLit-OA_processed/ladder/chemicalscience/C5SC02385H_s1_1.corrected.mol	C1=CC=C2C{[>][<[<]1]=C(C)C3=CC4=C(C=C3[<[<]1])N(C(C)C)C3=C4C=C4C(=C3)C3=C(C=C4C)C=C4C(=C3)C=C(C)C3=CC5=C(C=C43)N(C(C)C)C3=C5C=C4C(=C3)C3=C(C=C4C)C=C(C(C=[>[>]2])=C3)[>[>]2][<]}3(C2=C1)CC4=C3C=CC=C4	C1=CC=C2C{[>][<[<]1]=C(C)C3=CC4=C(C=C3[<[<]1])N(C(C)C)C3=C4C=C4C(=C3)C3=C(C=C4C)C=C4C(=C3)C=C(C)C3=CC5=C(C=C43)N(C(C)C)C3=C5C=C4C(=C3)C3=C(C=C4C)C=C(C(C=[>[>]2])=C3)[>[>]2][<]}3(C2=C1)CC4=C3C=CC=C4
PolymerLit-OA_processed/ladder/chemicalscience/C7SC00154A_f3_1.corrected.mol	C{[>][<[<]1]C1=CC2C(C=C1[>[>]2])N=C1C(=N2)C2=C3/C4=C\1C=CC=C4\C(=N[<[<]1])\C(\C3=C/C=C\2)=N[>[>]2][<]}(C)(C)C	C{[>][<[<]1]C1=CC2C(C=C1[>[>]2])N=C1C(=N2)C2=C3/C4=C\1C=CC=C4\C(=N[<[<]1])\C(\C3=C/C=C\2)=N[>[>]2][<]}(C)(C)C
PolymerLit-OA_processed/ladder/chemicalscience/C7SC00154A_f3_2.corrected.mol	C{[>][<[<]1]C1=CC2=C(C=C1[<[<]1])N1C(=O)C3=CC=C4C5=N[>[>]2]=[>[>]2]N5C(C5=CC=C(C3=C45)C1=N2)=O[<]}(C){[>][<[<]1]C1=C([>[>]2])C=C2C(=C1)N1C(=O)/C3=C/C=C\4C5=C(\C=C/C(C1=N2)=C35)/C(=N[<[<]1])N(C4=O)[>[>]2][<]}(C)C	C{[>][<[<]1]C1=CC2=C(C=C1[<[<]1])N1C(=O)C3=CC=C4C5=N[>[>]2]=[>[>]2]N5C(C5=CC=C(C3=C45)C1=N2)=O[<]}(C){[>][<[<]1]C1=C([>[>]2])C=C2C(=C1)N1C(=O)/C3=C/C=C\4C5=C(\C=C/C(C1=N2)=C35)/C(=N[<[<]1])N(C4=O)[>[>]2][<]}(C)C
PolymerLit-OA_processed/ladder/chemicalscience/C7SC00154A_f3_3.corrected.mol	C{[>][<[<]1]C=1C=C2C(=CC1[>[>]2])N=C1C([X]2)=C/C(=N[<[<]1])C(=C1)[X][>[>]2][<]}(C)(C)C	C{[>][<[<]1]C=1C=C2C(=CC1[>[>]2])N=C1C([X]2)=C/C(=N[<[<]1])C(=C1)[X][>[>]2][<]}(C)(C)C
PolymerLit-OA_processed/ladder/chemicalscience/C7SC00154A_s10_1.corrected.mol	C{[>][<[<]1]C=1C=C2N=C3N([R])C(=O)/C4=C/C(=C\5C6=C4\C3=C/(/C=C\6C(N(C5=[>[>]2])[R])=O)C2=CC1N=[<[<]1])[>[>]2][<]}(C)(C)C	C{[>][<[<]1]C=1C=C2N=C3N([R])C(=O)/C4=C/C(=C\5C6=C4\C3=C/(/C=C\6C(N(C5=[>[>]2])[R])=O)C2=CC1N=[<[<]1])[>[>]2][<]}(C)(C)C
PolymerLit-OA_processed/ladder/chemicalscience/C7SC00154A_s10_2.corrected.mol	C{[>][<[<]1]C=1C=C2C([R])=NC3=CC(=C(N=[>[>]2])C=C3C2=CC1C(=[<[<]1])[R])[>[>]2][<]}(C)(C)C	C{[>][<[<]1]C=1C=C2C([R])=NC3=CC(=C(N=[>[>]2])C=C3C2=CC1C(=[<[<]1])[R])[>[>]2][<]}(C)(C)C
PolymerLit-OA_processed/ladder/chemicalscience/C7SC00154A_s1_1.corrected.mol	C{[>][<[<]1]C=1/C=C\C2=C3C1C([>[>]2])=C/C=C\3C1=C([R])C([H])([<[<]1])C(C(=C21)[R])([H])[>[>]2][<]}(C)(C)C	C{[>][<[<]1]C=1/C=C\C2=C3C1C([>[>]2])=C/C=C\3C1=C([R])C([H])([<[<]1])C(C(=C21)[R])([H])[>[>]2][<]}(C)(C)C
PolymerLit-OA_processed/ladder/chemicalscience/C7SC00154A_s1_2.corrected.mol	C{[>][<[<]1]C=1/C=C\C2=C3C1C([>[>]2])=C/C=C\3C1=C([R])C([<[<]1])=C(C(=C21)[R])[>[>]2][<]}(C)(C)C	C{[>][<[<]1]C=1/C=C\C2=C3C1C([>[>]2])=C/C=C\3C1=C([R])C([<[<]1])=C(C(=C21)[R])[>[>]2][<]}(C)(C)C
PolymerLit-OA_processed/ladder/chemicalscience/C7SC00154A_s3_1.corrected.mol	C{[>][<[<]1]C=1C(C(C2=CC=C(C)C=C2)(C)[>[>]2])=CC=2C=3C(C)=C([<[<]1])C(=C(C)C3C(C2C1)(C1=CC=C(C=C1)C)C)[>[>]2][<]}(C)(C)C	C{[>][<[<]1]C=1C(C(C2=CC=C(C)C=C2)(C)[>[>]2])=CC=2C=3C(C)=C([<[<]1])C(=C(C)C3C(C2C1)(C1=CC=C(C=C1)C)C)[>[>]2][<]}(C)(C)C
PolymerLit-OA_processed/ladder/chemicalscience/C7SC00154A_s4_1.corrected.mol	C{[>][<[<]1]C1=CC2=C(C=C1[<[<]1])C1(C3=C(C4=C1C=CC(C)=C4)C=C(C=C3)C)C=1C2=CC(C2(C3=C(C4=C2C=CC(=C4)C)C=C(C=C3)C)[>[>]2])=C(C1)[>[>]2][<]}(C)(C)C	C{[>][<[<]1]C1=CC2=C(C=C1[<[<]1])C1(C3=C(C4=C1C=CC(C)=C4)C=C(C=C3)C)C=1C2=CC(C2(C3=C(C4=C2C=CC(=C4)C)C=C(C=C3)C)[>[>]2])=C(C1)[>[>]2][<]}(C)(C)C
PolymerLit-OA_processed/ladder/chemicalscience/C7SC00154A_s5_1.corrected.mol	C{[>][<[<]1]=NC1=C(C=C2C(C3=C(N2C)C=C2C(N=C(C4=CC5=C(C(C6=C5C=C(C(=C6)[>[>]2])C(=[<[<]1])C)(C)C)C=C24)C)=C3)=C1)[>[>]2][<]}(C)(C)C	C{[>][<[<]1]=NC1=C(C=C2C(C3=C(N2C)C=C2C(N=C(C4=CC5=C(C(C6=C5C=C(C(=C6)[>[>]2])C(=[<[<]1])C)(C)C)C=C24)C)=C3)=C1)[>[>]2][<]}(C)(C)C
PolymerLit-OA_processed/ladder/chemicalscience/C7SC00154A_s6_1.corrected.mol	C{[>][<[<]1]C=1SC2=C(N(C3=C2C=2C(=NSN2)C2=C3N(C)C3=C2SC2=C3C(C3=CC=C(C=C3)C)(C)C3=C2C=C(C([>[>]2])(C2=CC=C(C=C2)C)C)C([<[<]1])=C3)C)C1[>[>]2][<]}(C)(C)C	C{[>][<[<]1]C=1SC2=C(N(C3=C2C=2C(=NSN2)C2=C3N(C)C3=C2SC2=C3C(C3=CC=C(C=C3)C)(C)C3=C2C=C(C([>[>]2])(C2=CC=C(C=C2)C)C)C([<[<]1])=C3)C)C1[>[>]2][<]}(C)(C)C
PolymerLit-OA_processed/ladder/chemicalscience/C7SC00154A_s7_1.corrected.mol	C{[>][<[<]1]=C([R])C=1C=C2C(=CC1[>[>]2])C([R])=C([R])C=1C2=CC(C(=[<[<]1])[R])=C(C1)[>[>]2][<]}(C)(C)C	C{[>][<[<]1]=C([R])C=1C=C2C(=CC1[>[>]2])C([R])=C([R])C=1C2=CC(C(=[<[<]1])[R])=C(C1)[>[>]2][<]}(C)(C)C
PolymerLit-OA_processed/ladder/chemicalscience/C7SC00154A_s7_2.corrected.mol	C{[>][<[<]1]C=1C(C)=C2C(C)=CC3=CC(=C(C=[>[>]2])C=C3C2=C(C)C1C(=[<[<]1])C)[>[>]2][<]}(C)(C)C	C{[>][<[<]1]C=1C(C)=C2C(C)=CC3=CC(=C(C=[>[>]2])C=C3C2=C(C)C1C(=[<[<]1])C)[>[>]2][<]}(C)(C)C
PolymerLit-OA_processed/ladder/chemicalscience/C7SC00154A_s8_1.corrected.mol	C{[>][<[<]1]C1=C\2C=3C=4\C5=C\(C6=C(SC7=C6SC([>[>]2])=C7[<[<]1])C4\C=C/4C3/C(C(N(C4=O)[R])=O)=C\1)\C=C/1C3=C(C(=O)N([R])C1=O)/C=C(/C2=C/35)[>[>]2][<]}(C)(C)C	C{[>][<[<]1]C1=C\2C=3C=4\C5=C\(C6=C(SC7=C6SC([>[>]2])=C7[<[<]1])C4\C=C/4C3/C(C(N(C4=O)[R])=O)=C\1)\C=C/1C3=C(C(=O)N([R])C1=O)/C=C(/C2=C/35)[>[>]2][<]}(C)(C)C
PolymerLit-OA_processed/ladder/chemicalscience/C7SC00154A_s8_2.corrected.mol	C{[>][<[<]1]C1=C\C=C/2C3=C(/C=C\C([>[>]2])=C/31)C1=C2C(C2=CC=CC=C2)=C2C(=C1C1=CC=CC=C1)C=1C=CC(=C3C([<[<]1])=CC=C2C31)[>[>]2][<]}(C)(C)C	C{[>][<[<]1]C1=C\C=C/2C3=C(/C=C\C([>[>]2])=C/31)C1=C2C(C2=CC=CC=C2)=C2C(=C1C1=CC=CC=C1)C=1C=CC(=C3C([<[<]1])=CC=C2C31)[>[>]2][<]}(C)(C)C
PolymerLit-OA_processed/ladder/chemicalscience/C7SC00154A_s9_1.corrected.mol	C{[>][<[<]1]C1=CC2=C(C=C1[>[>]2])C1=CC3=C(C=C1[C@@]2([R])[R])N(C(=O)OC(C)(C)C)C1=C(C3=O)C=C2C(=C1)C(=O)C1=CC3=C(C=C1N2C(=O)OC(C)(C)C)[C@]([R])([R])C1=C3C=C2C(=C1)N(C(=O)OC(C)(C)C)C1=CC(C(=O)[<[<]1])=C(C=C1C2=O)N(C(OC(C)(C)C)=O)[>[>]2][<]}(C)(C)C	C{[>][<[<]1]C1=CC2=C(C=C1[>[>]2])C1=CC3=C(C=C1[C@@]2([R])[R])N(C(=O)OC(C)(C)C)C1=C(C3=O)C=C2C(=C1)C(=O)C1=CC3=C(C=C1N2C(=O)OC(C)(C)C)[C@]([R])([R])C1=C3C=C2C(=C1)N(C(=O)OC(C)(C)C)C1=CC(C(=O)[<[<]1])=C(C=C1C2=O)N(C(OC(C)(C)C)=O)[>[>]2][<]}(C)(C)C
PolymerLit-OA_processed/ladder/chemicalscience/C7SC00154A_s9_2.corrected.mol	C{[>][<[<]1]C1=CC2=C(C=C1[>[>]2])C1=CC3=C(C=C1[C@@]2([R])[R])N([H])C1=C(C3=O)C=C2C(=C1)C(=O)C1=CC3=C(C=C1N2[H])[C@]([R])([R])C1=C3C=C2C(=C1)N([H])C1=CC(C(=O)[<[<]1])=C(C=C1C2=O)N([H])[>[>]2][<]}(C)(C)C	C{[>][<[<]1]C1=CC2=C(C=C1[>[>]2])C1=CC3=C(C=C1[C@@]2([R])[R])N([H])C1=C(C3=O)C=C2C(=C1)C(=O)C1=CC3=C(C=C1N2[H])[C@]([R])([R])C1=C3C=C2C(=C1)N([H])C1=CC(C(=O)[<[<]1])=C(C=C1C2=O)N([H])[>[>]2][<]}(C)(C)C
PolymerLit-OA_processed/ladder/chemicalscience/D4SC03222E_f1_1.corrected.mol	C{[>][<[<]1]C1=CC2=C(C=C1[>[>]2])N1C(=N2)/C2=C/3/C4=C\(\C=C/2)C(=O)N([<[<]1])/C(/C4=C\C=C/3C1=O)=N[>[>]2][<]}(C)(C)C	C{[>][<[<]1]C1=CC2=C(C=C1[>[>]2])N1C(=N2)/C2=C/3/C4=C\(\C=C/2)C(=O)N([<[<]1])/C(/C4=C\C=C/3C1=O)=N[>[>]2][<]}(C)(C)C
PolymerLit-OA_processed/ladder/chemicalscience/D4SC03222E_f1_2.corrected.mol	C{[>][<[<]1]=C(C)C=1C(=CC2=C(C1)C(C)=C1C3=CC=C/C4=C\5C6=C(N([R])\C5=C/C(C1=C2C)=C34)C1=C(C=2C6=NSN2)C2=C(N1[R])/C=C\1C3=C2\C=C/C=C\3C(=[>[>]2])C1=[<[<]1])C(C)=[>[>]2][<]}(C)(C)C	C{[>][<[<]1]=C(C)C=1C(=CC2=C(C1)C(C)=C1C3=CC=C/C4=C\5C6=C(N([R])\C5=C/C(C1=C2C)=C34)C1=C(C=2C6=NSN2)C2=C(N1[R])/C=C\1C3=C2\C=C/C=C\3C(=[>[>]2])C1=[<[<]1])C(C)=[>[>]2][<]}(C)(C)C
PolymerLit-OA_processed/ladder/chemicalscience/D4SC03222E_f1_3.corrected.mol	C{[>][<[<]1]=C1C=2C3=C(C4=C(N([R])C5=C4C=4C(=NC(C6=CC=CC=C6)=C(C6=CC=CC=C6)N4)C4=C5N([R])/C5=C\C6=C7C(C8=C(C9=C(C(=C86)C)C=C(C(C)=[>[>]2])C(C(=[<[<]1])C)=C9)C)=CC=C\C7=C/45)C2)/C=C\C=C/3C1=[>[>]2][<]}(C)(C)C	C{[>][<[<]1]=C1C=2C3=C(C4=C(N([R])C5=C4C=4C(=NC(C6=CC=CC=C6)=C(C6=CC=CC=C6)N4)C4=C5N([R])/C5=C\C6=C7C(C8=C(C9=C(C(=C86)C)C=C(C(C)=[>[>]2])C(C(=[<[<]1])C)=C9)C)=CC=C\C7=C/45)C2)/C=C\C=C/3C1=[>[>]2][<]}(C)(C)C
PolymerLit-OA_processed/ladder/chemicalscience/D4SC06902A_f1_1.corrected.mol	C{[>][<[<]1]C=1C([R])=C([R])C=2C=3/C([R])=C\([R])\C(=C/4C3/C3=C/4C(=C\(C(=C/3C3=C(C(=C(/C4=C\3C2C41)[>[>]2])[R])[R])[R])[R])[<[<]1])[>[>]2][<]}(C)(C)C	C{[>][<[<]1]C=1C([R])=C([R])C=2C=3/C([R])=C\([R])\C(=C/4C3/C3=C/4C(=C\(C(=C/3C3=C(C(=C(/C4=C\3C2C41)[>[>]2])[R])[R])[R])[R])[<[<]1])[>[>]2][<]}(C)(C)C
PolymerLit-OA_processed/ladder/chemicalscience/D4SC06902A_f1_2.corrected.mol	C{[>][<[<]1]C=1C=C2C(=CC1[>[>]2])C1=C2C=C(C([<[<]1])=C1)[>[>]2][<]}(C)(C)C	C{[>][<[<]1]C=1C=C2C(=CC1[>[>]2])C1=C2C=C(C([<[<]1])=C1)[>[>]2][<]}(C)(C)C
PolymerLit-OA_processed/ladder/chemicalscience/D4SC06902A_f1_3.corrected.mol	C{[>][<[<]1]C1=CC2=C(C=C1[<[<]1])C1=CC3=C(C=C21)[>[>]2][>[>]2]3[<]}(C){[>][<]C1=CC=2C=3C=C4[>]=[<]C4=CC3C3=C(C4=C(C2C=C1[>])C=C(C(=C4)[>])[<])C=C(C(=C3)[>])[<][<]}(C)(C)(C)(C)(C)C	C{[>][<[<]1]C1=CC2=C(C=C1[<[<]1])C1=CC3=C(C=C21)[>[>]2][>[>]2]3[<]}(C){[>][<]C1=CC=2C=3C=C4[>]=[<]C4=CC3C3=C(C4=C(C2C=C1[>])C=C(C(=C4)[>])[<])C=C(C(=C3)[>])[<][<]}(C)(C)(C)(C)(C)C
PolymerLit-OA_processed/ladder/chemicalscience/D4SC06902A_f1_4.corrected.mol	C{[>][<[<]1]C1=C(C2=CC=C(C=C2)[R])C2=C(C(C3=CC=C(C=C3)[R])=C1[<[<]1])C1=C(C=CC=C1)C=1C(C3=CC=C(C=C3)[R])=C3C(=C(C1C1=C2C=CC=C1)C1=CC=C(C=C1)[R])C1=C(C(=CC(=C1)C(C)(C)C)[>[>]2])C1=C3C=C(C(C)(C)C)C=C1[>[>]2][<]}(C)(C)C	C{[>][<[<]1]C1=C(C2=CC=C(C=C2)[R])C2=C(C(C3=CC=C(C=C3)[R])=C1[<[<]1])C1=C(C=CC=C1)C=1C(C3=CC=C(C=C3)[R])=C3C(=C(C1C1=C2C=CC=C1)C1=CC=C(C=C1)[R])C1=C(C(=CC(=C1)C(C)(C)C)[>[>]2])C1=C3C=C(C(C)(C)C)C=C1[>[>]2][<]}(C)(C)C
PolymerLit-OA_processed/ladder/chemicalscience/D4SC06902A_s1_1.corrected.mol	CC1=C(C){[>][<[<]1]=2C=3C(C4=C(C=CC=C4)[<[<]1]2)=CC2=C(C3)C3=C(C=CC=C3)/C3=C/([R])/C([>[>]2])=C(/C([R])=C\([R])\C([R])=C/32)[>[>]2][<]}1(C)C	CC1=C(C){[>][<[<]1]=2C=3C(C4=C(C=CC=C4)[<[<]1]2)=CC2=C(C3)C3=C(C=CC=C3)/C3=C/([R])/C([>[>]2])=C(/C([R])=C\([R])\C([R])=C/32)[>[>]2][<]}1(C)C
PolymerLit-OA_processed/ladder/chemicalscience/D4SC06902A_s1_2.corrected.mol	C/C1=C(C){[>][<[<]1]=2C=3C=4C5=C(/C=C\(C)\C=C5[<[<]1]2)\C2=C\([R])\C([>[>]2])=C(\C([R])=C/([R])/C([R])=C\2C4\C=C/(C3)C)[>[>]2][<]}1(C)C	C/C1=C(C){[>][<[<]1]=2C=3C=4C5=C(/C=C\(C)\C=C5[<[<]1]2)\C2=C\([R])\C([>[>]2])=C(\C([R])=C/([R])/C([R])=C\2C4\C=C/(C3)C)[>[>]2][<]}1(C)C
PolymerLit-OA_processed/ladder/digitaldiscovery/D5DD00051C_f8_1.corrected.mol	C{[>][<[<]1]C=1C(CC)=C2C(=C(C1[>[>]2])CC)C1C2C2CC1C([<[<]1])C2[>[>]2][<]}(C)(C)C	C{[>][<[<]1]C=1C(CC)=C2C(=C(C1[>[>]2])CC)C1C2C2CC1C([<[<]1])C2[>[>]2][<]}(C)(C)C
PolymerLit-OA_processed/ladder/faradaydiscussions/C8FD00197A_f2_1.corrected.mol	C{[>][<[<]1]C=1C=C2C(=CC1[>[>]2])C1=CC3=C(C=C1S2)C1=CC([<[<]1])=C(C=C1S3)[>[>]2][<]}(C)(C)C	C{[>][<[<]1]C=1C=C2C(=CC1[>[>]2])C1=CC3=C(C=C1S2)C1=CC([<[<]1])=C(C=C1S3)[>[>]2][<]}(C)(C)C
PolymerLit-OA_processed/ladder/faradaydiscussions/C8FD00197A_f2_2.corrected.mol	C{[>][<[<]1]N=C/1C=2C=3/C(=C\C=C\4C(=O)N5C=6C(N=C5C(=C/C2)C43)=CC([>[>]2])=C(C6)[<[<]1])C(=O)N1[>[>]2][<]}(C)(C)C	C{[>][<[<]1]N=C/1C=2C=3/C(=C\C=C\4C(=O)N5C=6C(N=C5C(=C/C2)C43)=CC([>[>]2])=C(C6)[<[<]1])C(=O)N1[>[>]2][<]}(C)(C)C
PolymerLit-OA_processed/ladder/faradaydiscussions/C8FD00197A_f2_3.corrected.mol	C{[>][<[<]1]C1=C(C)C=2C3=C(C)C4=C(C(C)=C3C(C2C(C)=C1[>[>]2])(C)[R])C=1C(C4(C)[R])=C(C)C(=C([<[<]1])C1C)[>[>]2][<]}(C)(C)C	C{[>][<[<]1]C1=C(C)C=2C3=C(C)C4=C(C(C)=C3C(C2C(C)=C1[>[>]2])(C)[R])C=1C(C4(C)[R])=C(C)C(=C([<[<]1])C1C)[>[>]2][<]}(C)(C)C
PolymerLit-OA_processed/ladder/faradaydiscussions/C8FD00197A_f2_4.corrected.mol	C{[>][<[<]1]C=1C=C2C(=CC1[>[>]2])C1=C(S2(=O)=O)C=C2C(=C1)S(=O)(=O)C=1C2=CC([<[<]1])=C(C1)[>[>]2][<]}(C)(C)C	C{[>][<[<]1]C=1C=C2C(=CC1[>[>]2])C1=C(S2(=O)=O)C=C2C(=C1)S(=O)(=O)C=1C2=CC([<[<]1])=C(C1)[>[>]2][<]}(C)(C)C
PolymerLit-OA_processed/ladder/faradaydiscussions/C8FD00197A_s1_1.corrected.mol	C{[>][<[<]1]C=1C(S[>[>]2])=CC=2C3=CC(=C([<[<]1])C=C3[S+1](C2C1)C)[>[>]2][<]}(C)(C)C	C{[>][<[<]1]C=1C(S[>[>]2])=CC=2C3=CC(=C([<[<]1])C=C3[S+1](C2C1)C)[>[>]2][<]}(C)(C)C
PolymerLit-OA_processed/ladder/macromolecules/401869p_s1_1.corrected.mol	C{[>][<[<]1]C1=C(C)C2=C(OC=3C(O2)=CC=2C4(CC(C2C3)(C)C)C2=CC(O[>[>]2])=C(C=C2C(C4)(C)C)O[<[<]1])C(C)=C1[>[>]2][<]}(C)(C)C	C{[>][<[<]1]C1=C(C)C2=C(OC=3C(O2)=CC=2C4(CC(C2C3)(C)C)C2=CC(O[>[>]2])=C(C=C2C(C4)(C)C)O[<[<]1])C(C)=C1[>[>]2][<]}(C)(C)C
PolymerLit-OA_processed/ladder/macromolecules/401869p_s1_2.corrected.mol	C{[>][<[<]1]OC1=C(O[>[>]2])C=C2C(=C1)C(C)(C)CC21CC(C)(C)C2=C1C=C1C(=C2)OC2=C(O1)C(CN)=C([<[<]1])C(=C2CN)[>[>]2][<]}(C)(C)C	C{[>][<[<]1]OC1=C(O[>[>]2])C=C2C(=C1)C(C)(C)CC21CC(C)(C)C2=C1C=C1C(=C2)OC2=C(O1)C(CN)=C([<[<]1])C(=C2CN)[>[>]2][<]}(C)(C)C
PolymerLit-OA_processed/ladder/macromolecules/4c00728_s1_1.corrected.mol	CC1=CC2=C(C=C1C){[>][<[<]1]1=[<[<]1]C(C3=CC=C(C=C3)[R])=C3C4=C5/C(C6=CC(=CC1=C36)C(C)(C)C)=C/(C1=CC=C(C=C1)[R])C1=C(/C5=C\C(=C/4)C(C)(C)C)C=C([>[>]2])C(=C1)[>[>]2][<]}21C3=C4/C(=C\C(=C/3)C(C)(C)C)C3=C(C5=CC=C(C=C5)[R])C5=C(C=C(C(=C5)C)C)C5=CC(C(C)(C)C)=CC(=C35)/C4=C\1C1=CC=C(C=C1)[R]	CC1=CC2=C(C=C1C){[>][<[<]1]1=[<[<]1]C(C3=CC=C(C=C3)[R])=C3C4=C5/C(C6=CC(=CC1=C36)C(C)(C)C)=C/(C1=CC=C(C=C1)[R])C1=C(/C5=C\C(=C/4)C(C)(C)C)C=C([>[>]2])C(=C1)[>[>]2][<]}21C3=C4/C(=C\C(=C/3)C(C)(C)C)C3=C(C5=CC=C(C=C5)[R])C5=C(C=C(C(=C5)C)C)C5=CC(C(C)(C)C)=CC(=C35)/C4=C\1C1=CC=C(C=C1)[R]
PolymerLit-OA_processed/ladder/macromolecules/4c00728_s2_1.corrected.mol	failed to obtain BigSMILES	failed to obtain BigSMILES
PolymerLit-OA_processed/ladder/macromolecules/5011183_f1_1.corrected.mol	C{[>][<[<]1]OC1=CC2=C(C=C1O[>[>]2])C1(CC2(C)C)CC(C)(C)C2=C1C=C1C(=C2)OC2=C(O1)C(C)=C([<[<]1])C(=C2C)[>[>]2][<]}(C)(C)C	C{[>][<[<]1]OC1=CC2=C(C=C1O[>[>]2])C1(CC2(C)C)CC(C)(C)C2=C1C=C1C(=C2)OC2=C(O1)C(C)=C([<[<]1])C(=C2C)[>[>]2][<]}(C)(C)C
PolymerLit-OA_processed/ladder/macromolecules/9b02185_s1_1.corrected.mol	C{[>][<[<]1]C1=C(C)C2=C(OC=3C(O2)=CC=2C4(CC(C2C3)(C)C)C2=C(C(C)(C)C4)C=C(C(O[>[>]2])=C2)O[<[<]1])C(C)=C1[>[>]2][<]}(C)(C)C	C{[>][<[<]1]C1=C(C)C2=C(OC=3C(O2)=CC=2C4(CC(C2C3)(C)C)C2=C(C(C)(C)C4)C=C(C(O[>[>]2])=C2)O[<[<]1])C(C)=C1[>[>]2][<]}(C)(C)C
PolymerLit-OA_processed/ladder/macromolecules/9b02185_s2_1.corrected.mol	CC=1C2=C(C(C)=C(Cl)C1Cl){[>][<[<]1]=1OC=3C(O[<[<]1]1)=CC1=C(C3)C(C)(C)CC11C3=C(C(C1)(C)C)C=C1OC4=C(OC1=C3)C(C)=C([>[>]2])C(=C4C)[>[>]2][<]}2(Cl)Cl	CC=1C2=C(C(C)=C(Cl)C1Cl){[>][<[<]1]=1OC=3C(O[<[<]1]1)=CC1=C(C3)C(C)(C)CC11C3=C(C(C1)(C)C)C=C1OC4=C(OC1=C3)C(C)=C([>[>]2])C(=C4C)[>[>]2][<]}2(Cl)Cl
PolymerLit-OA_processed/ladder/macromolecules/9b02185_s2_2.corrected.mol	[H]{[>][<[<]1]OC1=CC2=C(C=C1O[>[>]2])C1(CC2(C)C)CC(C)(C)C2=C1C=C1C(=C2)OC2=C(O1)C(C)=C([<[<]1])C(=C2C)[>[>]2][<]}(Cl)([H])Cl	[H]{[>][<[<]1]OC1=CC2=C(C=C1O[>[>]2])C1(CC2(C)C)CC(C)(C)C2=C1C=C1C(=C2)OC2=C(O1)C(C)=C([<[<]1])C(=C2C)[>[>]2][<]}(Cl)([H])Cl
PolymerLit-OA_processed/ladder/macromolecules/9b02185_s2_3.corrected.mol	[H]{[>][<[<]1]OC1=CC2=C(C=C1O[<[<]1])C1(CC2(C)C)C2=C(C(C1)(C)C)C=C1OC3=C(OC1=C2)C(C)=C([>[>]2])C(=C3C)[>[>]2][<]}1([H])OC2=CC3=C(C=C2O1)C(C)(C)CC31C2=C(C=C(C(=C2)O)O)C(C1)(C)C	[H]{[>][<[<]1]OC1=CC2=C(C=C1O[<[<]1])C1(CC2(C)C)C2=C(C(C1)(C)C)C=C1OC3=C(OC1=C2)C(C)=C([>[>]2])C(=C3C)[>[>]2][<]}1([H])OC2=CC3=C(C=C2O1)C(C)(C)CC31C2=C(C=C(C(=C2)O)O)C(C1)(C)C
PolymerLit-OA_processed/ladder/polymer/2025.128830_s1_1.corrected.mol	C{[>][<[<]1]C(C)(C)C1=C(C=C2C(C(C3=C(O2)C=C(C(=C3)[>[>]2])[<[<]1])(C2=CC=CC=C2)C)=C1)O[>[>]2][<]}(C)(C)C	C{[>][<[<]1]C(C)(C)C1=C(C=C2C(C(C3=C(O2)C=C(C(=C3)[>[>]2])[<[<]1])(C2=CC=CC=C2)C)=C1)O[>[>]2][<]}(C)(C)C
PolymerLit-OA_processed/ladder/polymer/2025.128830_s1_2.corrected.mol	C{[>][<[<]1]OC1=CC=C2C(OC3=C(C2(C2=CC=CC=C2)C)C=C(C(=C3)[<[<]1])[>[>]2])=C1C(C)(C)[>[>]2][<]}(C)(C)C	C{[>][<[<]1]OC1=CC=C2C(OC3=C(C2(C2=CC=CC=C2)C)C=C(C(=C3)[<[<]1])[>[>]2])=C1C(C)(C)[>[>]2][<]}(C)(C)C
PolymerLit-Olsen_processed/bigsmiles_manuscript/bigsmiles_manuscript_1.corrected.mol	C{[>][<]CC[>][<]}{[>][<]CC(OC(=O)C)[>][<]}C	[H]C{[<][>]CC[<][>]}C{[<][>]C(OC(C)=O)C[<][>]}[H]
PolymerLit-Olsen_processed/bigsmiles_manuscript/bigsmiles_manuscript_10.corrected.mol	C{[>][<]CC(C1=CC=CC=C1)[>][<]}C	[H]C{[<][>]C(c(cc1)ccc1)C[<][>]}C[H]
PolymerLit-Olsen_processed/bigsmiles_manuscript/bigsmiles_manuscript_11.corrected.mol	C{[>][<]CCO[>][<]}C	[H]C{[<][>]OCC[<][>]}C[H]
PolymerLit-Olsen_processed/bigsmiles_manuscript/bigsmiles_manuscript_12.corrected.mol	C{[>][<]CC(C)O[>][<]}C	[H]C{[<][>]OC(C)C[<][>]}C[H]
PolymerLit-Olsen_processed/bigsmiles_manuscript/bigsmiles_manuscript_13.corrected.mol	[H]{[>][<]OCC[>][<]}O	[H]O{[<][>]CCO[<][>]}[H]
PolymerLit-Olsen_processed/bigsmiles_manuscript/bigsmiles_manuscript_14.corrected.mol	C{[>][<]OCCCOC(=O)NC1=CC(=C(C=C1)C)NC(=O)[>][<]}{[>][<]OCC{[>][<]OCC[>][<]}OC(=O)NC1=C(C)C=CC(=C1)NC(=O)[>][<]}C	{[][>1]C(=O)Nc(c(c1)C)cc(c1)NC(=O)OCCCO[<1];[H]C[<1],[H]CC(=O)Nc(ccc2C)cc2NC(=O)OCC{[<][>]OCC[<],[>]OC(=O)Nc(ccc2C)cc2NC(=O)OCC[<][>]}O[<1],[>1]C[H][]}
PolymerLit-Olsen_processed/bigsmiles_manuscript/bigsmiles_manuscript_15.corrected.mol	C{[>][<]C(C)(C)C[>][<]}{[>][<]CC(C1=CC(=CC=C1)CBr)[>][<]}C	[H]C{[<][>]C(c(cc1CBr)ccc1)C[<][>]}C{[<][>]C(C)(C)C[<][>]}[H]
PolymerLit-Olsen_processed/bigsmiles_manuscript/bigsmiles_manuscript_16.corrected.mol	C{[>][<]CC(C)(C)[>][<]}{[>][<]C(C1=CC(=CC=C1)C{[>][<]C(C(=O)OC)(C)C[>][<]}Br)C[>][<]}C	{[][>1]C(C)(C(OC)=O)C[<1],[>2]C(C[<2])c(ccc1)cc1C[<1];[H]C[<2],[H]CC{[<][>]C(C)(C)C[<][>]}C(C)(C)[<2],[>1]Br,[>2]C[H][]}
PolymerLit-Olsen_processed/bigsmiles_manuscript/bigsmiles_manuscript_17.corrected.mol	CC({[>][<]CC(C1=CC=CC=C1)[>][<]}CCC1=CC=CC=C1)(C#N)C	[H]CC(C#N)(C){[<][>]C(c(cc2)ccc2)C[<][>]}CC(c(cc1)ccc1)[H]
PolymerLit-Olsen_processed/bigsmiles_manuscript/bigsmiles_manuscript_18.corrected.mol	CC({[>][<]CC(C1=CC=CC=C1)[>][<]}CCC1=CC=CC=C1)(C#N)C	[H]CC(C#N)(C){[<][>]C(c(cc2)ccc2)C[<][>]}CC(c(cc1)ccc1)[H]
PolymerLit-Olsen_processed/bigsmiles_manuscript/bigsmiles_manuscript_19.corrected.mol	CC({[>][<]CC(C1=CC=CC=C1)[>][<]}{[>][<]C(C1=CC=CC=C1)C[>][<]}C(C)(C)C#N)(C#N)C	[H]CC(C#N)(C){[<][>]C(c(cc1)ccc1)C[<][>]}C(C#N)(C)C[H]
PolymerLit-Olsen_processed/bigsmiles_manuscript/bigsmiles_manuscript_2.corrected.mol	C{[>][<]CC[>][<]}{[>][<]CC(CC)[>][<]}C	[H]C{[<][>]CC[<][>]}C{[<][>]C(CC)C[<][>]}[H]
PolymerLit-Olsen_processed/bigsmiles_manuscript/bigsmiles_manuscript_20.corrected.mol	C#CCOC(C({[>][<]CC(C1=CC=CC=C1)[>][<]}SCC(C(OCC(C/N=[N+1]\=[N-1])O)=O)C)(C)C)=O	C#CCOC(C({[>][<]CC(C1=CC=CC=C1)[>][<]}SCC(C(OCC(C/N=[N+1]\=[N-1])O)=O)C)(C)C)=O
PolymerLit-Olsen_processed/bigsmiles_manuscript/bigsmiles_manuscript_21.corrected.mol	O=C1C(C)(C){[>][<]CC(C2=CC=CC=C2)[>][<]}SCC(C)C(=O)OCC(CN2C=C(CO1)/N=N\2)O	{[][>]C(c(cc1)ccc1)C[<],[>]SCC(C)C(=O)OCC(O)Cn(nn2)cc2COC(=O)C(C)(C)[<][]}
PolymerLit-Olsen_processed/bigsmiles_manuscript/bigsmiles_manuscript_22.corrected.mol	C{[>][<]=1CCCCCC/C.2=[>]C\CCCCCC12[<]}C	C{[>][<]=1CCCCCC/C.2=[>]C\CCCCCC12[<]}C
PolymerLit-Olsen_processed/bigsmiles_manuscript/bigsmiles_manuscript_23.corrected.mol	CC({[>][<]CC(C1=CC=CC=C1)[>][<]}C=C/C1=CC=CC=C1)(C#N)C	[H]c(cc2)c(cc2)C=C{[<][>]C(c(cc1)ccc1)C[<][>]}C(C#N)(C)C[H]
PolymerLit-Olsen_processed/bigsmiles_manuscript/bigsmiles_manuscript_24.corrected.mol	C{[>][<]CC[>][<]}C	[H]CC{[<][>]CC[<][>]}[H]
PolymerLit-Olsen_processed/bigsmiles_manuscript/bigsmiles_manuscript_25.corrected.mol	C{[>][<]CC[>][<]}{[>][<]CC(Cl)[>][<]}C	[H]C{[<][>]CC[<][>]}C{[<][>]C(Cl)C[<][>]}[H]
PolymerLit-Olsen_processed/bigsmiles_manuscript/bigsmiles_manuscript_3.corrected.mol	C{[>][<]CC(C)=C\C[>][<]}{[>][<]C/C(C)=C/C[>][<]}{[>][<]CC(C(=C)C)[>][<]}{[>][<]CC(C)(C=C)[>][<]}C	{[][>1]C(C)(C=C)C[<1];[H]{[<][>]CC/C=C(\C)/[<][>]}C{[<][>]C(C(=C)C)C[<][>]}{[<][>]C(C(=C)C)C[<][>]}C[<1],[H]{[<][>]CC/C=C(\C)/[<][>]}CCC(C)=C{[<][>]CCC(C)=C[<][>]}C{[<][>]C(C(=C)C)C[<][>]}C[<1],[>1][H][]}
PolymerLit-Olsen_processed/bigsmiles_manuscript/bigsmiles_manuscript_4.corrected.mol	C{[>][<]C(=O)CCCCC(=O)NCCCCCCN[>][<]}C	[H]C{[<][>]NCCCCCCNC(=O)CCCCC(=O)[<][>]}C[H]
PolymerLit-Olsen_processed/bigsmiles_manuscript/bigsmiles_manuscript_5.corrected.mol	O{[>][<]C(=O)C(C)N[>][<]}{[>][<]C(=O)CN[>][<]}[H]	{[][>1]NC(C)C(=O)[<1];[H][<1],[H]NC{[<][>]C(=O)NC[<][>]}C(=O)[<1],[>1]O[H][]}
PolymerLit-Olsen_processed/bigsmiles_manuscript/bigsmiles_manuscript_6.corrected.mol	O{[>][<]CCO[>][<]}C(C(C)=C)=O	[H]O{[<][>]CCO[<][>]}C(=O)C(=C)C[H]
PolymerLit-Olsen_processed/bigsmiles_manuscript/bigsmiles_manuscript_7.corrected.mol	C{[>][<]CC(C)(C(=O)OCC12CC3CC(C2)CC(C1)C3)[>][<]}C	[H]C{[<][>]C(C(=O)OCC(CC1C2)(CC32)CC(C1)C3)(C)C[<][>]}C[H]
PolymerLit-Olsen_processed/bigsmiles_manuscript/bigsmiles_manuscript_8.corrected.mol	CO{[>][<]CCO[>][<]}C	[H]COC{[<][>]COC[<][>]}[H]
PolymerLit-Olsen_processed/bigsmiles_manuscript/bigsmiles_manuscript_9.corrected.mol	C{[>][<]CC[>][<]}C	[H]CC{[<][>]CC[<][>]}[H]
PolymerLit-Olsen_processed/bigsmiles_si/bigsmiles_si_1.corrected.mol	C{[>][<]CC(Cl)[>][<]}C	[H]C{[<][>]C(Cl)C[<][>]}C[H]
PolymerLit-Olsen_processed/bigsmiles_si/bigsmiles_si_10.corrected.mol	C{[>][<]O[Si](CC)(CC)[>][<]}C	[H]C{[<][>][Si](CC)(CC)O[<][>]}C[H]
PolymerLit-Olsen_processed/bigsmiles_si/bigsmiles_si_100.corrected.mol	C{[>][<]C(c1ccc(cc1)COCCC)C[>][<]}C	[H]C{[<][>]C(c(cc1)ccc1COCCC)C[<][>]}C[H]
PolymerLit-Olsen_processed/bigsmiles_si/bigsmiles_si_101.corrected.mol	C{[>][<]Cc1ccc(cc1CC)C[>][<]}C	[H]CC{[<][>]c(cc1)cc(CC)c1CC[<][>]}[H]
PolymerLit-Olsen_processed/bigsmiles_si/bigsmiles_si_102.corrected.mol	C{[>][<]CC(C(F)(F)F)[>][<]}C	[H]C{[<][>]C(C(F)(F)F)C[<][>]}C[H]
PolymerLit-Olsen_processed/bigsmiles_si/bigsmiles_si_103.corrected.mol	C{[>][<]CC(OC(=O)C)[>][<]}C	[H]C{[<][>]C(OC(C)=O)C[<][>]}C[H]
PolymerLit-Olsen_processed/bigsmiles_si/bigsmiles_si_104.corrected.mol	C{[>][<]CC(CC(C)C)[>][<]}C	[H]C{[<][>]C(CC(C)C)C[<][>]}C[H]
PolymerLit-Olsen_processed/bigsmiles_si/bigsmiles_si_105.corrected.mol	C{[>][<]CC(OC=O)[>][<]}C	[H]C{[<][>]C(OC=O)C[<][>]}C[H]
PolymerLit-Olsen_processed/bigsmiles_si/bigsmiles_si_106.corrected.mol	C{[>][<]CC(OC(=O)CCl)[>][<]}C	[H]C{[<][>]C(OC(=O)CCl)C[<][>]}C[H]
PolymerLit-Olsen_processed/bigsmiles_si/bigsmiles_si_107.corrected.mol	C{[>][<]CC(C)(C(=O)OCC(C)(C)C)[>][<]}C	[H]C{[<][>]C(C)(C(OCC(C)(C)C)=O)C[<][>]}C[H]
PolymerLit-Olsen_processed/bigsmiles_si/bigsmiles_si_108.corrected.mol	C{[>][<]CC(C)(C(=O)OCCC)[>][<]}C	[H]C{[<][>]C(C)(C(OCCC)=O)C[<][>]}C[H]
PolymerLit-Olsen_processed/bigsmiles_si/bigsmiles_si_109.corrected.mol	C{[>][<]C(=O)CCCCCCCCCCCN([H])[>][<]}C	[H]C{[<][>]NCCCCCCCCCCCC(=O)[<][>]}C[H]
PolymerLit-Olsen_processed/bigsmiles_si/bigsmiles_si_11.corrected.mol	C{[>][<][Si](C)(C)O[>][<]}C	[H]C{[<][>][Si](C)(C)O[<][>]}C[H]
PolymerLit-Olsen_processed/bigsmiles_si/bigsmiles_si_110.corrected.mol	C{[>][<]CCC[Si](c1ccc(cc1)C)(c1ccc(cc1)C)[>][<]}C	[H]C{[<][>][Si](c(cc1)ccc1C)(c(cc1)ccc1C)CCC[<][>]}C[H]
PolymerLit-Olsen_processed/bigsmiles_si/bigsmiles_si_111.corrected.mol	C{[>][<]C(=O)CCCCCCCCC(=O)N([H])CCCCCCN[>][<]}C	[H]C{[<][>]NCCCCCCNC(=O)CCCCCCCCC(=O)[<][>]}C[H]
PolymerLit-Olsen_processed/bigsmiles_si/bigsmiles_si_112.corrected.mol	C{[>][<]CC(CCC1CCCCC1)[>][<]}C	[H]C{[<][>]C(CCC(CC1)CCC1)C[<][>]}C[H]
PolymerLit-Olsen_processed/bigsmiles_si/bigsmiles_si_113.corrected.mol	C{[>][<]CC(C(F)(F)C(F)(F)F)[>][<]}C	[H]C{[<][>]C(C(C(F)(F)F)(F)F)C[<][>]}C[H]
PolymerLit-Olsen_processed/bigsmiles_si/bigsmiles_si_114.corrected.mol	C{[>][<]NCCCCCCCCCCC(=O)[>][<]}C	[H]C{[<][>]NCCCCCCCCCCC(=O)[<][>]}C[H]
PolymerLit-Olsen_processed/bigsmiles_si/bigsmiles_si_115.corrected.mol	C{[>][<]CC(C(=O)OC(C)(C)C)[>][<]}C	[H]C{[<][>]C(C(OC(C)(C)C)=O)C[<][>]}C[H]
PolymerLit-Olsen_processed/bigsmiles_si/bigsmiles_si_116.corrected.mol	C{[>][<]CC(COc1ccccc1)O[>][<]}C	[H]C{[<][>]OC(COc(cc1)ccc1)C[<][>]}C[H]
PolymerLit-Olsen_processed/bigsmiles_si/bigsmiles_si_117.corrected.mol	C{[>][<]CC(F)(C(F)(F)F)[>][<]}C	[H]C{[<][>]C(F)(C(F)(F)F)C[<][>]}C[H]
PolymerLit-Olsen_processed/bigsmiles_si/bigsmiles_si_118.corrected.mol	C{[>][<]NCCCCCCCCCC(=O)[>][<]}C	[H]C{[<][>]NCCCCCCCCCC(=O)[<][>]}C[H]
PolymerLit-Olsen_processed/bigsmiles_si/bigsmiles_si_119.corrected.mol	C{[>][<]Oc1cccc(c1)[>][<]}C	[H]C{[<][>]c(ccc1)cc1O[<][>]}C[H]
PolymerLit-Olsen_processed/bigsmiles_si/bigsmiles_si_12.corrected.mol	C{[>][<]C/C=C\C[>][<]}C	[H]CC{[<][>]/C=C\CC[<][>]}[H]
PolymerLit-Olsen_processed/bigsmiles_si/bigsmiles_si_120.corrected.mol	C{[>][<]CC(C)(C(=O)OCCC(C)(C)C)[>][<]}C	[H]C{[<][>]C(C)(C(OCCC(C)(C)C)=O)C[<][>]}C[H]
PolymerLit-Olsen_processed/bigsmiles_si/bigsmiles_si_121.corrected.mol	C{[>][<]NCCCCCCCCCCN([H])C(=O)CCCCCCCCC(=O)[>][<]}C	[H]C{[<][>]NCCCCCCCCCCNC(=O)CCCCCCCCC(=O)[<][>]}C[H]
PolymerLit-Olsen_processed/bigsmiles_si/bigsmiles_si_122.corrected.mol	C{[>][<]C(C(=O)NCCCC)C[>][<]}C	[H]C{[<][>]C(C(NCCCC)=O)C[<][>]}C[H]
PolymerLit-Olsen_processed/bigsmiles_si/bigsmiles_si_123.corrected.mol	C{[>][<]CC(OC(=O)C(F)(F)F)[>][<]}C	[H]C{[<][>]C(OC(C(F)(F)F)=O)C[<][>]}C[H]
PolymerLit-Olsen_processed/bigsmiles_si/bigsmiles_si_124.corrected.mol	C{[>][<]C(c1ccc(cc1)OCCCC)C[>][<]}C	[H]C{[<][>]C(c(cc1)ccc1OCCCC)C[<][>]}C[H]
PolymerLit-Olsen_processed/bigsmiles_si/bigsmiles_si_125.corrected.mol	C{[>][<]CC(C)(C(=O)OCC(C)C)[>][<]}C	[H]C{[<][>]C(C)(C(OCC(C)C)=O)C[<][>]}C[H]
PolymerLit-Olsen_processed/bigsmiles_si/bigsmiles_si_126.corrected.mol	C{[>][<]CC(C(C)C)[>][<]}C	[H]C{[<][>]C(C(C)C)C[<][>]}C[H]
PolymerLit-Olsen_processed/bigsmiles_si/bigsmiles_si_127.corrected.mol	C{[>][<]NCCCCCCCCC(=O)[>][<]}C	[H]C{[<][>]NCCCCCCCCC(=O)[<][>]}C[H]
PolymerLit-Olsen_processed/bigsmiles_si/bigsmiles_si_128.corrected.mol	C{[>][<]NCCCCCCCC(=O)[>][<]}C	[H]C{[<][>]NCCCCCCCC(=O)[<][>]}C[H]
PolymerLit-Olsen_processed/bigsmiles_si/bigsmiles_si_129.corrected.mol	C{[>][<]CC1OC(CCC)OC(C1)[>][<]}C	[H]C{[<][>]C(OC(CCC)O1)CC1C[<][>]}C[H]
PolymerLit-Olsen_processed/bigsmiles_si/bigsmiles_si_13.corrected.mol	C{[>][<]C[Si](C)(C)[>][<]}C	[H]C{[<][>][Si](C)(C)C[<][>]}C[H]
PolymerLit-Olsen_processed/bigsmiles_si/bigsmiles_si_130.corrected.mol	C{[>][<]OCCOC(=O)c1cccc(c1)C(=O)[>][<]}C	[H]C{[<][>]OCCOC(=O)c(ccc1)cc1C(=O)[<][>]}C[H]
PolymerLit-Olsen_processed/bigsmiles_si/bigsmiles_si_131.corrected.mol	C{[>][<]CC(C)(C(=O)OCC)[>][<]}C	[H]C{[<][>]C(C)(C(OCC)=O)C[<][>]}C[H]
PolymerLit-Olsen_processed/bigsmiles_si/bigsmiles_si_132.corrected.mol	C{[>][<]CCC[Si](c1ccc(cc1)N(C)C)(c1ccccc1)[>][<]}C	[H]C{[<][>][Si](c(cc1)ccc1)(c(cc1)ccc1N(C)C)CCC[<][>]}C[H]
PolymerLit-Olsen_processed/bigsmiles_si/bigsmiles_si_133.corrected.mol	C{[>][<]CC(C)(C(=O)OC(C)C)[>][<]}C	[H]C{[<][>]C(C)(C(OC(C)C)=O)C[<][>]}C[H]
PolymerLit-Olsen_processed/bigsmiles_si/bigsmiles_si_134.corrected.mol	C{[>][<]Cc1ccc(cc1C)C[>][<]}C	[H]CC{[<][>]c(cc1)cc(C)c1CC[<][>]}[H]
PolymerLit-Olsen_processed/bigsmiles_si/bigsmiles_si_135.corrected.mol	C{[>][<]CC1CC(OC(O1)C(C)C)[>][<]}C	[H]C{[<][>]C(OC(C(C)C)O1)CC1C[<][>]}C[H]
PolymerLit-Olsen_processed/bigsmiles_si/bigsmiles_si_136.corrected.mol	C{[>][<]C(Cl)(C(=O)OCCCC)C[>][<]}C	[H]C{[<][>]C(Cl)(C(OCCCC)=O)C[<][>]}C[H]
PolymerLit-Olsen_processed/bigsmiles_si/bigsmiles_si_137.corrected.mol	C{[>][<]NCCCCCCC(=O)[>][<]}C	[H]C{[<][>]NCCCCCCC(=O)[<][>]}C[H]
PolymerLit-Olsen_processed/bigsmiles_si/bigsmiles_si_138.corrected.mol	C{[>][<]CC(C)(C(=O)OC(C)CC)[>][<]}C	[H]C{[<][>]C(C)(C(OC(CC)C)=O)C[<][>]}C[H]
PolymerLit-Olsen_processed/bigsmiles_si/bigsmiles_si_139.corrected.mol	C{[>][<]NCCCCCCN([H])C(=O)CCCCC(=O)[>][<]}C	[H]C{[<][>]NCCCCCCNC(=O)CCCCC(=O)[<][>]}C[H]
PolymerLit-Olsen_processed/bigsmiles_si/bigsmiles_si_14.corrected.mol	C{[>][<][Si](C1=CC=CC=C1)(C)O[>][<]}C	[H]C{[<][>][Si](c(cc1)ccc1)(C)O[<][>]}C[H]
PolymerLit-Olsen_processed/bigsmiles_si/bigsmiles_si_140.corrected.mol	C{[>][<]CC(c1ccc(cc1)OCCC(C)C)[>][<]}C	[H]C{[<][>]C(c(cc1)ccc1OCCC(C)C)C[<][>]}C[H]
PolymerLit-Olsen_processed/bigsmiles_si/bigsmiles_si_141.corrected.mol	C{[>][<]CC(C(F)(F)C(F)(F)C(F)(F)F)[>][<]}C	[H]C{[<][>]C(C(C(C(F)(F)F)(F)F)(F)F)C[<][>]}C[H]
PolymerLit-Olsen_processed/bigsmiles_si/bigsmiles_si_142.corrected.mol	C{[>][<]Oc1cccc(c1)[Si](c1ccccc1)(c1ccccc1)[>][<]}C	[H]C{[<][>][Si](c(cc2)ccc2)(c(cc2)ccc2)c(ccc1)cc1O[<][>]}C[H]
PolymerLit-Olsen_processed/bigsmiles_si/bigsmiles_si_143.corrected.mol	C{[>][<]Cc1ccc(cc1)C[>][<]}C	[H]CC{[<][>]c(cc1)ccc1CC[<][>]}[H]
PolymerLit-Olsen_processed/bigsmiles_si/bigsmiles_si_144.corrected.mol	C{[>][<]CC(CC1CCCC1)[>][<]}C	[H]C{[<][>]C(CC(CC1)CC1)C[<][>]}C[H]
PolymerLit-Olsen_processed/bigsmiles_si/bigsmiles_si_145.corrected.mol	C{[>][<]CC(Cc1ccccc1)[>][<]}C	[H]C{[<][>]C(Cc(cc1)ccc1)C[<][>]}C[H]
PolymerLit-Olsen_processed/bigsmiles_si/bigsmiles_si_146.corrected.mol	C{[>][<]C(=O)CCCCCN([H])[>][<]}C	[H]C{[<][>]NCCCCCC(=O)[<][>]}C[H]
PolymerLit-Olsen_processed/bigsmiles_si/bigsmiles_si_147.corrected.mol	C{[>][<]OCCOC(=O)c1ccc(c2c1cccc2)C(=O)[>][<]}C	[H]C{[<][>]OCCOC(=O)c(c(c1cc2)cc2)ccc1C(=O)[<][>]}C[H]
PolymerLit-Olsen_processed/bigsmiles_si/bigsmiles_si_148.corrected.mol	C{[>][<]CC(c1ccc(cc1)OCCC)[>][<]}C	[H]C{[<][>]C(c(cc1)ccc1OCCC)C[<][>]}C[H]
PolymerLit-Olsen_processed/bigsmiles_si/bigsmiles_si_149.corrected.mol	C{[>][<]CC(Cl)(C(=O)OCCC)[>][<]}C	[H]C{[<][>]C(Cl)(C(OCCC)=O)C[<][>]}C[H]
PolymerLit-Olsen_processed/bigsmiles_si/bigsmiles_si_15.corrected.mol	C{[>][<]OC(COCCCCCC)C[>][<]}C	[H]C{[<][>]OC(COCCCCCC)C[<][>]}C[H]
PolymerLit-Olsen_processed/bigsmiles_si/bigsmiles_si_150.corrected.mol	C{[>][<]OCCOC(=O)c1cccc2c1cccc2C(=O)[>][<]}C	[H]C{[<][>]OCCOC(=O)c(ccc1)c(cc2)c1c(c2)C(=O)[<][>]}C[H]
PolymerLit-Olsen_processed/bigsmiles_si/bigsmiles_si_151.corrected.mol	C{[>][<]CC1C(OC(CC)O1)C[>][<]}{[>][<]CC1CC(OC(O1)CC)[>][<]}C	[H]C{[<][>]CC(OC1CC)C(O1)C[<][>]}C{[<][>]C(OC(CC)O2)CC2C[<][>]}[H]
PolymerLit-Olsen_processed/bigsmiles_si/bigsmiles_si_152.corrected.mol	C{[>][<]OCCOC(=O)c1ccc(cc1)C(=O)[>][<]}C	[H]C{[<][>]OCCOC(=O)c(cc1)ccc1C(=O)[<][>]}C[H]
PolymerLit-Olsen_processed/bigsmiles_si/bigsmiles_si_153.corrected.mol	C{[>][<]CC(Cl)(C(=O)OC(C)CC)[>][<]}C	[H]C{[<][>]C(Cl)(C(OC(CC)C)=O)C[<][>]}C[H]
PolymerLit-Olsen_processed/bigsmiles_si/bigsmiles_si_154.corrected.mol	C{[>][<]CC(Cl)[>][<]}C	[H]C{[<][>]C(Cl)C[<][>]}C[H]
PolymerLit-Olsen_processed/bigsmiles_si/bigsmiles_si_155.corrected.mol	C{[>][<]CC(CC1CCCCC1)[>][<]}C	[H]C{[<][>]C(CC(CC1)CCC1)C[<][>]}C[H]
PolymerLit-Olsen_processed/bigsmiles_si/bigsmiles_si_156.corrected.mol	C{[>][<]CC(C1CCCC1)[>][<]}C	[H]C{[<][>]C(C(CC1)CC1)C[<][>]}C[H]
PolymerLit-Olsen_processed/bigsmiles_si/bigsmiles_si_157.corrected.mol	C{[>][<]CC(C)(C(=O)OCC(O)C)[>][<]}C	[H]C{[<][>]C(C)(C(OCC(C)O)=O)C[<][>]}C[H]
PolymerLit-Olsen_processed/bigsmiles_si/bigsmiles_si_158.corrected.mol	C{[>][<]CC(c1ccc(cc1)COC)[>][<]}C	[H]C{[<][>]C(c(cc1)ccc1COC)C[<][>]}C[H]
PolymerLit-Olsen_processed/bigsmiles_si/bigsmiles_si_159.corrected.mol	C{[>][<]Cc1ccc(cc1Cl)C[>][<]}C	[H]CC{[<][>]c(cc1)cc(Cl)c1CC[<][>]}[H]
PolymerLit-Olsen_processed/bigsmiles_si/bigsmiles_si_16.corrected.mol	C{[>][<]CCCCO[>][<]}C	[H]C{[<][>]OCCCC[<][>]}C[H]
PolymerLit-Olsen_processed/bigsmiles_si/bigsmiles_si_160.corrected.mol	C{[>][<]Cc1ccc(cc1Br)C[>][<]}C	[H]CC{[<][>]c(cc1)cc(Br)c1CC[<][>]}[H]
PolymerLit-Olsen_processed/bigsmiles_si/bigsmiles_si_161.corrected.mol	C{[>][<]OCCOc1ccc(cc1)C(=O)[>][<]}C	[H]C{[<][>]OCCOc(cc1)ccc1C(=O)[<][>]}C[H]
PolymerLit-Olsen_processed/bigsmiles_si/bigsmiles_si_162.corrected.mol	C{[>][<]CC(O)[>][<]}C	[H]C{[<][>]C(O)C[<][>]}C[H]
PolymerLit-Olsen_processed/bigsmiles_si/bigsmiles_si_163.corrected.mol	C{[>][<]Oc1ccc(cc1)[>][<]}C	[H]C{[<][>]c(cc1)ccc1O[<][>]}C[H]
PolymerLit-Olsen_processed/bigsmiles_si/bigsmiles_si_164.corrected.mol	C{[>][<]CC(c1ccc(cc1)C(C)CC)[>][<]}C	[H]C{[<][>]C(c(cc1)ccc1C(CC)C)C[<][>]}C[H]
PolymerLit-Olsen_processed/bigsmiles_si/bigsmiles_si_165.corrected.mol	C{[>][<]CC(c1ccc(cc1)OCC)[>][<]}C	[H]C{[<][>]C(c(cc1)ccc1OCC)C[<][>]}C[H]
PolymerLit-Olsen_processed/bigsmiles_si/bigsmiles_si_166.corrected.mol	C{[>][<]CC(C)(C(=O)OCCO)[>][<]}C	[H]C{[<][>]C(C(=O)OCCO)(C)C[<][>]}C[H]
PolymerLit-Olsen_processed/bigsmiles_si/bigsmiles_si_167.corrected.mol	C{[>][<]c1ccc(cc1)S[>][<]}C	[H]C{[<][>]c(cc1)ccc1S[<][>]}C[H]
PolymerLit-Olsen_processed/bigsmiles_si/bigsmiles_si_168.corrected.mol	C{[>][<]CC(c1ccc(cc1)C(C)C)[>][<]}C	[H]C{[<][>]C(c(cc1)ccc1C(C)C)C[<][>]}C[H]
PolymerLit-Olsen_processed/bigsmiles_si/bigsmiles_si_169.corrected.mol	C{[>][<]CC(c1cc(ccc1C)C(C)(C)C)[>][<]}C	[H]C{[<][>]C(c(cc(c1)C(C)(C)C)c(c1)C)C[<][>]}C[H]
PolymerLit-Olsen_processed/bigsmiles_si/bigsmiles_si_17.corrected.mol	C{[>][<][Si](C)(C)N[>][<]}C	[H]C{[<][>][Si](C)(C)N[<][>]}C[H]
PolymerLit-Olsen_processed/bigsmiles_si/bigsmiles_si_170.corrected.mol	C{[>][<]CC(c1ccc(cc1)OC)[>][<]}C	[H]C{[<][>]C(c(cc1)ccc1OC)C[<][>]}C[H]
PolymerLit-Olsen_processed/bigsmiles_si/bigsmiles_si_171.corrected.mol	C{[>][<]CC(C(=O)OC(C)C)(Cl)[>][<]}C	[H]C{[<][>]C(Cl)(C(OC(C)C)=O)C[<][>]}C[H]
PolymerLit-Olsen_processed/bigsmiles_si/bigsmiles_si_172.corrected.mol	C{[>][<]CC(c1ccc(cc1C)OC)[>][<]}C	[H]C{[<][>]C(c(c(C)c1)ccc1OC)C[<][>]}C[H]
PolymerLit-Olsen_processed/bigsmiles_si/bigsmiles_si_173.corrected.mol	C{[>][<]CC(C1CCCCC1)[>][<]}C	[H]C{[<][>]C(C(CC1)CCC1)C[<][>]}C[H]
PolymerLit-Olsen_processed/bigsmiles_si/bigsmiles_si_174.corrected.mol	C{[>][<]Cc1ccc(cc1C#N)C[>][<]}C	[H]CC{[<][>]c(cc1)cc(C#N)c1CC[<][>]}[H]
PolymerLit-Olsen_processed/bigsmiles_si/bigsmiles_si_175.corrected.mol	C{[>][<]C(F)(F)c1ccc(cc1)C(F)(F)[>][<]}C	[H]C{[<][>]C(F)(F)c(cc1)ccc1C(F)(F)[<][>]}C[H]
PolymerLit-Olsen_processed/bigsmiles_si/bigsmiles_si_176.corrected.mol	C{[>][<]C(=O)CCCCC(=O)N([H])Cc1cccc(c1)CN([H])[>][<]}C	[H]C{[<][>]NCc(ccc1)cc1CNC(=O)CCCCC(=O)[<][>]}C[H]
PolymerLit-Olsen_processed/bigsmiles_si/bigsmiles_si_177.corrected.mol	C{[>][<]CC(c1cccc(c1)Cl)[>][<]}C	[H]C{[<][>]C(c(cc1Cl)ccc1)C[<][>]}C[H]
PolymerLit-Olsen_processed/bigsmiles_si/bigsmiles_si_178.corrected.mol	C{[>][<]CC(C)(C(=O)OCCCl)[>][<]}C	[H]C{[<][>]C(C(=O)OCCCl)(C)C[<][>]}C[H]
PolymerLit-Olsen_processed/bigsmiles_si/bigsmiles_si_179.corrected.mol	C{[>][<]CC(Cl)(C(=O)OCC)[>][<]}C	[H]C{[<][>]C(Cl)(C(OCC)=O)C[<][>]}C[H]
PolymerLit-Olsen_processed/bigsmiles_si/bigsmiles_si_18.corrected.mol	C{[>][<]CC=C(CCCC)C[>][<]}C	[H]CC{[<][>]C=C(CCCC)CC[<][>]}[H]
PolymerLit-Olsen_processed/bigsmiles_si/bigsmiles_si_180.corrected.mol	C{[>][<][Si](C)(C1CCCCC1)[>][<]}C	[H]C{[<][>][Si](C(CC1)CCC1)(C)[<][>]}C[H]
PolymerLit-Olsen_processed/bigsmiles_si/bigsmiles_si_181.corrected.mol	C{[>][<]OCC1CCC(CC1)COC(=O)c1ccc(cc1)C(=O)[>][<]}C	[H]C{[<][>]OCC(CC2)CCC2COC(=O)c(cc1)ccc1C(=O)[<][>]}C[H]
PolymerLit-Olsen_processed/bigsmiles_si/bigsmiles_si_182.corrected.mol	C{[>][<]CC(c1cccc(c1)C)[>][<]}C	[H]C{[<][>]C(c(cc1C)ccc1)C[<][>]}C[H]
PolymerLit-Olsen_processed/bigsmiles_si/bigsmiles_si_183.corrected.mol	C{[>][<]Cc1cc(C)c(cc1C)C[>][<]}C	[H]CC{[<][>]c(c(c1)C)cc(C)c1CC[<][>]}[H]
PolymerLit-Olsen_processed/bigsmiles_si/bigsmiles_si_184.corrected.mol	C{[>][<]C(Cl)(F)C(F)(F)[>][<]}C	[H]C{[<][>]C(F)(F)C(Cl)(F)[<][>]}C[H]
PolymerLit-Olsen_processed/bigsmiles_si/bigsmiles_si_185.corrected.mol	C{[>][<]CC(c1ccccc1)[>][<]}C	[H]C{[<][>]C(c(cc1)ccc1)C[<][>]}C[H]
PolymerLit-Olsen_processed/bigsmiles_si/bigsmiles_si_186.corrected.mol	C{[>][<]CC(c1ccc(cc1)C)[>][<]}C	[H]C{[<][>]C(c(cc1)ccc1C)C[<][>]}C[H]
PolymerLit-Olsen_processed/bigsmiles_si/bigsmiles_si_187.corrected.mol	C{[>][<]CC(c1cc(ccc1F)F)[>][<]}C	[H]C{[<][>]C(c(cc1F)c(cc1)F)C[<][>]}C[H]
PolymerLit-Olsen_processed/bigsmiles_si/bigsmiles_si_188.corrected.mol	C{[>][<]CC(c1ccccc1CC)[>][<]}C	[H]C{[<][>]C(c(ccc1)c(c1)CC)C[<][>]}C[H]
PolymerLit-Olsen_processed/bigsmiles_si/bigsmiles_si_189.corrected.mol	C{[>][<]CC(c1cc(cc(C)c1)C)[>][<]}C	[H]C{[<][>]C(c(cc1C)cc(c1)C)C[<][>]}C[H]
PolymerLit-Olsen_processed/bigsmiles_si/bigsmiles_si_19.corrected.mol	C{[>][<]CC(OCCCCCCCC)[>][<]}C	[H]C{[<][>]C(OCCCCCCCC)C[<][>]}C[H]
PolymerLit-Olsen_processed/bigsmiles_si/bigsmiles_si_190.corrected.mol	C{[>][<]CC(C)(C(=O)OC1CCCCC1)[>][<]}C	[H]C{[<][>]C(C(=O)OC(CC1)CCC1)(C)C[<][>]}C[H]
PolymerLit-Olsen_processed/bigsmiles_si/bigsmiles_si_191.corrected.mol	C{[>][<]CC(c1ccccn1)[>][<]}C	[H]C{[<][>]C(c(nc1)ccc1)C[<][>]}C[H]
PolymerLit-Olsen_processed/bigsmiles_si/bigsmiles_si_192.corrected.mol	C{[>][<]CC(C)(C(=O)OC)[>][<]}C	[H]C{[<][>]C(C)(C(OC)=O)C[<][>]}C[H]
PolymerLit-Olsen_processed/bigsmiles_si/bigsmiles_si_193.corrected.mol	C{[>][<]CC(C#N)[>][<]}C	[H]C{[<][>]C(C#N)C[<][>]}C[H]
PolymerLit-Olsen_processed/bigsmiles_si/bigsmiles_si_194.corrected.mol	C{[>][<]CC1CC(OCO1)[>][<]}C	[H]C{[<][>]C(OCO1)CC1C[<][>]}C[H]
PolymerLit-Olsen_processed/bigsmiles_si/bigsmiles_si_195.corrected.mol	C{[>][<]CC(c1ccccc1F)[>][<]}C	[H]C{[<][>]C(c(ccc1)c(c1)F)C[<][>]}C[H]
PolymerLit-Olsen_processed/bigsmiles_si/bigsmiles_si_196.corrected.mol	C{[>][<]CC(c1c(c(c(c(c1F)F)F)F)F)[>][<]}C	[H]C{[<][>]C(c(c(F)c1F)c(c(c1F)F)F)C[<][>]}C[H]
PolymerLit-Olsen_processed/bigsmiles_si/bigsmiles_si_197.corrected.mol	C{[>][<]CC(c1ccc(cc1)F)[>][<]}C	[H]C{[<][>]C(c(cc1)ccc1F)C[<][>]}C[H]
PolymerLit-Olsen_processed/bigsmiles_si/bigsmiles_si_198.corrected.mol	C{[>][<]CC(C)(C(=O)OC(C)(C)C)[>][<]}C	[H]C{[<][>]C(C)(C(OC(C)(C)C)=O)C[<][>]}C[H]
PolymerLit-Olsen_processed/bigsmiles_si/bigsmiles_si_199.corrected.mol	C{[>][<]CC(c1ccc(c(c1)C)C)[>][<]}C	[H]C{[<][>]C(c(cc1C)ccc1C)C[<][>]}C[H]
PolymerLit-Olsen_processed/bigsmiles_si/bigsmiles_si_2.corrected.mol	[H]{[>][<]OCC[>][<]}O[H]	[H]O{[<][>]CCO[<][>]}[H]
PolymerLit-Olsen_processed/bigsmiles_si/bigsmiles_si_20.corrected.mol	C{[>][<]OC(COCCCC)C[>][<]}C	[H]C{[<][>]OC(COCCCC)C[<][>]}C[H]
PolymerLit-Olsen_processed/bigsmiles_si/bigsmiles_si_200.corrected.mol	C{[>][<]CC(c1cc(ccc1F)C)[>][<]}C	[H]C{[<][>]C(c(cc1C)c(cc1)F)C[<][>]}C[H]
PolymerLit-Olsen_processed/bigsmiles_si/bigsmiles_si_201.corrected.mol	C{[>][<]CC(c1ccc(cc1C)C)[>][<]}C	[H]C{[<][>]C(c(c(C)c1)ccc1C)C[<][>]}C[H]
PolymerLit-Olsen_processed/bigsmiles_si/bigsmiles_si_202.corrected.mol	C{[>][<]CC(c1ccc(cc1)C(=O)OC)[>][<]}C	[H]C{[<][>]C(c(cc1)ccc1C(OC)=O)C[<][>]}C[H]
PolymerLit-Olsen_processed/bigsmiles_si/bigsmiles_si_203.corrected.mol	C{[>][<]CC(c1cc(c(cc1)Cl)C)[>][<]}C	[H]C{[<][>]C(c(cc1)cc(C)c1Cl)C[<][>]}C[H]
PolymerLit-Olsen_processed/bigsmiles_si/bigsmiles_si_204.corrected.mol	C{[>][<]CC(Cl)(C(=O)OC1CCCCC1)[>][<]}C	[H]C{[<][>]C(Cl)(C(=O)OC(CC1)CCC1)C[<][>]}C[H]
PolymerLit-Olsen_processed/bigsmiles_si/bigsmiles_si_205.corrected.mol	C{[>][<]NCc1ccc(cc1)CN([H])C(=O)CCCCCCCCC(=O)[>][<]}C	[H]C{[<][>]NCc(cc1)ccc1CNC(=O)CCCCCCCCC(=O)[<][>]}C[H]
PolymerLit-Olsen_processed/bigsmiles_si/bigsmiles_si_206.corrected.mol	C{[>][<]Oc1ccc(cc1)Sc1ccc(cc1)OC(=O)[>][<]}C	[H]C{[<][>]Oc(cc2)ccc2Sc(cc1)ccc1OC(=O)[<][>]}C[H]
PolymerLit-Olsen_processed/bigsmiles_si/bigsmiles_si_207.corrected.mol	C{[>][<]CC(c1ccc(cc1)Cl)[>][<]}C	[H]C{[<][>]C(c(cc1)ccc1Cl)C[<][>]}C[H]
PolymerLit-Olsen_processed/bigsmiles_si/bigsmiles_si_208.corrected.mol	C{[>][<]C(F)(F)C(F)(F)C(F)(F)C(F)(F)c1nc(nc(n1)C(F)(F)C(F)(F)OC(F)(F)F)[>][<]}C	[H]C{[<][>]c(nc(C(C(OC(F)(F)F)(F)F)(F)F)n1)nc1C(F)(F)C(F)(F)C(F)(F)C(F)(F)[<][>]}C[H]
PolymerLit-Olsen_processed/bigsmiles_si/bigsmiles_si_209.corrected.mol	C{[>][<][Si](c1ccccc1)(C)[>][<]}C	[H]C{[<][>][Si](c(cc1)ccc1)(C)[<][>]}C[H]
PolymerLit-Olsen_processed/bigsmiles_si/bigsmiles_si_21.corrected.mol	C{[>][<]CC[>][<]}C	[H]CC{[<][>]CC[<][>]}[H]
PolymerLit-Olsen_processed/bigsmiles_si/bigsmiles_si_210.corrected.mol	C{[>][<]CC(c1ccccc1Cl)[>][<]}C	[H]C{[<][>]C(c(ccc1)c(c1)Cl)C[<][>]}C[H]
PolymerLit-Olsen_processed/bigsmiles_si/bigsmiles_si_211.corrected.mol	C{[>][<]C(=O)Oc1ccc(cc1C)C(C)(CC)c1cc(C)c(cc1)O[>][<]}C	[H]C{[<][>]Oc(c(c2)C)ccc2C(C)(CC)c(cc1)cc(C)c1OC(=O)[<][>]}C[H]
PolymerLit-Olsen_processed/bigsmiles_si/bigsmiles_si_212.corrected.mol	C{[>][<]CC(c1cc(ccc1Cl)Cl)[>][<]}C	[H]C{[<][>]C(c(cc1Cl)c(cc1)Cl)C[<][>]}C[H]
PolymerLit-Olsen_processed/bigsmiles_si/bigsmiles_si_213.corrected.mol	C{[>][<]CC(C)(C(=O)Oc1ccccc1)[>][<]}C	[H]C{[<][>]C(C(=O)Oc(cc1)ccc1)(C)C[<][>]}C[H]
PolymerLit-Olsen_processed/bigsmiles_si/bigsmiles_si_214.corrected.mol	C{[>][<]CC(C)(C#N)[>][<]}C	[H]C{[<][>]C(C#N)(C)C[<][>]}C[H]
PolymerLit-Olsen_processed/bigsmiles_si/bigsmiles_si_215.corrected.mol	C{[>][<]CC(C)(c1ccc(cc1)C)[>][<]}C	[H]C{[<][>]C(C)(c(cc1)ccc1C)C[<][>]}C[H]
PolymerLit-Olsen_processed/bigsmiles_si/bigsmiles_si_216.corrected.mol	C{[>][<]CC(c1ccc(c(c1)F)Cl)[>][<]}C	[H]C{[<][>]C(c(cc1)cc(F)c1Cl)C[<][>]}C[H]
PolymerLit-Olsen_processed/bigsmiles_si/bigsmiles_si_217.corrected.mol	C{[>][<]C(=O)Oc1ccc(cc1)C(CCC)c1ccc(cc1)O[>][<]}C	[H]C{[<][>]Oc(cc2)ccc2C(CCC)c(cc1)ccc1OC(=O)[<][>]}C[H]
PolymerLit-Olsen_processed/bigsmiles_si/bigsmiles_si_218.corrected.mol	C{[>][<]C(=O)c1ccc2c(c1)ccc(c2)C(=O)OCCO[>][<]}C	[H]C{[<][>]OCCOC(=O)c(cc1)cc(c1c1)ccc1C(=O)[<][>]}C[H]
PolymerLit-Olsen_processed/bigsmiles_si/bigsmiles_si_219.corrected.mol	C{[>][<]CC(c1cccc(c1)CO)[>][<]}C	[H]C{[<][>]C(c(cc1CO)ccc1)C[<][>]}C[H]
PolymerLit-Olsen_processed/bigsmiles_si/bigsmiles_si_22.corrected.mol	C{[>][<]CCCO[>][<]}C	[H]C{[<][>]OCCC[<][>]}C[H]
PolymerLit-Olsen_processed/bigsmiles_si/bigsmiles_si_220.corrected.mol	C{[>][<]CC(c1ccc(c(c1)Cl)Cl)[>][<]}C	[H]C{[<][>]C(c(cc1Cl)ccc1Cl)C[<][>]}C[H]
PolymerLit-Olsen_processed/bigsmiles_si/bigsmiles_si_221.corrected.mol	C{[>][<]CCN1C(=O)c2c(C1=O)ccc(c2)Oc1ccc(cc1)Oc1ccc(cc1)Oc1ccc2c(c1)C(=O)N(C2=O)[>][<]}C	[H]C{[<][>]N(C(c%12cc%13)=O)C(=O)c%12cc%13Oc(cc6)ccc6Oc(cc3)ccc3Oc(ccc1C2=O)cc1C(=O)N2CC[<][>]}C[H]
PolymerLit-Olsen_processed/bigsmiles_si/bigsmiles_si_222.corrected.mol	C{[>][<]C(c1ccc(cc1)CCCC)C[>][<]}C	[H]C{[<][>]C(c(cc1)ccc1CCCC)C[<][>]}C[H]
PolymerLit-Olsen_processed/bigsmiles_si/bigsmiles_si_223.corrected.mol	C{[>][<]C(=O)C=1C=CC=C(C1)C(=O)NCCCCCCN([H])[>][<]}C	[H]C{[<][>]NCCCCCCNC(=O)c(ccc1)cc1C(=O)[<][>]}C[H]
PolymerLit-Olsen_processed/bigsmiles_si/bigsmiles_si_224.corrected.mol	C{[>][<]Oc1ccc(cc1)C(C)c1ccc(cc1)OC(=O)[>][<]}C	[H]C{[<][>]Oc(cc2)ccc2C(C)c(cc1)ccc1OC(=O)[<][>]}C[H]
PolymerLit-Olsen_processed/bigsmiles_si/bigsmiles_si_225.corrected.mol	C{[>][<]CC(c1ccc(cc1Cl)Cl)[>][<]}C	[H]C{[<][>]C(c(c(Cl)c1)ccc1Cl)C[<][>]}C[H]
PolymerLit-Olsen_processed/bigsmiles_si/bigsmiles_si_226.corrected.mol	C{[>][<]C(=O)Oc1ccc(cc1)C(C)(CC)c1ccc(cc1)O[>][<]}C	[H]C{[<][>]Oc(cc2)ccc2C(C)(CC)c(cc1)ccc1OC(=O)[<][>]}C[H]
PolymerLit-Olsen_processed/bigsmiles_si/bigsmiles_si_227.corrected.mol	C{[>][<]CC(c1ccccc1C)[>][<]}C	[H]C{[<][>]C(c(ccc1)c(c1)C)C[<][>]}C[H]
PolymerLit-Olsen_processed/bigsmiles_si/bigsmiles_si_228.corrected.mol	C{[>][<]CC(C)(c1ccccc1)[>][<]}C	[H]C{[<][>]C(c(cc1)ccc1)(C)C[<][>]}C[H]
PolymerLit-Olsen_processed/bigsmiles_si/bigsmiles_si_229.corrected.mol	C{[>][<]C(=O)Oc1ccc(cc1)C(C)(CCC)c1ccc(cc1)O[>][<]}C	[H]C{[<][>]Oc(cc2)ccc2C(C)(CCC)c(cc1)ccc1OC(=O)[<][>]}C[H]
PolymerLit-Olsen_processed/bigsmiles_si/bigsmiles_si_23.corrected.mol	C{[>][<]CC(CCC)=CC[>][<]}C	[H]CC{[<][>]C=C(CCC)CC[<][>]}[H]
PolymerLit-Olsen_processed/bigsmiles_si/bigsmiles_si_230.corrected.mol	C{[>][<]Nc1cccc(c1)NC(=O)c1cccc(c1)C(=O)[>][<]}C	[H]C{[<][>]Nc(ccc2)cc2NC(=O)c(ccc1)cc1C(=O)[<][>]}C[H]
PolymerLit-Olsen_processed/bigsmiles_si/bigsmiles_si_231.corrected.mol	C{[>][<]CC(c1ccc(cc1)-c1ccccc1)[>][<]}C	[H]C{[<][>]C(c(cc1)ccc1-c(cc1)ccc1)C[<][>]}C[H]
PolymerLit-Olsen_processed/bigsmiles_si/bigsmiles_si_232.corrected.mol	C{[>][<]Oc1c(C)cc(cc1)C(C)(C)c1ccc(c(c1)Cl)OC(=O)[>][<]}C	[H]C{[<][>]Oc(c(c2)C)ccc2C(C)(C)c(cc1)cc(Cl)c1OC(=O)[<][>]}C[H]
PolymerLit-Olsen_processed/bigsmiles_si/bigsmiles_si_233.corrected.mol	C{[>][<]CC(c1ccc(cc1)CO)[>][<]}C	[H]C{[<][>]C(c(cc1)ccc1CO)C[<][>]}C[H]
PolymerLit-Olsen_processed/bigsmiles_si/bigsmiles_si_234.corrected.mol	C{[>][<]CC(c1ccncc1)[>][<]}C	[H]C{[<][>]C(c(cc1)ccn1)C[<][>]}C[H]
PolymerLit-Olsen_processed/bigsmiles_si/bigsmiles_si_235.corrected.mol	C{[>][<]C(=O)Oc1ccc(cc1Cl)C(C)(CC)c1ccc(c(c1)Cl)O[>][<]}C	[H]C{[<][>]Oc(c(c2)Cl)ccc2C(C)(CC)c(cc1)cc(Cl)c1OC(=O)[<][>]}C[H]
PolymerLit-Olsen_processed/bigsmiles_si/bigsmiles_si_236.corrected.mol	C{[>][<]CC(c1cc(ccc1C)C)[>][<]}C	[H]C{[<][>]C(c(cc1C)c(cc1)C)C[<][>]}C[H]
PolymerLit-Olsen_processed/bigsmiles_si/bigsmiles_si_237.corrected.mol	C{[>][<]CC(c1ccc(cc1)Br)[>][<]}C	[H]C{[<][>]C(c(cc1)ccc1Br)C[<][>]}C[H]
PolymerLit-Olsen_processed/bigsmiles_si/bigsmiles_si_238.corrected.mol	C{[>][<]CC(c1ccc(cc1C)Cl)[>][<]}C	[H]C{[<][>]C(c(ccc1Cl)c(c1)C)C[<][>]}C[H]
PolymerLit-Olsen_processed/bigsmiles_si/bigsmiles_si_239.corrected.mol	C{[>][<]CC(N1CCCC1=O)[>][<]}C	[H]C{[<][>]C(N(CC1)C(C1)=O)C[<][>]}C[H]
PolymerLit-Olsen_processed/bigsmiles_si/bigsmiles_si_24.corrected.mol	C{[>][<]CC(OCCCCCCCCCC)[>][<]}C	[H]C{[<][>]C(OCCCCCCCCCC)C[<][>]}C[H]
PolymerLit-Olsen_processed/bigsmiles_si/bigsmiles_si_240.corrected.mol	C{[>][<]CC(c1ccc(c(c1Cl)Cl)Cl)[>][<]}{[>][<]CC(c1c(ccc(c1O)Cl)Cl)[>][<]}{[>][<]CC(c1c(cc(cc1Cl)Cl)Cl)[>][<]}{[>][<]CC(c1cc(c(c(c1)Cl)Cl)Cl)[>][<]}{[>][<]CC(c1cc(cc(c1Cl)Cl)Cl)[>][<]}C	{[][>1]C(c(cc%16Cl)c(c(c%16)Cl)Cl)C[<1];[H]{[<][>]CC(c(c(Cl)c8)c(cc8Cl)Cl)[<][>]}C{[<][>]C(c(cc%16Cl)cc(Cl)c%16Cl)C[<][>]}{[<][>]C(c(cc%16Cl)cc(Cl)c%16Cl)C[<][>]}C[<1],[H]{[<][>]CC(c(c(Cl)c8)c(cc8Cl)Cl)[<][>]}{[<][>]CC(c(c(cc2)Cl)c(c2Cl)O)[<][>]}C{[<][>]C(c(cc%16Cl)cc(Cl)c%16Cl)C[<][>]}{[<][>]C(c(cc%16Cl)cc(Cl)c%16Cl)C[<][>]}{[<][>]C(c(cc%16Cl)cc(Cl)c%16Cl)C[<][>]}C[<1],[H]{[<][>]CC(c(c(Cl)c8)c(cc8Cl)Cl)[<][>]}{[<][>]CC(c(c(cc2)Cl)c(c2Cl)O)[<][>]}CC{[<][>]C(c(c(Cl)c%16Cl)ccc%16Cl)C[<][>]}C(c(c(Cl)c%16Cl)ccc%16Cl){[<][>]C(c(cc%16Cl)cc(Cl)c%16Cl)C[<][>]}C[<1],[>1][H][]}
PolymerLit-Olsen_processed/bigsmiles_si/bigsmiles_si_241.corrected.mol	C{[>][<]Oc1ccc(cc1Cl)C(C)(C)c1ccc(cc1)OC(=O)[>][<]}C	[H]C{[<][>]Oc(c(c2)Cl)ccc2C(C)(C)c(cc1)ccc1OC(=O)[<][>]}C[H]
PolymerLit-Olsen_processed/bigsmiles_si/bigsmiles_si_242.corrected.mol	C{[>][<]Oc1ccc(cc1Cl)C(C)(C)c1ccc(c(c1)Cl)OC(=O)[>][<]}C	[H]C{[<][>]Oc(c(c2)Cl)ccc2C(C)(C)c(cc1)cc(Cl)c1OC(=O)[<][>]}C[H]
PolymerLit-Olsen_processed/bigsmiles_si/bigsmiles_si_243.corrected.mol	C{[>][<]Oc1ccc(cc1)Oc1ccc(cc1)C(=O)c1ccc(cc1)[>][<]}C	[H]C{[<][>]c(cc4)ccc4C(=O)c(cc2)ccc2Oc(cc1)ccc1O[<][>]}C[H]
PolymerLit-Olsen_processed/bigsmiles_si/bigsmiles_si_244.corrected.mol	C{[>][<]Oc1ccc(cc1)Cc1ccc(cc1)OC(=O)[>][<]}C	[H]C{[<][>]Oc(cc2)ccc2Cc(cc1)ccc1OC(=O)[<][>]}C[H]
PolymerLit-Olsen_processed/bigsmiles_si/bigsmiles_si_245.corrected.mol	C{[>][<]Oc1ccc(cc1)C(=O)[>][<]}C	[H]C{[<][>]Oc(cc1)ccc1C(=O)[<][>]}C[H]
PolymerLit-Olsen_processed/bigsmiles_si/bigsmiles_si_246.corrected.mol	C{[>][<]Oc1ccc(cc1)C(CCC)(CCC)c1ccc(cc1)OC(=O)[>][<]}C	[H]C{[<][>]Oc(cc2)ccc2C(CCC)(CCC)c(cc1)ccc1OC(=O)[<][>]}C[H]
PolymerLit-Olsen_processed/bigsmiles_si/bigsmiles_si_247.corrected.mol	C{[>][<]C(=O)Oc1ccc(cc1)C(C(C)C)c1ccc(cc1)O[>][<]}C	[H]C{[<][>]Oc(cc2)ccc2C(C(C)C)c(cc1)ccc1OC(=O)[<][>]}C[H]
PolymerLit-Olsen_processed/bigsmiles_si/bigsmiles_si_248.corrected.mol	C{[>][<]C(=O)Oc1ccc(cc1)C(C)(C)c1ccc(cc1)O[>][<]}C	[H]C{[<][>]Oc(cc2)ccc2C(C)(C)c(cc1)ccc1OC(=O)[<][>]}C[H]
PolymerLit-Olsen_processed/bigsmiles_si/bigsmiles_si_249.corrected.mol	C{[>][<]CC(N1c2ccccc2-c2ccccc12)[>][<]}C	[H]C{[<][>]C(n(c(ccc1)c2c1)c(c2c1)ccc1)C[<][>]}C[H]
PolymerLit-Olsen_processed/bigsmiles_si/bigsmiles_si_25.corrected.mol	C{[>][<]CC=C(CC)C[>][<]}C	[H]CC{[<][>]C=C(CC)CC[<][>]}[H]
PolymerLit-Olsen_processed/bigsmiles_si/bigsmiles_si_250.corrected.mol	C{[>][<]CC(c1ccc2c(c1)cccc2)[>][<]}C	[H]C{[<][>]C(c(cc1)cc(ccc2)c1c2)C[<][>]}C[H]
PolymerLit-Olsen_processed/bigsmiles_si/bigsmiles_si_251.corrected.mol	C{[>][<]C(F)(F)C(F)(C(F)(F)F)[>][<]}C	[H]C{[<][>]C(F)(F)C(F)(C(F)(F)F)[<][>]}C[H]
PolymerLit-Olsen_processed/bigsmiles_si/bigsmiles_si_252.corrected.mol	C{[>][<]Oc1ccc(cc1)C(=C\(Cl)Cl)c1ccc(cc1)OC(=O)[>][<]}C	C{[>][<]Oc1ccc(cc1)C(=C\(Cl)Cl)c1ccc(cc1)OC(=O)[>][<]}C
PolymerLit-Olsen_processed/bigsmiles_si/bigsmiles_si_253.corrected.mol	C{[>][<]CC(c1cccc2c1cccc2)[>][<]}C	[H]C{[<][>]C(c(cc1)c(ccc2)c(c2)c1)C[<][>]}C[H]
PolymerLit-Olsen_processed/bigsmiles_si/bigsmiles_si_254.corrected.mol	C{[>][<]CC(c1ccccc1CO)[>][<]}C	[H]C{[<][>]C(c(ccc1)c(c1)CO)C[<][>]}C[H]
PolymerLit-Olsen_processed/bigsmiles_si/bigsmiles_si_255.corrected.mol	C{[>][<]CC(C#N)(C(=O)OC)[>][<]}C	[H]C{[<][>]C(C#N)(C(OC)=O)C[<][>]}C[H]
PolymerLit-Olsen_processed/bigsmiles_si/bigsmiles_si_256.corrected.mol	C{[>][<]C(=O)Oc1ccc(cc1)C1(CCCC1)c1ccc(cc1)O[>][<]}C	[H]C{[<][>]Oc(cc4)ccc4C(CC2)(CC2)c(cc1)ccc1OC(=O)[<][>]}C[H]
PolymerLit-Olsen_processed/bigsmiles_si/bigsmiles_si_257.corrected.mol	C{[>][<]Oc1ccc(cc1C)C(C)(C)c1ccc(c(c1)C)OC(=O)c1ccc(cc1)C(=O)[>][<]}C	[H]C{[<][>]Oc(c(c4)C)ccc4C(C)(C)c(cc2)cc(C)c2OC(=O)c(cc1)ccc1C(=O)[<][>]}C[H]
PolymerLit-Olsen_processed/bigsmiles_si/bigsmiles_si_258.corrected.mol	C{[>][<]C(=O)Oc1ccc(cc1)C1(CCCCC1)c1ccc(cc1)O[>][<]}C	[H]C{[<][>]Oc(cc4)ccc4C(CCC2)(CC2)c(cc1)ccc1OC(=O)[<][>]}C[H]
PolymerLit-Olsen_processed/bigsmiles_si/bigsmiles_si_259.corrected.mol	C{[>][<]Oc1ccc(cc1)C(C(F)(F)F)(C(F)(F)F)c1ccc(cc1)OC(=O)[>][<]}C	[H]C{[<][>]Oc(cc2)ccc2C(C(F)(F)F)(C(F)(F)F)c(cc1)ccc1OC(=O)[<][>]}C[H]
PolymerLit-Olsen_processed/bigsmiles_si/bigsmiles_si_26.corrected.mol	C{[>][<][Si](C)(CCC(F)(F)F)O[>][<]}C	[H]C{[<][>][Si](CCC(F)(F)F)(C)O[<][>]}C[H]
PolymerLit-Olsen_processed/bigsmiles_si/bigsmiles_si_260.corrected.mol	C{[>][<]C(=O)Oc1ccc(cc1)C(Cc1ccccc1)c1ccc(cc1)O[>][<]}C	[H]C{[<][>]Oc(cc4)ccc4C(Cc(cc2)ccc2)c(cc1)ccc1OC(=O)[<][>]}C[H]
PolymerLit-Olsen_processed/bigsmiles_si/bigsmiles_si_261.corrected.mol	C{[>][<]Oc1ccc(cc1)C(C(Cl)(F)F)(C(Cl)(F)F)c1ccc(cc1)OC(=O)[>][<]}C	[H]C{[<][>]Oc(cc2)ccc2C(C(F)(F)Cl)(C(F)(F)Cl)c(cc1)ccc1OC(=O)[<][>]}C[H]
PolymerLit-Olsen_processed/bigsmiles_si/bigsmiles_si_262.corrected.mol	C{[>][<]Oc1ccc(cc1)C(C)(C)c1ccc(cc1)Oc1ccc(cc1)S(=O)(=O)c1ccc(cc1)[>][<]}C	[H]C{[<][>]c(cc8)ccc8S(=O)(=O)c(cc4)ccc4Oc(cc2)ccc2C(C)(C)c(cc1)ccc1O[<][>]}C[H]
PolymerLit-Olsen_processed/bigsmiles_si/bigsmiles_si_263.corrected.mol	C{[>][<]Oc1ccc(cc1)C(C)(C)c1cc(Cl)c(c(c1)Cl)OC(=O)[>][<]}C	[H]C{[<][>]Oc(cc2)ccc2C(C)(C)c(cc1Cl)cc(Cl)c1OC(=O)[<][>]}C[H]
PolymerLit-Olsen_processed/bigsmiles_si/bigsmiles_si_264.corrected.mol	C{[>][<]C(F)(F)C(F)(c1c(c(c(c(c1F)F)F)F)F)[>][<]}C	[H]C{[<][>]C(F)(c(c(F)c1F)c(c(c1F)F)F)C(F)(F)[<][>]}C[H]
PolymerLit-Olsen_processed/bigsmiles_si/bigsmiles_si_265.corrected.mol	C{[>][<]Oc1c(C)cc(cc1C)C(C)(C)c1cc(C)c(c(c1)C)OC(=O)[>][<]}C	[H]C{[<][>]Oc(c(c2)C)c(C)cc2C(C)(C)c(cc1C)cc(C)c1OC(=O)[<][>]}C[H]
PolymerLit-Olsen_processed/bigsmiles_si/bigsmiles_si_266.corrected.mol	C{[>][<]c1cccc(c1)C(=O)c1cccc(c1)N1C(=O)c2c(C1=O)cc(cc2)Oc1ccc(cc1)Sc1ccc(cc1)Oc1ccc2c(c1)C(=O)N(C2=O)[>][<]}C	[H]C{[<][>]N(C(c%18cc%19)=O)C(=O)c%18cc%19Oc(cc%18)ccc%18Sc(cc9)ccc9Oc(ccc4C5=O)cc4C(=O)N5c(ccc2)cc2C(=O)c(ccc1)cc1[<][>]}C[H]
PolymerLit-Olsen_processed/bigsmiles_si/bigsmiles_si_267.corrected.mol	C{[>][<]C(F)(F)C(F)(c1ccccc1)[>][<]}C	[H]C{[<][>]C(c(cc1)ccc1)(F)C(F)(F)[<][>]}C[H]
PolymerLit-Olsen_processed/bigsmiles_si/bigsmiles_si_268.corrected.mol	C{[>][<]Oc1ccc(cc1)C(C)(C)c1ccc(cc1)OC(=O)c1ccc(cc1)C(=O)[>][<]}C	[H]C{[<][>]Oc(cc4)ccc4C(C)(C)c(cc2)ccc2OC(=O)c(cc1)ccc1C(=O)[<][>]}C[H]
PolymerLit-Olsen_processed/bigsmiles_si/bigsmiles_si_269.corrected.mol	C{[>][<]Oc1c(C)cc(cc1C)[>][<]}C	[H]C{[<][>]c(cc1C)cc(C)c1O[<][>]}C[H]
PolymerLit-Olsen_processed/bigsmiles_si/bigsmiles_si_27.corrected.mol	C{[>][<]CC(C)(C)[>][<]}C	[H]C{[<][>]C(C)(C)C[<][>]}C[H]
PolymerLit-Olsen_processed/bigsmiles_si/bigsmiles_si_270.corrected.mol	C{[>][<]c1cccc(c1)N1C(=O)c2c(C1=O)ccc(c2)Oc1ccc(cc1)Sc1ccc(cc1)Oc1ccc2c(c1)C(=O)N(C2=O)[>][<]}C	[H]C{[<][>]c(ccc%12)cc%12N(C(c%12cc%13)=O)C(=O)c%12cc%13Oc(cc6)ccc6Sc(cc3)ccc3Oc(ccc1C2=O)cc1C(=O)N2[<][>]}C[H]
PolymerLit-Olsen_processed/bigsmiles_si/bigsmiles_si_271.corrected.mol	C{[>][<]c1ccc(cc1)C(=O)c1c(cccc1)N1C(=O)c2c(C1=O)cc(cc2)Oc1ccc(cc1)Sc1ccc(cc1)Oc1ccc2c(c1)C(=O)N(C2=O)[>][<]}C	[H]C{[<][>]N(C(c%18cc%19)=O)C(=O)c%18cc%19Oc(cc%18)ccc%18Sc(cc9)ccc9Oc(ccc4C5=O)cc4C(=O)N5c(cc2)c(cc2)C(=O)c(cc1)ccc1[<][>]}C[H]
PolymerLit-Olsen_processed/bigsmiles_si/bigsmiles_si_272.corrected.mol	C{[>][<]c1ccc(cc1)C(=O)c1cccc(c1)N1C(=O)c2c(C1=O)cc(cc2)Oc1ccc(cc1)Sc1ccc(cc1)Oc1ccc2c(c1)C(=O)N(C2=O)[>][<]}C	[H]C{[<][>]N(C(c%18cc%19)=O)C(=O)c%18cc%19Oc(cc%18)ccc%18Sc(cc9)ccc9Oc(ccc4C5=O)cc4C(=O)N5c(ccc2)cc2C(=O)c(cc1)ccc1[<][>]}C[H]
PolymerLit-Olsen_processed/bigsmiles_si/bigsmiles_si_273.corrected.mol	C{[>][<]c1cc(-c2ccccc2)c(c(c1)-c1ccccc1)O[>][<]}C	[H]C{[<][>]c(cc1-c(cc2)ccc2)cc(-c(cc2)ccc2)c1O[<][>]}C[H]
PolymerLit-Olsen_processed/bigsmiles_si/bigsmiles_si_274.corrected.mol	C{[>][<]Oc1ccc(cc1)Oc1ccc(cc1)S(=O)(=O)c1ccc(cc1)[>][<]}C	[H]C{[<][>]c(cc4)ccc4S(=O)(=O)c(cc2)ccc2Oc(cc1)ccc1O[<][>]}C[H]
PolymerLit-Olsen_processed/bigsmiles_si/bigsmiles_si_275.corrected.mol	C{[>][<]Oc1ccc(cc1)S(=O)(=O)c1ccc(cc1)Oc1ccc(cc1)S(=O)(=O)c1ccc(cc1)[>][<]}C	[H]C{[<][>]c(cc8)ccc8S(=O)(=O)c(cc4)ccc4Oc(cc2)ccc2S(=O)(=O)c(cc1)ccc1O[<][>]}C[H]
PolymerLit-Olsen_processed/bigsmiles_si/bigsmiles_si_276.corrected.mol	C{[>][<]c1cc(ccc1)N1C(=O)c2c(C1=O)cc(cc2)Oc1ccc(cc1)C(C)(C)c1ccc(cc1)Oc1ccc2c(c1)C(=O)N(C2=O)[>][<]}C	[H]C{[<][>]c(ccc%12)cc%12N(C(c%12cc%13)=O)C(=O)c%12cc%13Oc(cc6)ccc6C(C)(C)c(cc3)ccc3Oc(ccc1C2=O)cc1C(=O)N2[<][>]}C[H]
PolymerLit-Olsen_processed/bigsmiles_si/bigsmiles_si_277.corrected.mol	C{[>][<]c1ccc(cc1)C(=O)c1ccc(cc1)N1C(=O)c2c(C1=O)cc(cc2)Oc1ccc(cc1)Sc1ccc(cc1)Oc1ccc2c(c1)C(=O)N(C2=O)[>][<]}C	[H]C{[<][>]N(C(c%18cc%19)=O)C(=O)c%18cc%19Oc(cc%18)ccc%18Sc(cc9)ccc9Oc(ccc4C5=O)cc4C(=O)N5c(cc2)ccc2C(=O)c(cc1)ccc1[<][>]}C[H]
PolymerLit-Olsen_processed/bigsmiles_si/bigsmiles_si_278.corrected.mol	C{[>][<]c1cccc(c1)Oc1cccc(c1)Oc1cccc(c1)N1C(=O)c2c(C1=O)cc1c(c2)C(=O)N(C1=O)[>][<]}C	[H]C{[<][>]n(c(c8cc9c%10=O)=O)c(=O)c8cc9c(=O)n%10c(ccc4)cc4Oc(ccc2)cc2Oc(ccc1)cc1[<][>]}C[H]
PolymerLit-Olsen_processed/bigsmiles_si/bigsmiles_si_279.corrected.mol	C{[>][<]Oc1c(C)cc(cc1C)C(C)(C)c1cc(C)c(c(c1)C)OC(=O)c1ccc(cc1)C(=O)[>][<]}C	[H]C{[<][>]Oc(c(c4)C)c(C)cc4C(C)(C)c(cc2C)cc(C)c2OC(=O)c(cc1)ccc1C(=O)[<][>]}C[H]
PolymerLit-Olsen_processed/bigsmiles_si/bigsmiles_si_28.corrected.mol	C{[>][<]CCC[Si](C)(C)[>][<]}C	[H]C{[<][>][Si](C)(C)CCC[<][>]}C[H]
PolymerLit-Olsen_processed/bigsmiles_si/bigsmiles_si_280.corrected.mol	C{[>][<]c1cccc(c1)N1C(=O)c2c(C1=O)ccc(c2)Oc1ccc(cc1)Oc1ccc(cc1)Oc1ccc2c(c1)C(=O)N(C2=O)[>][<]}C	[H]C{[<][>]c(ccc%12)cc%12N(C(c%12cc%13)=O)C(=O)c%12cc%13Oc(cc6)ccc6Oc(cc3)ccc3Oc(ccc1C2=O)cc1C(=O)N2[<][>]}C[H]
PolymerLit-Olsen_processed/bigsmiles_si/bigsmiles_si_281.corrected.mol	C{[>][<]Oc1c(Cl)cc(cc1Cl)C(C)(C)c1cc(Cl)c(c(c1)Cl)OC(=O)[>][<]}C	[H]C{[<][>]Oc(c(c2)Cl)c(Cl)cc2C(C)(C)c(cc1Cl)cc(Cl)c1OC(=O)[<][>]}C[H]
PolymerLit-Olsen_processed/bigsmiles_si/bigsmiles_si_282.corrected.mol	C{[>][<]Oc1ccc(cc1)C1(C2CCC(C2)C1)c1ccc(cc1)OC(=O)[>][<]}C	[H]C{[<][>]Oc(cc5)ccc5C(C(C2)C3)(CC2C3)c(cc1)ccc1OC(=O)[<][>]}C[H]
PolymerLit-Olsen_processed/bigsmiles_si/bigsmiles_si_283.corrected.mol	C{[>][<]c1cccc(c1)N1C(=O)c2c(C1=O)ccc(c2)Oc1ccc(cc1)C(=O)c1ccc(cc1)Oc1ccc2c(c1)C(=O)N(C2=O)[>][<]}C	[H]C{[<][>]c(ccc%12)cc%12N(C(c%12cc%13)=O)C(=O)c%12cc%13Oc(cc6)ccc6C(=O)c(cc3)ccc3Oc(ccc1C2=O)cc1C(=O)N2[<][>]}C[H]
PolymerLit-Olsen_processed/bigsmiles_si/bigsmiles_si_284.corrected.mol	C{[>][<]c1cC(Ccc1)C(=O)c1cc(ccc1)N1C(=O)c2c(C1=O)ccc(c2)C(=O)c1ccc2c(c1)C(=O)N(C2=O)[>][<]}C	[H]C{[<][>]N(C(c5cc6)=O)C(=O)c5cc6C(=O)c(ccc2C3=O)cc2C(=O)N3c(ccc1)cc1C(=O)C(CC=1)C=C(C=1)[<][>]}C[H]
PolymerLit-Olsen_processed/bigsmiles_si/bigsmiles_si_285.corrected.mol	C{[>][<]Oc1ccc(cc1)C1(C2CC(C1)C1CCCC21)c1ccc(cc1)OC(=O)[>][<]}C	[H]C{[<][>]Oc(cc6)ccc6C(C(C2)C(C3C4)CC4)(CC23)c(cc1)ccc1OC(=O)[<][>]}C[H]
PolymerLit-Olsen_processed/bigsmiles_si/bigsmiles_si_286.corrected.mol	C{[>][<]c1cccc(c1)N1C(=O)c2c(C1=O)ccc(c2)Oc1ccc(cc1)-c1ccc(cc1)Oc1ccc2c(c1)C(=O)N(C2=O)[>][<]}C	[H]C{[<][>]c(ccc%12)cc%12N(C(c%12cc%13)=O)C(=O)c%12cc%13Oc(cc6)ccc6c(cc3)ccc3Oc(ccc1C2=O)cc1C(=O)N2[<][>]}C[H]
PolymerLit-Olsen_processed/bigsmiles_si/bigsmiles_si_287.corrected.mol	C{[>][<]Oc1c(Br)cc(cc1Br)C(C)(C)c1cc(Br)c(c(c1)Br)OC(=O)[>][<]}C	[H]C{[<][>]Oc(c(c2)Br)c(Br)cc2C(C)(C)c(cc1Br)cc(Br)c1OC(=O)[<][>]}C[H]
PolymerLit-Olsen_processed/bigsmiles_si/bigsmiles_si_288.corrected.mol	C{[>][<]c1cccc(c1)C(=O)c1cccc(c1)N1C(=O)c2c(C1=O)cc(cc2)C(C(F)(F)F)(C(F)(F)F)c1ccc2C(=O)N(C(=O)c2c1)[>][<]}C	[H]C{[<][>]c(ccc%14)cc%14C(=O)c(ccc7)cc7N(C(c3cc4)=O)C(=O)c3cc4C(C(F)(F)F)(C(F)(F)F)c(ccc1C2=O)cc1C(=O)N2[<][>]}C[H]
PolymerLit-Olsen_processed/bigsmiles_si/bigsmiles_si_289.corrected.mol	C{[>][<]c1ccc(cc1)Oc1ccc(cc1)-c1cc(-c2ccccc2)c2c(n1)ccc(c2)Oc1ccc2c(c1)c(-c1ccccc1)cc(n2)[>][<]}C	[H]C{[<][>]c(cc%18)ccc%18Oc(cc9)ccc9c(cc(-c(cc4)ccc4)c4cc5Oc(cc1c(c2)-c(cc3)ccc3)ccc1nc2[<])nc4cc5[>]}C[H]
PolymerLit-Olsen_processed/bigsmiles_si/bigsmiles_si_29.corrected.mol	C{[>][<]CCCCCCCCO[>][<]}C	[H]C{[<][>]OCCCCCCCC[<][>]}C[H]
PolymerLit-Olsen_processed/bigsmiles_si/bigsmiles_si_290.corrected.mol	C{[>][<]c1cc(c2c(cccc2)n1)-c1ccc(cc1)Oc1ccc(cc1)-c1cc(nc2c1cccc2)-c1cccc(c1)[>][<]}C	[H]C{[<][>]c(ccc%17)cc%17c(nc8cc9)cc(c8cc9)c(cc4)ccc4Oc(cc2)ccc2c(c(ccc1)c(c1)n1)cc1[<][>]}C[H]
PolymerLit-Olsen_processed/bigsmiles_si/bigsmiles_si_291.corrected.mol	C{[>][<]c1c(-c2ccccc2)c(c2c(cccc2)n1)-c1ccc(cc1)Oc1ccc(cc1)-c1c(-c2ccccc2)c(nc2c1cccc2)-c1cccc(c1)[>][<]}C	[H]C{[<][>]c(nc%10cc%11)c(-c(cc%12)ccc%12)c(c%10cc%11)c(cc%10)ccc%10Oc(cc5)ccc5c(c(ccc2)c(c2)n2)c(-c(cc3)ccc3)c2c(ccc1)cc1[<][>]}C[H]
PolymerLit-Olsen_processed/bigsmiles_si/bigsmiles_si_292.corrected.mol	C{[>][<]c1c(cccc1)Cc1ccccc1-c1ccc(cc1)OC(=O)Oc1ccc(cc1)[>][<]}C	[H]C{[<][>]c(cc8)ccc8OC(=O)Oc(cc4)ccc4c(cc2)c(cc2)Cc(cc1)c(cc1)[<][>]}C[H]
PolymerLit-Olsen_processed/bigsmiles_si/bigsmiles_si_293.corrected.mol	C{[>][<]c1ccc(cc1)C(=O)c1cccc(c1)N1C(=O)c2c(C1=O)cc(cc2)C(C(F)(F)F)(C(F)(F)F)c1ccc2C(=O)N(C(=O)c2c1)[>][<]}C	[H]C{[<][>]c(cc%14)ccc%14C(=O)c(ccc7)cc7N(C(c3cc4)=O)C(=O)c3cc4C(C(F)(F)F)(C(F)(F)F)c(ccc1C2=O)cc1C(=O)N2[<][>]}C[H]
PolymerLit-Olsen_processed/bigsmiles_si/bigsmiles_si_294.corrected.mol	C{[>][<]c1ccc(cc1)C(=O)c1c(cccc1)N1C(=O)c2c(C1=O)cc(cc2)C(C(F)(F)F)(C(F)(F)F)c1ccc2C(=O)N(C(=O)c2c1)[>][<]}C	[H]C{[<][>]c(cc%14)ccc%14C(=O)c(cc7)c(cc7)N(C(c3cc4)=O)C(=O)c3cc4C(C(F)(F)F)(C(F)(F)F)c(ccc1C2=O)cc1C(=O)N2[<][>]}C[H]
PolymerLit-Olsen_processed/bigsmiles_si/bigsmiles_si_295.corrected.mol	C{[>][<]c1ccc(cc1)-c1cc(-c2ccccc2)c2c(n1)ccc(c2)Oc1ccc2c(c1)c(-c1ccccc1)cc(n2)[>][<]}C	[H]C{[<][>]c(cc9)ccc9c(cc(-c(cc4)ccc4)c4cc5Oc(cc1c(c2)-c(cc3)ccc3)ccc1nc2[<])nc4cc5[>]}C[H]
PolymerLit-Olsen_processed/bigsmiles_si/bigsmiles_si_296.corrected.mol	C{[>][<]c1nc2c(nc1)ccc(c2)-c1ccc2c(c1)nc(cn2)-c1ccc(cc1)-c1ccc(cc1)-c1ccc(cc1)[>][<]}C	[H]C{[<][>]c(cnc%16cc%17)nc%16cc%17c(cc8)cc(c8n8)nc(c8)c(cc4)ccc4c(cc2)ccc2c(cc1)ccc1[<][>]}C[H]
PolymerLit-Olsen_processed/bigsmiles_si/bigsmiles_si_297.corrected.mol	C{[>][<]c1nc2c(nc1)ccc(c2)Oc1ccc2ncc(nc2c1)-c1ccc(cc1)[>][<]}C	[H]C{[<][>]c(cnc4cc5)nc4cc5Oc(cc2)cc(c2n2)nc(c2)c(cc1)ccc1[<][>]}C[H]
PolymerLit-Olsen_processed/bigsmiles_si/bigsmiles_si_298.corrected.mol	C{[>][<]C(=O)c1ccc(cc1)C1(c2ccccc2C(O1)=O)c1ccc(cc1)C(=O)Oc1ccc(cc1)-c1ccc(cc1)O[>][<]}C	[H]C{[<][>]Oc(cc%16)ccc%16c(cc8)ccc8OC(=O)c(cc4)ccc4C(OC2=O)(c(c2c2)ccc2)c(cc1)ccc1C(=O)[<][>]}C[H]
PolymerLit-Olsen_processed/bigsmiles_si/bigsmiles_si_299.corrected.mol	C{[>][<]c1ccc(cc1)-c1ccc(cc1)-c1cc(-c2ccccc2)c2c(n1)ccc(c2)Oc1ccc2c(c1)c(-c1ccccc1)cc(n2)[>][<]}C	[H]C{[<][>]c(cc%18)ccc%18c(cc9)ccc9c(cc(-c(cc4)ccc4)c4cc5Oc(cc1c(c2)-c(cc3)ccc3)ccc1nc2[<])nc4cc5[>]}C[H]
PolymerLit-Olsen_processed/bigsmiles_si/bigsmiles_si_3.corrected.mol	C{[>][<]=C[X]C=[>][<]}C	C{[>][<]=C[X]C=[>][<]}C
PolymerLit-Olsen_processed/bigsmiles_si/bigsmiles_si_30.corrected.mol	C{[>][<]CC=C(C)C[>][<]}{[>][<]C(C(=C)C)C[>][<]}{[>][<]CC(C)(C=C)[>][<]}C	[H]{[<][>]CCC=C(C)[<][>]}C{[<][>]C(C(=C)C)C[<][>]}C{[<][>]C(C)(C=C)C[<][>]}[H]
PolymerLit-Olsen_processed/bigsmiles_si/bigsmiles_si_300.corrected.mol	C{[>][<]C(=O)c1ccc(cc1)C1(c2ccccc2C(O1)=O)c1ccc(cc1)C(=O)Oc1ccc(cc1)C1(OC(c2c1cccc2)=O)c1ccc(cc1)O[>][<]}C	[H]C{[<][>]Oc(cc%16)ccc%16C(OC%16=O)(c(c%16c%16)ccc%16)c(cc8)ccc8OC(=O)c(cc4)ccc4C(OC2=O)(c(c2c2)ccc2)c(cc1)ccc1C(=O)[<][>]}C[H]
PolymerLit-Olsen_processed/bigsmiles_si/bigsmiles_si_301.corrected.mol	C{[>][<]c1ccc(cc1)C(=O)c1ccc(cc1)N1C(=O)c2c(C1=O)cc(cc2)C(C(F)(F)F)(C(F)(F)F)c1ccc2C(=O)N(C(=O)c2c1)[>][<]}C	[H]C{[<][>]c(cc%14)ccc%14C(=O)c(cc7)ccc7N(C(c3cc4)=O)C(=O)c3cc4C(C(F)(F)F)(C(F)(F)F)c(ccc1C2=O)cc1C(=O)N2[<][>]}C[H]
PolymerLit-Olsen_processed/bigsmiles_si/bigsmiles_si_302.corrected.mol	C{[>][<]c1nc2c(nc1)ccc(c2)C(=O)c1ccc2ncc(nc2c1)-c1ccc(cc1)[>][<]}C	[H]C{[<][>]c(cnc4cc5)nc4cc5C(=O)c(cc2)cc(c2n2)nc(c2)c(cc1)ccc1[<][>]}C[H]
PolymerLit-Olsen_processed/bigsmiles_si/bigsmiles_si_303.corrected.mol	C{[>][<]Nc1ccc(cc1)Oc1ccc(cc1)NC(=O)c1ccc(cc1)C1(c2ccccc2C(O1)=O)c1ccc(cc1)C(=O)[>][<]}C	[H]C{[<][>]Nc(cc%16)ccc%16Oc(cc8)ccc8NC(=O)c(cc4)ccc4C(OC2=O)(c(c2c2)ccc2)c(cc1)ccc1C(=O)[<][>]}C[H]
PolymerLit-Olsen_processed/bigsmiles_si/bigsmiles_si_304.corrected.mol	C{[>][<]c1nc2c(cccc2)c(c1)-c1ccccc1Oc1ccc(cc1)-c1cc(nc2c1cccc2)-c1ccc(cc1)Oc1ccc(cc1)[>][<]}C	[H]C{[<][>]c(cc%17)ccc%17Oc(cc%17)ccc%17c(nc8cc9)cc(c8cc9)c(cc4)ccc4Oc(cc2)c(cc2)c(c(ccc1)c(c1)n1)cc1[<][>]}C[H]
PolymerLit-Olsen_processed/bigsmiles_si/bigsmiles_si_305.corrected.mol	C{[>][<]C(=O)c1ccc(cc1)C(=O)Nc1ccc(cc1)N([H])[>][<]}C	[H]C{[<][>]Nc(cc2)ccc2NC(=O)c(cc1)ccc1C(=O)[<][>]}C[H]
PolymerLit-Olsen_processed/bigsmiles_si/bigsmiles_si_306.corrected.mol	C{[>][<]c1ccc(cc1)N1C(=O)c2c(C1=O)ccc(c2)C(=O)c1ccc2c(c1)C(=O)N(C2=O)[>][<]}C	[H]C{[<][>]c(cc7)ccc7N(C(c3cc4)=O)C(=O)c3cc4C(=O)c(ccc1C2=O)cc1C(=O)N2[<][>]}C[H]
PolymerLit-Olsen_processed/bigsmiles_si/bigsmiles_si_307.corrected.mol	C{[>][<]c1nc2c(nc1)ccc(c2)S(=O)(=O)c1ccc2ncc(nc2c1)-c1ccc(cc1)[>][<]}C	[H]C{[<][>]c(cnc4cc5)nc4cc5S(=O)(=O)c(cc2)cc(c2n2)nc(c2)c(cc1)ccc1[<][>]}C[H]
PolymerLit-Olsen_processed/bigsmiles_si/bigsmiles_si_308.corrected.mol	C{[>][<]c1ccc(cc1)N1C(=O)c2c(C1=O)ccc(c2)Oc1ccc2c(c1)C(=O)N(C2=O)[>][<]}C	[H]C{[<][>]c(cc7)ccc7N(C(c3cc4)=O)C(=O)c3cc4Oc(ccc1C2=O)cc1C(=O)N2[<][>]}C[H]
PolymerLit-Olsen_processed/bigsmiles_si/bigsmiles_si_309.corrected.mol	C{[>][<]c1nc2c(cccc2)c(c1)-c1ccc(cc1)Oc1ccc(cc1)-c1cc(nc2ccccc12)-c1ccc(cc1)Oc1ccc(cc1)[>][<]}C	[H]C{[<][>]c(cc%17)ccc%17Oc(cc%17)ccc%17c(nc8cc9)cc(c8cc9)c(cc4)ccc4Oc(cc2)ccc2c(c(ccc1)c(c1)n1)cc1[<][>]}C[H]
PolymerLit-Olsen_processed/bigsmiles_si/bigsmiles_si_31.corrected.mol	C{[>][<]OCCCCOC(=O)CCCCC(=O)[>][<]}C	[H]C{[<][>]OCCCCOC(=O)CCCCC(=O)[<][>]}C[H]
PolymerLit-Olsen_processed/bigsmiles_si/bigsmiles_si_310.corrected.mol	C{[>][<]c1ccc(cc1)-c1nc2c(c(c1-c1ccccc1)-c1ccccc1)cc(cc2)Oc1ccc2c(c1)c(-c1ccccc1)c(-c1ccccc1)c(n2)[>][<]}C	[H]C{[<][>]c(cc9)ccc9c(c(-c(cc4)ccc4)c(-c(cc4)ccc4)c4cc5Oc(cc1c(c2-c(cc3)ccc3)-c(cc3)ccc3)ccc1nc2[<])nc4cc5[>]}C[H]
PolymerLit-Olsen_processed/bigsmiles_si/bigsmiles_si_311.corrected.mol	C{[>][<]c1ccc(cc1)-c1ccc(cc1)-c1nc2c(c(c1-c1ccccc1)-c1ccccc1)cc(cc2)Oc1ccc2c(c1)c(-c1ccccc1)c(-c1ccccc1)c(n2)[>][<]}C	[H]C{[<][>]c(cc%18)ccc%18c(cc9)ccc9c(c(-c(cc4)ccc4)c(-c(cc4)ccc4)c4cc5Oc(cc1c(c2-c(cc3)ccc3)-c(cc3)ccc3)ccc1nc2[<])nc4cc5[>]}C[H]
PolymerLit-Olsen_processed/bigsmiles_si/bigsmiles_si_312.corrected.mol	C{[>][<]c1nc2c(nc1)ccc(c2)-c1ccc2ncc(nc2c1)-c1ccc(cc1)[>][<]}C	[H]C{[<][>]c(cnc4cc5)nc4cc5c(cc2)cc(c2n2)nc(c2)c(cc1)ccc1[<][>]}C[H]
PolymerLit-Olsen_processed/bigsmiles_si/bigsmiles_si_313.corrected.mol	C{[>][<]C(=O)c1ccc(cc1)C1(c2ccccc2C(O1)=O)c1ccc(cc1)C(=O)N([H])c1ccc(cc1)C1(OC(c2ccccc12)=O)c1ccc(cc1)N([H])[>][<]}C	[H]C{[<][>]Nc(cc%16)ccc%16C(OC%16=O)(c(c%16c%16)ccc%16)c(cc8)ccc8NC(=O)c(cc4)ccc4C(OC2=O)(c(c2c2)ccc2)c(cc1)ccc1C(=O)[<][>]}C[H]
PolymerLit-Olsen_processed/bigsmiles_si/bigsmiles_si_314.corrected.mol	C{[>][<]c1ccc(cc1)Oc1ccc(cc1)N1C(=O)c2c(C1=O)cc1c(c2)C(=O)N(C1=O)[>][<]}C	[H]C{[<][>]n(c(c4cc5c6=O)=O)c(=O)c4cc5c(=O)n6c(cc2)ccc2Oc(cc1)ccc1[<][>]}C[H]
PolymerLit-Olsen_processed/bigsmiles_si/bigsmiles_si_315.corrected.mol	C{[>][<]NC(=O)Nc1ccc(cc1)C1(NC(c2c1cccc2)=O)c1ccc(cc1)NC(=O)[>][<]}C	[H]C{[<][>]NC(=O)Nc(cc4)ccc4C(NC2=O)(c(c2c2)ccc2)c(cc1)ccc1NC(=O)[<][>]}C[H]
PolymerLit-Olsen_processed/bigsmiles_si/bigsmiles_si_316.corrected.mol	C{[>][<]c1ccc(cc1)C(=O)c1ccc(cc1)N1C(=O)c2c(C1=O)cc1c(c2)C(=O)N(C1=O)[>][<]}C	[H]C{[<][>]n(c(c4cc5c6=O)=O)c(=O)c4cc5c(=O)n6c(cc2)ccc2C(=O)c(cc1)ccc1[<][>]}C[H]
PolymerLit-Olsen_processed/bigsmiles_si/bigsmiles_si_317.corrected.mol	C{[>][<]CC(C)(C(=O)O{[>][<]CCO[>][<]}C)[>][<]}{[>][<]CC(C1=CC=NC=C1)[>],[<]CC(C1=CC=[N+1](C=C1)C)[>][<]}C.[I-1]	C{[>][<]CC(C)(C(=O)O{[>][<]CCO[>][<]}C)[>][<]}{[>][<]CC(C1=CC=NC=C1)[>],[<]CC(C1=CC=[N+1](C=C1)C)[>][<]}C.[I-1]
PolymerLit-Olsen_processed/bigsmiles_si/bigsmiles_si_318.corrected.mol	CCC({[>][<]CC(C1=CC=CC=C1)[>][<]}{[>][<]C/C=C/(C)C[>],[<]CC(C(=C)C)C[>],[<]C/C=C\(C)C[>][<]}{[>][<]CCO[>][<]}[H])C	CCC({[>][<]CC(C1=CC=CC=C1)[>][<]}{[>][<]C/C=C/(C)C[>],[<]CC(C(=C)C)C[>],[<]C/C=C\(C)C[>][<]}{[>][<]CCO[>][<]}[H])C
PolymerLit-Olsen_processed/bigsmiles_si/bigsmiles_si_319.corrected.mol	OC({[>][<]C/C(C)=C/C[>][<]}C(C)CC){[>][<]C1=CC(OCC(CC)CCCC)=C(C=C1OCC(CC)CCCC)/C=C[>][<]}C1=CC(OCC(CC)CCCC)=C(C)C=C1OCC(CCCC)CC	[H]Cc(c(c1)OCC(CCCC)CC)cc(OCC(CC)CCCC)c1{[<][>]C=Cc(c(c1)OCC(CCCC)CC)cc(OCC(CC)CCCC)c1[<][>]}C(O){[<][>]C\C(\C)=C\C[<][>]}C(C)CC[H]
PolymerLit-Olsen_processed/bigsmiles_si/bigsmiles_si_32.corrected.mol	C{[>][<]OCCCCOC(=O)CCCCC(=O)[>][<]}C	[H]C{[<][>]OCCCCOC(=O)CCCCC(=O)[<][>]}C[H]
PolymerLit-Olsen_processed/bigsmiles_si/bigsmiles_si_320.corrected.mol	N{[>][<][C@](CCC(=O)OC1=CC=CC=C1)C(=O)N[>][<]}[C@@](C(=O)NCCC[Si]({[>][<]O[Si](C)(C)[>][<]}CCCNC(=O)[C@]({[>][<]NC(=O)[C@@](CCC(=O)OC1=CC=CC=C1)[>][<]}N)CC(C)C)(C)C)CC(C)C	[H]N{[<][>]C(CCC(Oc(cc2)ccc2)=O)C(=O)N[<][>]}C(CC(C)C)C(=O)NCCC[Si](C)(C){[<][>][Si](C)(C)O[<][>]}CCCNC(=O)C(CC(C)C){[<][>]C(CCC(Oc(cc1)ccc1)=O)C(=O)N[<][>]}N[H]
PolymerLit-Olsen_processed/bigsmiles_si/bigsmiles_si_321.corrected.mol	C{[>][<]O{[>][<]C[>][<]}OC(=O)N{[>][<]C[>][<]}NC(=O)[>][<]}{[>][<]N{[>][<][C@](CCC(=O)OC1=CC=CC=C1)C(=O)N[>][<]}[C@@](CC(C)C)C(=O)NCCC[Si](C)(C){[>][<]O[Si](C)(C)[>][<]}CCCNC(=O)[C@](CC(C)C){[>][<]NC(=O)[C@@](CCC(=O)OC1=CC=CC=C1)[>][<]}NC(=O)N{[>][<]C[>][<]}NC(=O)[>][<]}C	C{[>][<]O{[>][<]C[>][<]}OC(=O)N{[>][<]C[>][<]}NC(=O)[>][<]}{[>][<]N{[>][<][C@](CCC(=O)OC1=CC=CC=C1)C(=O)N[>][<]}[C@@](CC(C)C)C(=O)NCCC[Si](C)(C){[>][<]O[Si](C)(C)[>][<]}CCCNC(=O)[C@](CC(C)C){[>][<]NC(=O)[C@@](CCC(=O)OC1=CC=CC=C1)[>][<]}NC(=O)N{[>][<]C[>][<]}NC(=O)[>][<]}C
PolymerLit-Olsen_processed/bigsmiles_si/bigsmiles_si_322.corrected.mol	C{[>][<]=CCCC=[>][<]}C	[H]CC{[<][>]CCCC[<][>]}[H]
PolymerLit-Olsen_processed/bigsmiles_si/bigsmiles_si_323.corrected.mol	C{[>][<]=C{[>][<]C[>][<]}C=[>][<]}{[>][<]=C{[>][<]C[>][<]}C(C[N+1]1=CN(C=C1)C){[>][<]C[>][<]}C=[>][<]}C.[Br-1]	C{[>][<]=C{[>][<]C[>][<]}C=[>][<]}{[>][<]=C{[>][<]C[>][<]}C(C[N+1]1=CN(C=C1)C){[>][<]C[>][<]}C=[>][<]}C.[Br-1]
PolymerLit-Olsen_processed/bigsmiles_si/bigsmiles_si_324.corrected.mol	C{[>][<]=C[C@@]1C[C@@]([C@@]2C(N({[>][<]C[>][<]}OC(CCC3=CN({[>][<]C([R])C[>][<]}C(C(OC)=O)C)N=N3)=O)C([C@@]12)=O)=O)/C=[>][<]}{[>][<]=C\[C@@]1C[C@@]([C@@]2[C@@]1C(N(C2=O)CC{[>][<]OC(=O)C(C)[>][<]}O)=O)C=[>][<]}C	C{[>][<]=C[C@@]1C[C@@]([C@@]2C(N({[>][<]C[>][<]}OC(CCC3=CN({[>][<]C([R])C[>][<]}C(C(OC)=O)C)N=N3)=O)C([C@@]12)=O)=O)/C=[>][<]}{[>][<]=C\[C@@]1C[C@@]([C@@]2[C@@]1C(N(C2=O)CC{[>][<]OC(=O)C(C)[>][<]}O)=O)C=[>][<]}C
PolymerLit-Olsen_processed/bigsmiles_si/bigsmiles_si_325.corrected.mol	CC(C1=CC=CC=C1){[>][<]CC(C1=CC=CC=C1)[>][<]}Br	[H]CC(c(cc1)ccc1){[<][>]CC(c(cc1)ccc1)[<][>]}Br
PolymerLit-Olsen_processed/bigsmiles_si/bigsmiles_si_326.corrected.mol	C{[>][<]OCC[>][<]}O{[>][<]C(=O)COC(=O)CO[>],[<]C(=O)[C@](C)OC(=O)[C@@](C)O[>],[<]C(=O)[C@@](C)OC(=O)[C@](C)O[>][<]}[H]	[H]O{[<][>]CC(=O)OCC(=O)O[<],[>]C(C)C(=O)OC(C)C(=O)O[<][>]}C{[<][>]COC[<][>]}[H]
PolymerLit-Olsen_processed/bigsmiles_si/bigsmiles_si_327.corrected.mol	C{[>][<]OCC(=O)[>][<]}{[>][<]OC(C)C(=O)[>][<]}{[>][<]OCC[>][<]}OC(N1C=CN=C1)=O	{[][>1]OC(C)C(=O)[<1];[H]c(nc1)n(c1)C(=O){[<][>]OC(=O)C[<][>]}{[<][>]OC(=O)C[<][>]}O[<1],[H]c(nc1)n(c1)C(=O)OC{[<][>]COC[<][>]}C{[<][>]OC(=O)C[<][>]}O[<1],[>1]C[H][]}
PolymerLit-Olsen_processed/bigsmiles_si/bigsmiles_si_328.corrected.mol	[H]NCC({[>][<]NCC(=O)[>][<]}O)=O	[H]OC(=O)CN{[<][>]C(=O)CN[<][>]}[H]
PolymerLit-Olsen_processed/bigsmiles_si/bigsmiles_si_329.corrected.mol	C{[>][<]OCC(=O)[>][<]}{[>][<]OC(C)C(=O)[>][<]}{[>][<]CCO[>][<]}OC(N(CC({[>][<]NCC(=O)[>][<]}O)=O)[H])=O	{[][>1]C(=O)CO[<1];[H]OC(=O)CNC(=O){[<][>]CNC(=O)[<][>]}O{[<][>]OCC[<][>]}[<1],[H]OC(=O)CNC(=O){[<][>]CNC(=O)[<][>]}O{[<][>]OCC[<][>]}C(=O)C(C){[<][>]OC(=O)C(C)[<][>]}O[<1],[>1]C[H][]}
PolymerLit-Olsen_processed/bigsmiles_si/bigsmiles_si_33.corrected.mol	C{[>][<]CCO[>][<]}C	[H]C{[<][>]OCC[<][>]}C[H]
PolymerLit-Olsen_processed/bigsmiles_si/bigsmiles_si_330.corrected.mol	C{[>][<]CC(C1=CC=C(C=C1)C(C)CC)[>][<]}{[>][<]CC(C1=CC=C(C=C1)C=C)[>][<]}Br	{[][>1]C(c(cc4)ccc4C(CC)C)C[<1];Br[<1],BrC(c(cc2)ccc2C=C){[<][>]CC(c(cc2)ccc2C=C)[<][>]}C[<1],[>1]C[H][]}
PolymerLit-Olsen_processed/bigsmiles_si/bigsmiles_si_331.corrected.mol	CCOC(C({[>][<]CC(C(=O)OC)[>][<]})C)=O	[H]{[<][>]C(C(OC)=O)C[<][>]}C(C)C(=O)OCC[H]
PolymerLit-Olsen_processed/bigsmiles_si/bigsmiles_si_332.corrected.mol	CCOC(C({[>][<]CC(C(=O)OCCCC)[>][<]})C)=O	[H]{[<][>]C(C(OCCCC)=O)C[<][>]}C(C)C(=O)OCC[H]
PolymerLit-Olsen_processed/bigsmiles_si/bigsmiles_si_333.corrected.mol	C1=CC(=CC(C2=CC(=CC(=C2)C2=CC(=CC(=C2)C2=CC(=CC(=C2)C2=CC(=CC(=C2)Br)Br)C2=CC(=CC(=C2)))B(O)O)C2=CC(=CC(=C2)Br))=C1)	C1=CC(=CC(C2=CC(=CC(=C2)C2=CC(=CC(=C2)C2=CC(=CC(=C2)C2=CC(=CC(=C2)Br)Br)C2=CC(=CC(=C2)))B(O)O)C2=CC(=CC(=C2)Br))=C1)
PolymerLit-Olsen_processed/bigsmiles_si/bigsmiles_si_334.corrected.mol	C{[>][<]NCCC{[>][<]OCC[>][<]}OCC(CO{[>][<]CCO[>][<]}CCCN)(CO{[>][<]CCO[>][<]}CCCN)CO{[>][<]CCO[>][<]}CCCNC(=O)CCCOC{[>][<]OCC[>][<]}OCC(CO{[>][<]CCO[>][<]}COCCCC(=O))(CO{[>][<]CCO[>][<]}COCCCC=O)CO{[>][<]CCO[>][<]}COCCCC(=O)[>][<]}C	{[>8][<8][>9],[<8][H]CNCCCOC[*:2][>9],[<8][H]CC[H][>9][<9]}
PolymerLit-Olsen_processed/bigsmiles_si/bigsmiles_si_335.corrected.mol	C{[>][<]=C/CCCCC(=O)OC=1C2=C(C=C(C)C1)C=CC1(O2)N(C2=CC=CC=C2C1(C)C)CCOC(=O)CCCCC=[>][<]}{[>][<]=C/CC[C@@]1O[C@@]1CCC=[>][<]}C	[H]C{[<][>]CCCCCC(=O)Oc(cc1C)c(c(c1)C=C1)OC1(C(C)(C)c1cc2)N(c1cc2)CCOC(=O)CCCCC[<][>]}C{[<][>]CCC(O3)C3CCCC[<][>]}[H]
PolymerLit-Olsen_processed/bigsmiles_si/bigsmiles_si_336.corrected.mol	C{[>][<]CC(C(=O)OC)[>][<]}Br	[H]C{[<][>]CC(C(OC)=O)[<][>]}Br
PolymerLit-Olsen_processed/bigsmiles_si/bigsmiles_si_337.corrected.mol	C{[>][<[<]1]C(C[<[<]1])C1=CC=N(C=C1)[Pd]12C3=C(CN2(C)C)/C2=C/4[Pd](N(C)(C)C/C4=C\3CN1(C)C)(N(C)(C)C2)N1=CC=C(C=C1)C(C[>[>]2])[>[>]2][<]}(C)(C)C	C{[>][<[<]1]C(C[<[<]1])C1=CC=N(C=C1)[Pd]12C3=C(CN2(C)C)/C2=C/4[Pd](N(C)(C)C/C4=C\3CN1(C)C)(N(C)(C)C2)N1=CC=C(C=C1)C(C[>[>]2])[>[>]2][<]}(C)(C)C
PolymerLit-Olsen_processed/bigsmiles_si/bigsmiles_si_338.corrected.mol	C=C{[>][<][Si](C)(C)O[>][<]}[Si](C)(C=C)C	[H]C(=C)[Si](C)(C){[<][>]O[Si](C)(C)[<][>]}C(=C)[H]
PolymerLit-Olsen_processed/bigsmiles_si/bigsmiles_si_339.corrected.mol	C{[>][<][Si](C)(C)O[>][<]}{[>][<][Si]([H])(C)O[>][<]}[Si](C)(C)C	{[][>1][Si](C)O[<1];[H]C[<1],[H]C[Si](C)(C){[<][>]O[Si](C)(C)[<][>]}O[<1],[>1][Si](C)(C)C[H][]}
PolymerLit-Olsen_processed/bigsmiles_si/bigsmiles_si_34.corrected.mol	C{[>][<]CC(C)O[>][<]}C	[H]C{[<][>]OC(C)C[<][>]}C[H]
PolymerLit-Olsen_processed/bigsmiles_si/bigsmiles_si_340.corrected.mol	C{[>][<]CC[>][<]}{[>][<]CC(C)(C)[>][<]}C	[H]C{[<][>]CC[<][>]}C{[<][>]C(C)(C)C[<][>]}[H]
PolymerLit-Olsen_processed/bigsmiles_si/bigsmiles_si_341.corrected.mol	C{[>][<]CC[>][<]}{[>][<]C([D])([D])C([D])([D])[>][<]}C	C{[>][<]CC[>][<]}{[>][<]C([D])([D])C([D])([D])[>][<]}C
PolymerLit-Olsen_processed/bigsmiles_si/bigsmiles_si_342.corrected.mol	C{[>][<]CCCC[>][<]}{[>][<]CC([D])C([D])C[>][<]}{[>][<]CC(CC)[>][<]}{[>][<]CC(C(C[D])[D])[>][<]}C	C{[>][<]CCCC[>][<]}{[>][<]CC([D])C([D])C[>][<]}{[>][<]CC(CC)[>][<]}{[>][<]CC(C(C[D])[D])[>][<]}C
PolymerLit-Olsen_processed/bigsmiles_si/bigsmiles_si_35.corrected.mol	C{[>][<]CC(OCCCCC)[>][<]}C	[H]C{[<][>]C(OCCCCC)C[<][>]}C[H]
PolymerLit-Olsen_processed/bigsmiles_si/bigsmiles_si_36.corrected.mol	C{[>][<]CC(OCC(CC)CCCC)[>][<]}C	[H]C{[<][>]C(OCC(CCCC)CC)C[<][>]}C[H]
PolymerLit-Olsen_processed/bigsmiles_si/bigsmiles_si_37.corrected.mol	C{[>][<]CC(C(=O)OCCCCCCCC)[>][<]}C	[H]C{[<][>]C(C(OCCCCCCCC)=O)C[<][>]}C[H]
PolymerLit-Olsen_processed/bigsmiles_si/bigsmiles_si_38.corrected.mol	C{[>][<]C(OCCCCCC)C[>][<]}C	[H]C{[<][>]C(OCCCCCC)C[<][>]}C[H]
PolymerLit-Olsen_processed/bigsmiles_si/bigsmiles_si_39.corrected.mol	C{[>][<]CC(COC)O[>][<]}C	[H]C{[<][>]OC(COC)C[<][>]}C[H]
PolymerLit-Olsen_processed/bigsmiles_si/bigsmiles_si_4.corrected.mol	S{[>][<]CCO[>][<]}CCN	[H]SCC{[<][>]OCC[<][>]}N[H]
PolymerLit-Olsen_processed/bigsmiles_si/bigsmiles_si_40.corrected.mol	C{[>][<]CC=CC(C)[>][<]}{[>][<]C(/C=C\C)C[>][<]}{[>][<]CC(/C=C/C)[>][<]}{[>][<]C(C)C(C=C)[>][<]}C	{[][>1]C(\C=C\C)C[<1];[H]C{[<][>]C(C=C)C(C)[<][>]}{[<][>]C(/C=C\C)C[<][>]}{[<][>]C(/C=C\C)C[<][>]}C[<1],[H]C{[<][>]C(C=C)C(C)[<][>]}C(C)C=C{[<][>]CC(C)C=C[<][>]}C{[<][>]C(/C=C\C)C[<][>]}C[<1],[>1][H][]}
PolymerLit-Olsen_processed/bigsmiles_si/bigsmiles_si_41.corrected.mol	C{[>][<]C(C(=O)OCCCCCCC)C[>][<]}C	[H]C{[<][>]C(C(OCCCCCCC)=O)C[<][>]}C[H]
PolymerLit-Olsen_processed/bigsmiles_si/bigsmiles_si_42.corrected.mol	C{[>][<]OCCCCCC(=O)[>][<]}C	[H]C{[<][>]OCCCCCC(=O)[<][>]}C[H]
PolymerLit-Olsen_processed/bigsmiles_si/bigsmiles_si_43.corrected.mol	C{[>][<]C(C(=O)OCCCCCCCCC)C[>][<]}C	[H]C{[<][>]C(C(OCCCCCCCCC)=O)C[<][>]}C[H]
PolymerLit-Olsen_processed/bigsmiles_si/bigsmiles_si_44.corrected.mol	C{[>][<]C(C(=O)OCCCCCC)C[>][<]}C	[H]C{[<][>]C(C(OCCCCCC)=O)C[<][>]}C[H]
PolymerLit-Olsen_processed/bigsmiles_si/bigsmiles_si_45.corrected.mol	C{[>][<]OCCCCCCCCCCOC(=O)CCCCC(=O)[>][<]}C	[H]C{[<][>]OCCCCCCCCCCOC(=O)CCCCC(=O)[<][>]}C[H]
PolymerLit-Olsen_processed/bigsmiles_si/bigsmiles_si_46.corrected.mol	C{[>][<]CO[>][<]}C	[H]C{[<][>]OC[<][>]}C[H]
PolymerLit-Olsen_processed/bigsmiles_si/bigsmiles_si_47.corrected.mol	C{[>][<]CC(C)(C(=O)OCCCCCCCCCCCC)[>][<]}C	[H]C{[<][>]C(C)(C(OCCCCCCCCCCCC)=O)C[<][>]}C[H]
PolymerLit-Olsen_processed/bigsmiles_si/bigsmiles_si_48.corrected.mol	C{[>][<]C(C(=O)OCCCC)C[>][<]}C	[H]C{[<][>]C(C(OCCCC)=O)C[<][>]}C[H]
PolymerLit-Olsen_processed/bigsmiles_si/bigsmiles_si_49.corrected.mol	C{[>][<]C(CCCCC)C[>][<]}C	[H]C{[<][>]C(CCCCC)C[<][>]}C[H]
PolymerLit-Olsen_processed/bigsmiles_si/bigsmiles_si_5.corrected.mol	C{[>][<[<]1]C/C=C\CC\C=C/CCC(SC)C(/C=C\C=C/CC/C=C\C[>[>]2])SSSC(C(SSSC(C(CC\C=C/CC/C=C\C[<[<]1])SC)CC\C=C/CC/C=C\C[>[>]2])CC\C=C/CC/C=C\C[<[<]1])CC\C=C\CC\C=C/C[>[>]2][<]}(C)(C)(C)(C)C	C{[>][<[<]1]C/C=C\CC\C=C/CCC(SC)C(/C=C\C=C/CC/C=C\C[>[>]2])SSSC(C(SSSC(C(CC\C=C/CC/C=C\C[<[<]1])SC)CC\C=C/CC/C=C\C[>[>]2])CC\C=C/CC/C=C\C[<[<]1])CC\C=C\CC\C=C/C[>[>]2][<]}(C)(C)(C)(C)C
PolymerLit-Olsen_processed/bigsmiles_si/bigsmiles_si_50.corrected.mol	C{[>][<]OCCC(C)CCC(=O)[>][<]}C	[H]C{[<][>]OCCC(C)CCC(=O)[<][>]}C[H]
PolymerLit-Olsen_processed/bigsmiles_si/bigsmiles_si_51.corrected.mol	C{[>][<]CC(OCCCC)[>][<]}C	[H]C{[<][>]C(OCCCC)C[<][>]}C[H]
PolymerLit-Olsen_processed/bigsmiles_si/bigsmiles_si_52.corrected.mol	C{[>][<]CC=C(C(C)C)C[>][<]}C	[H]CC{[<][>]C=C(C(C)C)CC[<][>]}[H]
PolymerLit-Olsen_processed/bigsmiles_si/bigsmiles_si_53.corrected.mol	C{[>][<]C(CCCC)C[>][<]}C	[H]C{[<][>]C(CCCC)C[<][>]}C[H]
PolymerLit-Olsen_processed/bigsmiles_si/bigsmiles_si_54.corrected.mol	C{[>][<]CC(CCC)[>][<]}C	[H]C{[<][>]C(CCC)C[<][>]}C[H]
PolymerLit-Olsen_processed/bigsmiles_si/bigsmiles_si_55.corrected.mol	C{[>][<]CC=C(Cl)C[>][<]}C	[H]CC{[<][>]C=C(Cl)CC[<][>]}[H]
PolymerLit-Olsen_processed/bigsmiles_si/bigsmiles_si_56.corrected.mol	C{[>][<]CC(C)S[>][<]}C	[H]C{[<][>]SC(C)C[<][>]}C[H]
PolymerLit-Olsen_processed/bigsmiles_si/bigsmiles_si_57.corrected.mol	C{[>][<]CC(CC)[>][<]}C	[H]C{[<][>]C(CC)C[<][>]}C[H]
PolymerLit-Olsen_processed/bigsmiles_si/bigsmiles_si_58.corrected.mol	C{[>][<]OCCOC(=O)CCCCCCCC(=O)[>][<]}C	[H]C{[<][>]OCCOC(=O)CCCCCCCC(=O)[<][>]}C[H]
PolymerLit-Olsen_processed/bigsmiles_si/bigsmiles_si_59.corrected.mol	C{[>][<]C(C(=O)OC(C)CCCCCC)C[>][<]}C	[H]C{[<][>]C(C(OC(CCCCCC)C)=O)C[<][>]}C[H]
PolymerLit-Olsen_processed/bigsmiles_si/bigsmiles_si_6.corrected.mol	O=C(OCC1=CC(=CC(=C1)C1=CC=CN=C1)C1=CN=CC=C1){[>][<]COC[>][<]}C(OCC=1C=C(C2=CN=CC=C2)C=C(C1)C1=CC=CN=C1)=O	[H]c(ccn8)c(c8)c(cc(-c(cc4)cnc4)c4)cc4COC(=O){[<][>]COC[<][>]}C(=O)OCc(cc(-c(cc2)cnc2)c2)cc2c(cn1)c(cc1)[H]
PolymerLit-Olsen_processed/bigsmiles_si/bigsmiles_si_60.corrected.mol	C{[>][<]CC(C(=O)OCCC)[>][<]}C	[H]C{[<][>]C(C(OCCC)=O)C[<][>]}C[H]
PolymerLit-Olsen_processed/bigsmiles_si/bigsmiles_si_61.corrected.mol	C{[>][<]CC(C)[>][<]}C	[H]C{[<][>]C(C)C[<][>]}C[H]
PolymerLit-Olsen_processed/bigsmiles_si/bigsmiles_si_62.corrected.mol	C{[>][<]CC(F)(F)[>][<]}C	[H]C{[<][>]C(F)(F)C[<][>]}C[H]
PolymerLit-Olsen_processed/bigsmiles_si/bigsmiles_si_63.corrected.mol	C{[>][<]OCCOC(=O)CCCCC(=O)[>][<]}C	[H]C{[<][>]OCCOC(=O)CCCCC(=O)[<][>]}C[H]
PolymerLit-Olsen_processed/bigsmiles_si/bigsmiles_si_64.corrected.mol	C{[>][<]C(C(=O)OC(C)CCCCC)C[>][<]}C	[H]C{[<][>]C(C(OC(CCCCC)C)=O)C[<][>]}C[H]
PolymerLit-Olsen_processed/bigsmiles_si/bigsmiles_si_65.corrected.mol	C{[>][<]CC(CCCC(C)C)[>][<]}C	[H]C{[<][>]C(CCCC(C)C)C[<][>]}C[H]
PolymerLit-Olsen_processed/bigsmiles_si/bigsmiles_si_66.corrected.mol	C{[>][<]OC(C)CCCC(C)C(=O)[>][<]}C	[H]C{[<][>]OC(C)CCCC(C)C(=O)[<][>]}C[H]
PolymerLit-Olsen_processed/bigsmiles_si/bigsmiles_si_67.corrected.mol	C{[>][<]CC=C(Br)C[>][<]}C	[H]CC{[<][>]C=C(Br)CC[<][>]}[H]
PolymerLit-Olsen_processed/bigsmiles_si/bigsmiles_si_68.corrected.mol	C{[>][<]OCCOC(=O)CCCCCCCCC(=O)[>][<]}C	[H]C{[<][>]OCCOC(=O)CCCCCCCCC(=O)[<][>]}C[H]
PolymerLit-Olsen_processed/bigsmiles_si/bigsmiles_si_69.corrected.mol	C{[>][<]CCC[Si](C1=CC=CC=C1)(C)[>][<]}C	[H]C{[<][>][Si](c(cc1)ccc1)(C)CCC[<][>]}C[H]
PolymerLit-Olsen_processed/bigsmiles_si/bigsmiles_si_7.corrected.mol	C{[>][<]CC(C(=O)O)[>][<]}C	[H]C{[<][>]C(C(=O)O)C[<][>]}C[H]
PolymerLit-Olsen_processed/bigsmiles_si/bigsmiles_si_70.corrected.mol	C{[>][<]CC(C(=O)OCC(C)C)[>][<]}C	[H]C{[<][>]C(C(OCC(C)C)=O)C[<][>]}C[H]
PolymerLit-Olsen_processed/bigsmiles_si/bigsmiles_si_71.corrected.mol	C{[>][<]CC(OCC(C)C)[>][<]}C	[H]C{[<][>]C(OCC(C)C)C[<][>]}C[H]
PolymerLit-Olsen_processed/bigsmiles_si/bigsmiles_si_72.corrected.mol	C{[>][<]CC(C(=O)OCC)[>][<]}C	[H]C{[<][>]C(C(OCC)=O)C[<][>]}C[H]
PolymerLit-Olsen_processed/bigsmiles_si/bigsmiles_si_73.corrected.mol	C{[>][<]CC(C)(C(=O)OCCCCCCCC)[>][<]}C	[H]C{[<][>]C(C)(C(OCCCCCCCC)=O)C[<][>]}C[H]
PolymerLit-Olsen_processed/bigsmiles_si/bigsmiles_si_74.corrected.mol	C{[>][<]CC(OC(C)CC)[>][<]}C	[H]C{[<][>]C(OC(CC)C)C[<][>]}C[H]
PolymerLit-Olsen_processed/bigsmiles_si/bigsmiles_si_75.corrected.mol	C{[>][<]CC(C(=O)OC(C)CC)[>][<]}C	[H]C{[<][>]C(C(OC(CC)C)=O)C[<][>]}C[H]
PolymerLit-Olsen_processed/bigsmiles_si/bigsmiles_si_76.corrected.mol	C{[>][<]CC(OCC)[>][<]}C	[H]C{[<][>]C(OCC)C[<][>]}C[H]
PolymerLit-Olsen_processed/bigsmiles_si/bigsmiles_si_77.corrected.mol	C{[>][<]c1nc(C)nc(n1)C(F)(C(F)(F)F)OC(F)(F)C(F)(F)C(F)(F)C(F)(F)C(F)(F)C(F)(F)OC(C(F)(F)F)[>][<]}C	[H]C{[<][>]c(nc(C)n1)nc1C(F)(C(F)(F)F)OC(F)(F)C(F)(F)C(F)(F)C(F)(F)C(F)(F)C(F)(F)OC(C(F)(F)F)[<][>]}C[H]
PolymerLit-Olsen_processed/bigsmiles_si/bigsmiles_si_78.corrected.mol	C{[>][<]CC(Cl)(Cl)[>][<]}C	[H]C{[<][>]C(Cl)(Cl)C[<][>]}C[H]
PolymerLit-Olsen_processed/bigsmiles_si/bigsmiles_si_79.corrected.mol	C{[>][<]CC(C(=O)OC(CC)CC)[>][<]}C	[H]C{[<][>]C(C(OC(CC)CC)=O)C[<][>]}C[H]
PolymerLit-Olsen_processed/bigsmiles_si/bigsmiles_si_8.corrected.mol	C{[>][<[<]1]N=C/1C=C2SC=3C(N=C2C=C1S[<[<]1])=CC([>[>]2])=C(C3)[>[>]2][<]}(C)(C)C	C{[>][<[<]1]N=C/1C=C2SC=3C(N=C2C=C1S[<[<]1])=CC([>[>]2])=C(C3)[>[>]2][<]}(C)(C)C
PolymerLit-Olsen_processed/bigsmiles_si/bigsmiles_si_80.corrected.mol	C{[>][<]CC(CCC(C)C)[>][<]}C	[H]C{[<][>]C(CCC(C)C)C[<][>]}C[H]
PolymerLit-Olsen_processed/bigsmiles_si/bigsmiles_si_81.corrected.mol	C{[>][<]C(C(F)(F)F)OC(F)(F)C(F)(F)C(F)(F)C(F)(F)C(F)(F)C(F)(F)C(F)(F)OC(C(F)(F)F)c1nc(nc(n1)C(F)(F)F)[>][<]}C	[H]C{[<][>]c(nc(C(F)(F)F)n1)nc1C(C(F)(F)F)OC(F)(F)C(F)(F)C(F)(F)C(F)(F)C(F)(F)C(F)(F)C(F)(F)OC(C(F)(F)F)[<][>]}C[H]
PolymerLit-Olsen_processed/bigsmiles_si/bigsmiles_si_82.corrected.mol	C{[>][<]CC(CCl)(CCl)CO[>][<]}C	[H]C{[<][>]OCC(CCl)(CCl)C[<][>]}C[H]
PolymerLit-Olsen_processed/bigsmiles_si/bigsmiles_si_83.corrected.mol	C{[>][<]CCC[Si](c1ccc(cc1)N(C)C)(C)[>][<]}C	[H]C{[<][>][Si](C)(c(cc1)ccc1N(C)C)CCC[<][>]}C[H]
PolymerLit-Olsen_processed/bigsmiles_si/bigsmiles_si_84.corrected.mol	C{[>][<]CC(C)(C(=O)OCCCCCC)[>][<]}C	[H]C{[<][>]C(C)(C(OCCCCCC)=O)C[<][>]}C[H]
PolymerLit-Olsen_processed/bigsmiles_si/bigsmiles_si_85.corrected.mol	C{[>][<]CC(C=C)[>][<]}C	[H]C{[<][>]C(C=C)C[<][>]}C[H]
PolymerLit-Olsen_processed/bigsmiles_si/bigsmiles_si_86.corrected.mol	C{[>][<]CC(OC(C)C)[>][<]}C	[H]C{[<][>]C(OC(C)C)C[<][>]}C[H]
PolymerLit-Olsen_processed/bigsmiles_si/bigsmiles_si_87.corrected.mol	C{[>][<]OCCOC(=O)CCC(=O)[>][<]}C	[H]C{[<][>]OCCOC(=O)CCC(=O)[<][>]}C[H]
PolymerLit-Olsen_processed/bigsmiles_si/bigsmiles_si_88.corrected.mol	C{[>][<]CC(SC)[>][<]}C	[H]C{[<][>]C(SC)C[<][>]}C[H]
PolymerLit-Olsen_processed/bigsmiles_si/bigsmiles_si_89.corrected.mol	C{[>][<][Si](c1ccccc1)(c1ccccc1)O[Si](C)(C)c1ccc(cc1)[Si](C)(C)O[>][<]}C	[H]C{[<][>][Si](c(cc2)ccc2)(c(cc2)ccc2)O[Si](C)(C)c(cc1)ccc1[Si](C)(C)O[<][>]}C[H]
PolymerLit-Olsen_processed/bigsmiles_si/bigsmiles_si_9.corrected.mol	C{[>][<[<]1]CC1=C(C[>[>]2])C(C)C(C([<[<]1])C1C)[>[>]2][<]}(C)(C)C	C{[>][<[<]1]CC1=C(C[>[>]2])C(C)C(C([<[<]1])C1C)[>[>]2][<]}(C)(C)C
PolymerLit-Olsen_processed/bigsmiles_si/bigsmiles_si_90.corrected.mol	C{[>][<]CC(OC(=O)CCC)[>][<]}C	[H]C{[<][>]C(OC(CCC)=O)C[<][>]}C[H]
PolymerLit-Olsen_processed/bigsmiles_si/bigsmiles_si_91.corrected.mol	C{[>][<]C(c1ccc(cc1)COCCCCCC)C[>][<]}C	[H]C{[<][>]C(c(cc1)ccc1COCCCCCC)C[<][>]}C[H]
PolymerLit-Olsen_processed/bigsmiles_si/bigsmiles_si_92.corrected.mol	C{[>][<]CC(c1ccc(cc1)CCCC)[>][<]}C	[H]C{[<][>]C(c(cc1)ccc1CCCC)C[<][>]}C[H]
PolymerLit-Olsen_processed/bigsmiles_si/bigsmiles_si_93.corrected.mol	C{[>][<]CC(C(=O)OC)[>][<]}C	[H]C{[<][>]C(C(OC)=O)C[<][>]}C[H]
PolymerLit-Olsen_processed/bigsmiles_si/bigsmiles_si_94.corrected.mol	C{[>][<]CC(OC(=O)CC)[>][<]}C	[H]C{[<][>]C(OC(CC)=O)C[<][>]}C[H]
PolymerLit-Olsen_processed/bigsmiles_si/bigsmiles_si_95.corrected.mol	C{[>][<]CC(C)(C(=O)OCC(CC)CC)[>][<]}C	[H]C{[<][>]C(C)(C(OCC(CC)CC)=O)C[<][>]}C[H]
PolymerLit-Olsen_processed/bigsmiles_si/bigsmiles_si_96.corrected.mol	C{[>][<]CC(c1c(OCCCCCCCC)cccc1)[>][<]}C	[H]C{[<][>]C(c(ccc1)c(c1)OCCCCCCCC)C[<][>]}C[H]
PolymerLit-Olsen_processed/bigsmiles_si/bigsmiles_si_97.corrected.mol	C{[>][<]CC=C(C(C)(C)C)C[>][<]}C	[H]CC{[<][>]C=C(C(C)(C)C)CC[<][>]}[H]
PolymerLit-Olsen_processed/bigsmiles_si/bigsmiles_si_98.corrected.mol	C{[>][<]CC(C)(C(=O)OCCCC)[>][<]}C	[H]C{[<][>]C(C)(C(OCCCC)=O)C[<][>]}C[H]
PolymerLit-Olsen_processed/bigsmiles_si/bigsmiles_si_99.corrected.mol	C{[>][<]CC(C)(C(=O)OCCOC)[>][<]}C	[H]C{[<][>]C(C)(C(OCCOC)=O)C[<][>]}C[H]
PolymerLit-Olsen_processed/canonicalization_manuscript/canonicalization_manuscript_1.corrected.mol	C{[>][<]C1=CC=C(C=C1)C1=NC=2C(N=C1)=CC=C(C2)C1=CC=2C(C=C1)=NC=C(N2)[>][<]}C	[H]C{[<][>]c(cnc4cc5)nc4cc5c(cc2)cc(c2n2)nc(c2)c(cc1)ccc1[<][>]}C[H]
PolymerLit-Olsen_processed/canonicalization_manuscript/canonicalization_manuscript_10.corrected.mol	OCCO{[>][<]CC(C)O[>],[<]CCO[>][<]}[H]	[H]O{[<][>]CCO[<],[>]C(C)CO[<][>]}CCO[H]
PolymerLit-Olsen_processed/canonicalization_manuscript/canonicalization_manuscript_11.corrected.mol	C{[>][<]CC(C)[>],[<]CC(C1=CC=CC=C1)[>][<]}C	[H]C{[<][>]C(C)C[<],[>]C(c(cc1)ccc1)C[<][>]}C[H]
PolymerLit-Olsen_processed/canonicalization_manuscript/canonicalization_manuscript_12.corrected.mol	C{[>][<]C/C=C/(C)C[>][<]}C	C{[>][<]C/C=C/(C)C[>][<]}C
PolymerLit-Olsen_processed/canonicalization_manuscript/canonicalization_manuscript_13.corrected.mol	C{[>][<]C[C@](C)C[C@@](C)[>][<]}C	[H]C{[<][>]C(C)CC(C)C[<][>]}C[H]
PolymerLit-Olsen_processed/canonicalization_manuscript/canonicalization_manuscript_14.corrected.mol	C{[>][<]SC=1C=CC(=CC1)[>][<]}C	[H]C{[<][>]c(cc1)ccc1S[<][>]}C[H]
PolymerLit-Olsen_processed/canonicalization_manuscript/canonicalization_manuscript_15.corrected.mol	C{[>][<]OCCOC(=O)C1=CC2=C(C=C1)C=C(C=C2)C(=O)[>][<]}C	[H]C{[<][>]OCCOC(=O)c(cc1)cc(c1c1)ccc1C(=O)[<][>]}C[H]
PolymerLit-Olsen_processed/canonicalization_manuscript/canonicalization_manuscript_16.corrected.mol	C{[>][<]C1=CC=CC(=C1)C(=O)C1=CC=CC(=C1)N1C(=O)C2=C(C1=O)C=CC(=C2)C(=O)C1=CC=C2C(=C1)C(=O)N(C2=O)[>][<]}C	[H]C{[<][>]c(ccc%14)cc%14C(=O)c(ccc7)cc7N(C(c3cc4)=O)C(=O)c3cc4C(=O)c(ccc1C2=O)cc1C(=O)N2[<][>]}C[H]
PolymerLit-Olsen_processed/canonicalization_manuscript/canonicalization_manuscript_17.corrected.mol	OCCO{[>][<]OC(C)C[>],[<]CCO[>][<]}[H]	[H]{[<][>]OCC[<],[>]CC(C)O[<][>]}OCCO[H]
PolymerLit-Olsen_processed/canonicalization_manuscript/canonicalization_manuscript_18.corrected.mol	C{[>][<]CC(C)[>][<]}C	[H]C{[<][>]C(C)C[<][>]}C[H]
PolymerLit-Olsen_processed/canonicalization_manuscript/canonicalization_manuscript_19.corrected.mol	OCCO{[>][<]CC(C)O[>],[<]CCO[>][<]}[H]	[H]O{[<][>]CCO[<],[>]C(C)CO[<][>]}CCO[H]
PolymerLit-Olsen_processed/canonicalization_manuscript/canonicalization_manuscript_2.corrected.mol	O{[>][<]C(=O)CCCCC(=O)NCCCCCCN[>][<]}[H]	[H]{[<][>]NCCCCCCNC(=O)CCCCC(=O)[<][>]}O[H]
PolymerLit-Olsen_processed/canonicalization_manuscript/canonicalization_manuscript_20.corrected.mol	C{[>][<]CC(C(=O)O{[>][<]CCO[>][<]}C)[>],[<]CC(C(=O)O)[>][<]}C	[H]C{[<][>]C(C(=O)O)C[<],[>]C(C(=O)OC{[<][>]COC[<][>]}[H])C[<][>]}C[H]
PolymerLit-Olsen_processed/canonicalization_manuscript/canonicalization_manuscript_21.corrected.mol	C{[>][<]OCCCOC(=O)NC1=CC(=C(C=C1)C)NC(=O)[>][<]}{[>][<]OCC{[>][<]OCC[>][<]}OC(=O)NC1=CC(=CC=C1C)NC(=O)[>][<]}C	{[][>1]C(=O)Nc(c(c1)C)cc(c1)NC(=O)OCCCO[<1];[H]C[<1],[H]CC(=O)Nc(ccc2C)cc2NC(=O)OCC{[<][>]OCC[<],[>]OC(=O)Nc(ccc2C)cc2NC(=O)OCC[<][>]}O[<1],[>1]C[H][]}
PolymerLit-Olsen_processed/canonicalization_manuscript/canonicalization_manuscript_3.corrected.mol	C{[>][<]CC[>][<]}{[>][<]CC(CC)[>][<]}C	[H]C{[<][>]CC[<][>]}C{[<][>]C(CC)C[<][>]}[H]
PolymerLit-Olsen_processed/canonicalization_manuscript/canonicalization_manuscript_4.corrected.mol	C{[>][<][Si](CC)(CC)O[>][<]}C	[H]C{[<][>][Si](CC)(CC)O[<][>]}C[H]
PolymerLit-Olsen_processed/canonicalization_manuscript/canonicalization_manuscript_5.corrected.mol	C{[>][<]CC(C(OCCOC(=O)C({[>][<]CC(C1=CC=CC=C1)[>][<]}C)(C)C)=O)(C)[>],[<]CC(C(=O)OC)[>][<]}C	[H]C{[<][>]C(C(OC)=O)C[<],[>]C(C)(C(=O)OCCOC(=O)C(C)(C)C{[<][>]C(c(cc2)ccc2)C[<][>]}[H])C[<][>]}C[H]
PolymerLit-Olsen_processed/canonicalization_manuscript/canonicalization_manuscript_6.corrected.mol	[H]{[>][<]OC(=O)OC(C)C[>][<]}OCC{[>][<]CC(C1=CC=CC=C1)[>][<]}C(CC)C	[H]O{[<][>]C(=O)OC(C)CO[<][>]}CC{[<][>]CC(c(cc1)ccc1)[<][>]}C(C)CC[H]
PolymerLit-Olsen_processed/canonicalization_manuscript/canonicalization_manuscript_7.corrected.mol	C{[>][<]{[>][<]C(C)CO[>][<]}C(=O)NC1=CC(=C(C=C1)C)NC(=O)NCCCCCCN{[>][<]C(=O)C1=CC=C(C=C1)C(=O)NCCCCCCN[>][<]}C(=O)NC1=CC(=CC=C1C)NC(=O)O[>][<]}C	{[][>1]c(cc4)ccc4C(=O)NCCCCCCNC(=O)[<1],[>1]Nc(c(c1)C)cc(c1)NC(=O)O{[<][>]C(C)CO[<][>]}{[<][>]C(C)CO[<][>]}C(=O)Nc(ccc2C)cc2NC(=O)NCCCCCCNC(=O)[<1];[H]CC[H],[H]C{[<][>]C(C)CO[<][>]}C(=O)Nc(ccc2C)cc2NC(=O)NCCCCCCNC(=O)[<1],[H]CC[H],[>1]Nc(c(c1)C)cc(c1)NC(=O)OC[H][]}
PolymerLit-Olsen_processed/canonicalization_manuscript/canonicalization_manuscript_8.corrected.mol	SCCC(O{[>][<]CC(C)O[>][<]}C(=O)CCS)=O	[H]SCCC(=O)O{[<][>]OC(C)C[<][>]}C(=O)CCS[H]
PolymerLit-Olsen_processed/canonicalization_manuscript/canonicalization_manuscript_9.corrected.mol	C{[>][<]SCCSC1CC2C(CC1C2)COC(=O)NC=1C(C)=CC=C(C1)CC(=O)OCC1C2CC(C(C2)C1)SCCC(=O){[>][<]OC(C)C[>][<]}OC(=O)CCSC1C2CC(C1)C(C2)COC(=O)NC=1C(C)=CC=C(C1)NC(=O)OCC1CC2C(CC1C2)[>][<]}C	{[][>1]CC(C)O[<1],[>1]C(=O)CCSC(C(C6)C7)CC7C6COC(=O)Cc(ccc3C)cc3NC(=O)OCC(C(C1)C2)CC2C1SCCSC(C(C%13)C%14)CC%14C%13COC(=O)Nc(ccc%13C)cc%13NC(=O)OCC(C(C%13)C%14)CC%14C%13SCCC(=O)O[<1];[H]CC(C(C%13)C%14)CC%14C%13COC(=O)Nc(ccc%13C)cc%13NC(=O)OCC(C(C%13)C%14)CC%14C%13SCCC(=O)O[<1],[H]CC[H],[H]CC[H],[>1]C(=O)CCSC(C(C6)C7)CC7C6COC(=O)Cc(ccc3C)cc3NC(=O)OCC(C(C1)C2)CC2C1SCCSC[H][]}
PolymerLit-Olsen_processed/canonicalization_si/canonicalization_si_1.corrected.mol	C{[>][<]C1=CC(=CC=C1)N1C(=O)C2=C(C1=O)C=CC(=C2)OC1=CC=C2C(=C1)C(=O)N(C2=O)C1=CC=CC(=C1)C1=CN(N=N1)CC1=CC=C(C=C1)CN1C=C(N=N1)[>][<]}C	[H]C{[<][>]c(nn%11)cn%11Cc(cc%11)ccc%11Cn(nn%11)cc%11c(ccc%11)cc%11N(C(c5cc6)=O)C(=O)c5cc6Oc(ccc2C3=O)cc2C(=O)N3c(ccc1)cc1[<][>]}C[H]
PolymerLit-Olsen_processed/canonicalization_si/canonicalization_si_10.corrected.mol	C{[>][<]CC(C(=O)OCCC)[>][<]}C	[H]C{[<][>]C(C(OCCC)=O)C[<][>]}C[H]
PolymerLit-Olsen_processed/canonicalization_si/canonicalization_si_11.corrected.mol	C{[>][<]CC1=CC=C(C=C1CC)C[>][<]}C	[H]CC{[<][>]c(cc1)cc(CC)c1CC[<][>]}[H]
PolymerLit-Olsen_processed/canonicalization_si/canonicalization_si_12.corrected.mol	C{[>][<]CC1=CC=C(C=C1)C[>][<]}C	[H]CC{[<][>]c(cc1)ccc1CC[<][>]}[H]
PolymerLit-Olsen_processed/canonicalization_si/canonicalization_si_13.corrected.mol	C{[>][<]OCCOC(=O)C1=C2C(C=CC=C2)=C(C=C1)C(=O)[>][<]}C	[H]C{[<][>]OCCOC(=O)c(c(c1cc2)cc2)ccc1C(=O)[<][>]}C[H]
PolymerLit-Olsen_processed/canonicalization_si/canonicalization_si_14.corrected.mol	C{[>][<]CC1=C(Cl)C=C(C=C1)C[>][<]}C	[H]CC{[<][>]c(cc1)cc(Cl)c1CC[<][>]}[H]
PolymerLit-Olsen_processed/canonicalization_si/canonicalization_si_15.corrected.mol	C{[>][<]CC(C)(C(=O)OC1CCCCC1)[>][<]}C	[H]C{[<][>]C(C(=O)OC(CC1)CCC1)(C)C[<][>]}C[H]
PolymerLit-Olsen_processed/canonicalization_si/canonicalization_si_16.corrected.mol	C{[>][<]CC(C1=C(C(=C(C(=C1F)F)F)F)F)[>][<]}C	[H]C{[<][>]C(c(c(F)c1F)c(c(c1F)F)F)C[<][>]}C[H]
PolymerLit-Olsen_processed/canonicalization_si/canonicalization_si_17.corrected.mol	C{[>][<]OC1=CC=C(C=C1)SC1=CC=C(C=C1)OC(=O)[>][<]}C	[H]C{[<][>]Oc(cc2)ccc2Sc(cc1)ccc1OC(=O)[<][>]}C[H]
PolymerLit-Olsen_processed/canonicalization_si/canonicalization_si_18.corrected.mol	C{[>][<]OC1=CC=C(C=C1C)C(C)(C)C1=CC=C(C(=C1)Cl)OC(=O)[>][<]}C	[H]C{[<][>]Oc(c(c2)C)ccc2C(C)(C)c(cc1)cc(Cl)c1OC(=O)[<][>]}C[H]
PolymerLit-Olsen_processed/canonicalization_si/canonicalization_si_19.corrected.mol	C{[>][<]OC1=CC=C(C=C1)C1(CCCC1)C1=CC=C(C=C1)OC(=O)[>][<]}C	[H]C{[<][>]Oc(cc4)ccc4C(CC2)(CC2)c(cc1)ccc1OC(=O)[<][>]}C[H]
PolymerLit-Olsen_processed/canonicalization_si/canonicalization_si_2.corrected.mol	C{[>][<]C1OCC(O1)COCC1COC(O1)C12C=CC(O2)C2C1C(=O)N(C2=O)C1=CC=C(C=C1)CC1=CC=C(C=C1)N1C(=O)C2C(C1=O)C1C=CC2(O1)[>][<]}C	[H]C{[<][>]C(OC%18%19)(C=C%18)C(C%19C%18=O)C(=O)N%18c(cc%18)ccc%18Cc(cc9)ccc9N(C(C4C5C=6)=O)C(=O)C4C(C=6)(O5)C(OC2)OC2COCC(CO1)OC1[<][>]}C[H]
PolymerLit-Olsen_processed/canonicalization_si/canonicalization_si_20.corrected.mol	C{[>][<]C=1C=C(C=CC1)C(=O)C=1C=C(C=CC1)N1C(=O)C=2C(C1=O)=CC=C(C2)OC1=CC=C(C=C1)SC1=CC=C(C=C1)OC=1C=CC2=C(C1)C(=O)N(C2=O)[>][<]}C	[H]C{[<][>]N(C(c%18cc%19)=O)C(=O)c%18cc%19Oc(cc%18)ccc%18Sc(cc9)ccc9Oc(ccc4C5=O)cc4C(=O)N5c(ccc2)cc2C(=O)c(ccc1)cc1[<][>]}C[H]
PolymerLit-Olsen_processed/canonicalization_si/canonicalization_si_21.corrected.mol	C{[>][<]C=1C=CC=C(C1)C(=O)C=1C=CC=C(C1)N1C(=O)C=2C(C1=O)=CC=C(C2)C(C(F)(F)F)(C(F)(F)F)C=1C=CC2=C(C1)C(=O)N(C2=O)[>][<]}C	[H]C{[<][>]c(ccc%14)cc%14C(=O)c(ccc7)cc7N(C(c3cc4)=O)C(=O)c3cc4C(C(F)(F)F)(C(F)(F)F)c(ccc1C2=O)cc1C(=O)N2[<][>]}C[H]
PolymerLit-Olsen_processed/canonicalization_si/canonicalization_si_22.corrected.mol	C{[>][<]C1=NC2=C(C(=C1)C1=CC=CC=C1)C=C(C=C2)OC1=CC=C2N=C(C=C(C2=C1)C1=CC=CC=C1)C1=CC=C(C=C1)[>][<]}C	[H]C{[<][>]c(cc9)ccc9c(cc(-c(cc4)ccc4)c4cc5Oc(cc1c(c2)-c(cc3)ccc3)ccc1nc2[<])nc4cc5[>]}C[H]
PolymerLit-Olsen_processed/canonicalization_si/canonicalization_si_23.corrected.mol	C{[>][<]OC1=CC=C(C=C1)C1(OC(C2=C1C=CC=C2)=O)C1=CC=C(C=C1)OC(=O)C1=CC=C(C=C1)C1(OC(C2=C1C=CC=C2)=O)C1=CC=C(C=C1)C(=O)[>][<]}C	[H]C{[<][>]Oc(cc%16)ccc%16C(OC%16=O)(c(c%16c%16)ccc%16)c(cc8)ccc8OC(=O)c(cc4)ccc4C(OC2=O)(c(c2c2)ccc2)c(cc1)ccc1C(=O)[<][>]}C[H]
PolymerLit-Olsen_processed/canonicalization_si/canonicalization_si_24.corrected.mol	C{[>][<]C1=C(C2=CC=CC=C2)C(C2=CC=CC=C2)=C2C(=N1)C=CC(=C2)OC1=CC=C2N=C(C(=C(C2=C1)C1=CC=CC=C1)C1=CC=CC=C1)C1=CC=C(C=C1)[>][<]}C	[H]C{[<][>]c(cc9)ccc9c(c(-c(cc4)ccc4)c(-c(cc4)ccc4)c4cc5Oc(cc1c(c2-c(cc3)ccc3)-c(cc3)ccc3)ccc1nc2[<])nc4cc5[>]}C[H]
PolymerLit-Olsen_processed/canonicalization_si/canonicalization_si_25.corrected.mol	C{[>][<]C1=C(C2=CC=CC=C2)C(C2=CC=CC=C2)=C2C(=N1)C=CC(=C2)OC1=CC=C2C(=C1)C(C1=CC=CC=C1)=C(C1=CC=CC=C1)C(=N2)C1=CC=C(C=C1)C1=CC=C(C=C1)[>][<]}C	[H]C{[<][>]c(cc%18)ccc%18c(cc9)ccc9c(c(-c(cc4)ccc4)c(-c(cc4)ccc4)c4cc5Oc(cc1c(c2-c(cc3)ccc3)-c(cc3)ccc3)ccc1nc2[<])nc4cc5[>]}C[H]
PolymerLit-Olsen_processed/canonicalization_si/canonicalization_si_26.corrected.mol	C{[>][<]C1=CC=C(C=C1)C1=NC=2C(N=C1)=CC=C(C2)C1=CC=2C(C=C1)=NC=C(N2)[>][<]}C	[H]C{[<][>]c(cnc4cc5)nc4cc5c(cc2)cc(c2n2)nc(c2)c(cc1)ccc1[<][>]}C[H]
PolymerLit-Olsen_processed/canonicalization_si/canonicalization_si_27.corrected.mol	C{[>][<]CC(C)(C(=O)OC1CCCCC1)[>][<]}C	[H]C{[<][>]C(C(=O)OC(CC1)CCC1)(C)C[<][>]}C[H]
PolymerLit-Olsen_processed/canonicalization_si/canonicalization_si_28.corrected.mol	C{[>][<]OC1=CC=C(C=C1)C1(OC(C2=C1C=CC=C2)=O)C1=CC=C(C=C1)OC(=O)C1=CC=C(C=C1)C1(OC(C2=C1C=CC=C2)=O)C1=CC=C(C=C1)C(=O)[>][<]}C	[H]C{[<][>]Oc(cc%16)ccc%16C(OC%16=O)(c(c%16c%16)ccc%16)c(cc8)ccc8OC(=O)c(cc4)ccc4C(OC2=O)(c(c2c2)ccc2)c(cc1)ccc1C(=O)[<][>]}C[H]
PolymerLit-Olsen_processed/canonicalization_si/canonicalization_si_29.corrected.mol	[H]{[>][<]OC(=O)OC(C)C[>][<]}OCC{[>][<]CC(C1=CC=CC=C1)[>][<]}C(CC)C	[H]O{[<][>]C(=O)OC(C)CO[<][>]}CC{[<][>]CC(c(cc1)ccc1)[<][>]}C(C)CC[H]
PolymerLit-Olsen_processed/canonicalization_si/canonicalization_si_3.corrected.mol	OCCO{[>][<]CC(C)O[>],[<]CCO[>][<]}[H]	[H]O{[<][>]CCO[<],[>]C(C)CO[<][>]}CCO[H]
PolymerLit-Olsen_processed/canonicalization_si/canonicalization_si_30.corrected.mol	CCC({[>][<]CC(C1CCCCC1)[>][<]}{[>][<]CCCC[>],[<]CC(CC)[>][<]}[H])C	[H]{[<][>]CCCC[<],[>]C(CC)C[<][>]}{[<][>]C(C(CC1)CCC1)C[<][>]}C(C)CC[H]
PolymerLit-Olsen_processed/canonicalization_si/canonicalization_si_31.corrected.mol	CCC({[>][<]CC(CC)(C)[>],[<]CCC(C)C[>],[<]CC(C(C)C)[>][<]}{[>][<][Si](C)(C)O[>][<]}[Si](C)(C)C)C	[H]C{[<][>][Si](C)(C)O[<][>]}[Si](C)(C){[<][>]C(C(C)C)C[<],[>]CC(C)CC[<],[>]C(C)(CC)C[<][>]}C(C)CC[H]
PolymerLit-Olsen_processed/canonicalization_si/canonicalization_si_32.corrected.mol	C{[>][<]OC(C)C(=O)OC(C)C(=O)[>][<]}OCC{[>][<]CC(C)(C=C)[>],[<]CC=C(C)C[>],[<]CC(C(=C)C)[>][<]}C(CC)C	[H]CO{[<][>]C(C)C(=O)OC(C)C(=O)O[<][>]}CC{[<][>]CC(C(=C)C)[<],[>]CC(C)(C=C)[<],[>]CC=C(C)C[<][>]}C(C)CC[H]
PolymerLit-Olsen_processed/canonicalization_si/canonicalization_si_33.corrected.mol	C{[>][<[<]1]C1=C(C)C=C2C(=C1[>[>]2])C1CC2C(C1[<[<]1])[>[>]2][<]}(C)(C)C	C{[>][<[<]1]C1=C(C)C=C2C(=C1[>[>]2])C1CC2C(C1[<[<]1])[>[>]2][<]}(C)(C)C
PolymerLit-Olsen_processed/canonicalization_si/canonicalization_si_34.corrected.mol	C{[>][<]CC(C(OCCOC(=O)C({[>][<]CC(C1=CC=CC=C1)[>][<]}C)(C)C)=O)(C)[>],[<]CC(C(=O)OC)(C)[>][<]}C	[H]C{[<][>]C(C)(C(OC)=O)C[<],[>]C(C)(C(=O)OCCOC(=O)C(C)(C)C{[<][>]C(c(cc2)ccc2)C[<][>]}[H])C[<][>]}C[H]
PolymerLit-Olsen_processed/canonicalization_si/canonicalization_si_35.corrected.mol	COCCO{[>][<]C(=O)CCCCCO[>],[<]C(O{[>][<]CCO[>][<]}C)CCCCCO[>][<]}[H]	[H]COCCO{[<][>]C(=O)CCCCCO[<],[>]C(CCCCCO[<])OC{[<][>]COC[<][>]}[H][>]}[H]
PolymerLit-Olsen_processed/canonicalization_si/canonicalization_si_36.corrected.mol	C{[>][<]CC(C1=CC=C(C=C1)CCCC{[>][<]OCC[>][<]}N)[>],[<]CC(C1=CC=CC=C1)[>][<]}C	[H]C{[<][>]C(c(cc1)ccc1)C[<],[>]C(c(cc2)ccc2CCCC{[<][>]OCC[<][>]}N[H])C[<][>]}C[H]
PolymerLit-Olsen_processed/canonicalization_si/canonicalization_si_37.corrected.mol	C{[>][<]CC(C1=CC=C(C=C1)CCCC{[>][<]OCC[>][<]}C(=O)O)[>],[<]CC(C1=CC=CC=C1)[>][<]}C	[H]C{[<][>]C(c(cc1)ccc1)C[<],[>]C(c(cc2)ccc2CCCC{[<][>]OCC[<][>]}C(=O)O[H])C[<][>]}C[H]
PolymerLit-Olsen_processed/canonicalization_si/canonicalization_si_38.corrected.mol	C{[>][<]CC(C(OCCOC(=O)C({[>][<]CC(C1=CC=CC=C1)[>][<]}C)(C)C)=O)(C)[>],[<]CC(C(=O)OC)(C)[>][<]}C	[H]C{[<][>]C(C)(C(OC)=O)C[<],[>]C(C)(C(=O)OCCOC(=O)C(C)(C)C{[<][>]C(c(cc2)ccc2)C[<][>]}[H])C[<][>]}C[H]
PolymerLit-Olsen_processed/canonicalization_si/canonicalization_si_39.corrected.mol	C{[>][<]{[>][<]C(=O)NC1=CC=C(C=C1)CC1=CC=C(C=C1)NC(=O)NCCN[>][<]}C(=O)NC1=CC=C(C=C1)CC1=CC=C(C=C1)NC(=O)O{[>][<]CC(C)O[>][<]}[>][<]}C	{[][>1]C(=O)NCCNC(=O)Nc(cc2)ccc2Cc(cc1)ccc1N[<1],[>1]C(=O)O{[<][>]C(C)CO[<][>]}{[<][>]C(C)CO[<][>]}C(=O)Nc(cc2)ccc2Cc(cc1)ccc1N[<1],[>1]C(=O)O{[<][>]C(C)CO[<][>]}{[<][>]C(C)CO[<][>]}{[<][>]C(C)CO[<][>]}C(=O)Nc(cc2)ccc2Cc(cc1)ccc1N[<1];[H]CC[H],[H]CO{[<][>]C(C)CO[<][>]}C(=O)Nc(cc2)ccc2Cc(cc1)ccc1N[<1],[H]CC[H],[>1]C(=O)C[H][]}
PolymerLit-Olsen_processed/canonicalization_si/canonicalization_si_4.corrected.mol	CCC({[>][<]CC(C1=CC=CC=C1)[>][<]}{[>][<]CC(C1=NC=CC=C1)[>][<]}C)C	[H]{[<][>]CC(c(nc4)ccc4)[<][>]}C{[<][>]C(c(cc1)ccc1)C[<][>]}C(C)CC[H]
PolymerLit-Olsen_processed/canonicalization_si/canonicalization_si_40.corrected.mol	C{[>][<]C(=O)NC1=CC=C(C=C1)CC1=CC=C(C=C1)NC(=O)NCCC{[>][<][Si](C)(C)O[>][<]}[Si](C)(C)CCCN[>][<]}C	{[][>1]O[Si](C)(C)[<1],[>1]CCCNC(=O)Nc(cc2)ccc2Cc(cc1)ccc1NC(=O)NCCC[Si](C)(C)[<1];[H]CNCCC[Si](C)(C)[<1],[H]CC[H],[H]CC[H],[>1]CCCNC(=O)Nc(cc2)ccc2Cc(cc1)ccc1NC(=O)C[H][]}
PolymerLit-Olsen_processed/canonicalization_si/canonicalization_si_41.corrected.mol	C{[>][<]NNC(=O)C(=O)NCCC[Si](C)(C){[>][<]O[Si](C)(C)[>][<]}CCCNC(=O)C(=O)NNC(=O)NC1CCC(CC1)CC1CCC(CC1)NC(=O)[>][<]}C	{[][>1]O[Si](C)(C)[<1],[>1]CCCNC(=O)C(=O)NNC(=O)NC(CC2)CCC2CC(CC1)CCC1NC(=O)NNC(=O)C(=O)NCCC[Si](C)(C)[<1];[H]CNNC(=O)C(=O)NCCC[Si](C)(C)[<1],[H]CC[H],[H]CC[H],[>1]CCCNC(=O)C(=O)NNC(=O)NC(CC2)CCC2CC(CC1)CCC1NC(=O)C[H][]}
PolymerLit-Olsen_processed/canonicalization_si/canonicalization_si_42.corrected.mol	C{[>][<]C(=O)NC1CCC(CC1)CC1CCC(CC1)NC(=O)NCCC{[>][<][Si](C)(C)O[>][<]}[Si](C)(C)CCCN[>][<]}C	{[][>1]O[Si](C)(C)[<1],[>1]CCCNC(=O)NC(CC2)CCC2CC(CC1)CCC1NC(=O)NCCC[Si](C)(C)[<1];[H]CNCCC[Si](C)(C)[<1],[H]CC[H],[H]CC[H],[>1]CCCNC(=O)NC(CC2)CCC2CC(CC1)CCC1NC(=O)C[H][]}
PolymerLit-Olsen_processed/canonicalization_si/canonicalization_si_43.corrected.mol	C{[>][<]{[>][<]C(=O)NC1=CC=C(C=C1)CC1=CC=C(C=C1)NC(=O)NCCN[>][<]}C(=O)NC1=CC=C(C=C1)CC1=CC=C(C=C1)NC(=O)O{[>][<]CC(C)O[>][<]}[>][<]}C	{[][>1]C(=O)NCCNC(=O)Nc(cc2)ccc2Cc(cc1)ccc1N[<1],[>1]C(=O)O{[<][>]C(C)CO[<][>]}{[<][>]C(C)CO[<][>]}C(=O)Nc(cc2)ccc2Cc(cc1)ccc1N[<1],[>1]C(=O)O{[<][>]C(C)CO[<][>]}{[<][>]C(C)CO[<][>]}{[<][>]C(C)CO[<][>]}C(=O)Nc(cc2)ccc2Cc(cc1)ccc1N[<1];[H]CC[H],[H]CO{[<][>]C(C)CO[<][>]}C(=O)Nc(cc2)ccc2Cc(cc1)ccc1N[<1],[H]CC[H],[>1]C(=O)C[H][]}
PolymerLit-Olsen_processed/canonicalization_si/canonicalization_si_44.corrected.mol	C{[>][<]NNC(=O)C(=O)NCCC[Si](C)(C){[>][<]O[Si](C)(C)[>][<]}CCCNC(=O)C(=O)NNC(=O)NC1CCC(CC1)CC1CCC(CC1)NC(=O)[>][<]}C	{[][>1]O[Si](C)(C)[<1],[>1]CCCNC(=O)C(=O)NNC(=O)NC(CC2)CCC2CC(CC1)CCC1NC(=O)NNC(=O)C(=O)NCCC[Si](C)(C)[<1];[H]CNNC(=O)C(=O)NCCC[Si](C)(C)[<1],[H]CC[H],[H]CC[H],[>1]CCCNC(=O)C(=O)NNC(=O)NC(CC2)CCC2CC(CC1)CCC1NC(=O)C[H][]}
PolymerLit-Olsen_processed/canonicalization_si/canonicalization_si_45.corrected.mol	C{[>][<[<]1]C=1C(C)=C2C(=C(C1[>[>]2])C)C1C2C2CC1C([<[<]1])C2[>[>]2][<]}(C)(C)C	C{[>][<[<]1]C=1C(C)=C2C(=C(C1[>[>]2])C)C1C2C2CC1C([<[<]1])C2[>[>]2][<]}(C)(C)C
PolymerLit-Olsen_processed/canonicalization_si/canonicalization_si_46.corrected.mol	C{[>][<[<]1]C=1C(N(C)C)=C2C(=C(C1[>[>]2])C)C1C2C2CC1C([<[<]1])C2[>[>]2][<]}(C)(C)C	C{[>][<[<]1]C=1C(N(C)C)=C2C(=C(C1[>[>]2])C)C1C2C2CC1C([<[<]1])C2[>[>]2][<]}(C)(C)C
PolymerLit-Olsen_processed/canonicalization_si/canonicalization_si_47.corrected.mol	C{[>][<[<]1]C=1C(OCCCCCCCC)=C2C(=C(C1[>[>]2])OCCCCCCCC)C1C2C2CC1C([<[<]1])C2[>[>]2][<]}(C)(C)C	C{[>][<[<]1]C=1C(OCCCCCCCC)=C2C(=C(C1[>[>]2])OCCCCCCCC)C1C2C2CC1C([<[<]1])C2[>[>]2][<]}(C)(C)C
PolymerLit-Olsen_processed/canonicalization_si/canonicalization_si_5.corrected.mol	C{[>][<]CC(C(=O)O{[>][<]CCO[>][<]}C)[>],[<]CC(C(=O)O)[>][<]}C	[H]C{[<][>]C(C(=O)O)C[<],[>]C(C(=O)OC{[<][>]COC[<][>]}[H])C[<][>]}C[H]
PolymerLit-Olsen_processed/canonicalization_si/canonicalization_si_6.corrected.mol	C{[>][<]OCCCOC(=O)NC1=CC(=C(C=C1)C)NC(=O)[>][<]}{[>][<]OCC{[>][<]OCC[>][<]}OC(=O)NC1=CC(=CC=C1C)NC(=O)[>][<]}C	{[][>1]C(=O)Nc(c(c1)C)cc(c1)NC(=O)OCCCO[<1];[H]C[<1],[H]CC(=O)Nc(ccc2C)cc2NC(=O)OCC{[<][>]OCC[<],[>]OC(=O)Nc(ccc2C)cc2NC(=O)OCC[<][>]}O[<1],[>1]C[H][]}
PolymerLit-Olsen_processed/canonicalization_si/canonicalization_si_7.corrected.mol	C{[>][<][Si](CC)(CC)O[>][<]}C	[H]C{[<][>][Si](CC)(CC)O[<][>]}C[H]
PolymerLit-Olsen_processed/canonicalization_si/canonicalization_si_8.corrected.mol	C{[>][<]CC=C(C)C[>],[<]CC(C(C)=C)[>],[<]CC(C)(C=C)[>][<]}C	[H]C{[<][>]C(C(=C)C)C[<],[>]C(C)(C=C)C[<],[>]CC(C)=CC[<][>]}C[H]
PolymerLit-Olsen_processed/canonicalization_si/canonicalization_si_9.corrected.mol	C{[>][<]OCCCCOC(=O)CCCCC(=O)[>][<]}C	[H]C{[<][>]OCCCCOC(=O)CCCCC(=O)[<][>]}C[H]
PolymerLit-Olsen_processed/non-covalent_manuscript/non-covalent_manuscript_1.corrected.mol	C{[>][<]C#CC=1C(C)=CC(=C(C)C1)[>][<]}C	[H]C{[<][>]c(c(c1)C)cc(C)c1C#C[<][>]}C[H]
PolymerLit-Olsen_processed/non-covalent_manuscript/non-covalent_manuscript_10.corrected.mol	C{[>][<]CC(C1=CC=C(C=C1)[C-1])[>][<]}C.[Na+1]	C{[>][<]CC(C1=CC=C(C=C1)[C-1])[>][<]}C.[Na+1]
PolymerLit-Olsen_processed/non-covalent_manuscript/non-covalent_manuscript_2.corrected.mol	C{[>][<]CC(C(NCCC[N+1](C)(C)C)=O)[>][<]}C	[H]C{[<][>]C(C(NCCC[N+](C)(C)C)=O)C[<][>]}C[H]
PolymerLit-Olsen_processed/non-covalent_manuscript/non-covalent_manuscript_3.corrected.mol	C{[>][<]CC(C(=O)[O-1])[>][<]}{[>][<]CC(C(=O)O[H])[>][<]}C	[H]{[<][>]CC(C(=O)O)[<][>]}C{[<][>]C(C(=O)[O-])C[<][>]}C[H]
PolymerLit-Olsen_processed/non-covalent_manuscript/non-covalent_manuscript_4.corrected.mol	C{[>][<]CC(C(=O)[O-1])[>][<]}{[>][<]CC(C(O[H])=O)[>][<]}C	[H]{[<][>]CC(C(=O)O)[<][>]}C{[<][>]C(C(=O)[O-])C[<][>]}C[H]
PolymerLit-Olsen_processed/non-covalent_manuscript/non-covalent_manuscript_5.corrected.mol	C{[>][<]CC(C(=O)NC(C)C)[>][<]}C	[H]C{[<][>]C(C(NC(C)C)=O)C[<][>]}C[H]
PolymerLit-Olsen_processed/non-covalent_manuscript/non-covalent_manuscript_6.corrected.mol	C{[>][<]CC(C1=CC=NC=C1)[>][<]}C	[H]C{[<][>]C(c(cc1)ccn1)C[<][>]}C[H]
PolymerLit-Olsen_processed/non-covalent_manuscript/non-covalent_manuscript_7.corrected.mol	C{[>][<]CC(C(NC(C)C)=O)[>][<]}C	[H]C{[<][>]C(C(NC(C)C)=O)C[<][>]}C[H]
PolymerLit-Olsen_processed/non-covalent_manuscript/non-covalent_manuscript_8.corrected.mol	C{[>][<]N[C@](C(C)C)C(=O)N1[C@](CCC1)C(=O)NCC(=O)N[C@](CCCC[N+1])C(=O)NCC(=O)[>][<]}C	[H]C{[<][>]NC(C(C)C)C(=O)N(CC4)C(C4)C(=O)NCC(=O)NC(CCCC[NH3+])C(=O)NCC(=O)[<][>]}C[H]
PolymerLit-Olsen_processed/non-covalent_manuscript/non-covalent_manuscript_9.corrected.mol	C{[>][<]CC1C(C[N+1](C1)(C)C)C[>][<]}C.[Cl-1]	C{[>][<]CC1C(C[N+1](C1)(C)C)C[>][<]}C.[Cl-1]
PolymerLit-Olsen_processed/non-covalent_si/non-covalent_si_1.corrected.mol	C{[>][<]CC(C)(C(=O)OCC[S+1](C)CCCS(=O)(=O)[O-1])[>][<]}C	[H]C{[<][>]C(C)(C(OCC[S+](C)CCCS(=O)(=O)[O-])=O)C[<][>]}C[H]
PolymerLit-Olsen_processed/non-covalent_si/non-covalent_si_10.corrected.mol	CC(NN{[>][<]C(=O)CC(=O)NNC(=O)C1=CC(=C(C=C1C)C)C(=O)NN[>][<]}C(=O)CC(=O)NC)=O	[H]CNC(=O)CC(=O)NNC(=O){[<][>]c(c(c1)C)cc(c1C)C(=O)NNC(=O)CC(=O)NNC(=O)[<][>]}C[H]
PolymerLit-Olsen_processed/non-covalent_si/non-covalent_si_11.corrected.mol	C{[>][<]CC(C(N([H])[H])=O)[>][<]}C	[H]C{[<][>]C(C(N)=O)C[<][>]}C[H]
PolymerLit-Olsen_processed/non-covalent_si/non-covalent_si_12.corrected.mol	C{[>][<]CC(C1=CC=CC=C1)[>][<]}{[>][<]CC(C1=CC=C(C=C1)COC({[>][<]CC[>][<]}C(=O)NC1=NC2=C(C=CC(=N2)N(C(=O)C)[H])C=C1)=O)[>][<]}C	{[][>3]CC(c(cc2)ccc2)[<3],[>3]C{[<2][>2]C(c(cc8)ccc8COC(=O)[<1])C[<2][>2]}C(c(cc8)ccc8COC(=O)[H])C[H],[>1]CC[<1];[H]C[<3],[>3]C[H],[>1]C(=O)NC(C=C4)=NC(C4C=4)N=C(C=4)NC(=O)C[H][]}
PolymerLit-Olsen_processed/non-covalent_si/non-covalent_si_13.corrected.mol	C{[>][<]C(C)(C(=O)OCCCC)C[>][<]}{[>][<]C(C(=O)OCCOC(=O)CCC(=O)OC[C@@]1O[C@@](C2OC(OC12)(C)C)N1C=2N=C(NC(C2N=C1)=O)NC(=O)NCCCC)(C)C[>][<]}C	C{[>][<]C(C)(C(=O)OCCCC)C[>][<]}{[>][<]C(C(=O)OCCOC(=O)CCC(=O)OC[C@@]1O[C@@](C2OC(OC12)(C)C)N1C=2N=C(NC(C2N=C1)=O)NC(=O)NCCCC)(C)C[>][<]}C
PolymerLit-Olsen_processed/non-covalent_si/non-covalent_si_14.corrected.mol	O=C(OCC1=CC(=CC(=C1)C1=CC=NC=C1)C1=CC=NC=C1)COC{[>][<]COC[>][<]}COCC(OCC=1C=C(C2=CC=NC=C2)C=C(C1)C=1C=CN=CC1)=O	[H]c(cn8)c(cc8)c(cc(-c(cc4)ccn4)c4)cc4COC(=O)COCCOC{[<][>]COC[<][>]}C(=O)OCc(cc(-c(cc2)ccn2)c2)cc2c(ccn1)c(c1)[H]
PolymerLit-Olsen_processed/non-covalent_si/non-covalent_si_15.corrected.mol	CC1=C(C=C(C2=CC=NC=C2)S1)C1=C(CC(C2=CC=C(C=C2)O{[>][<]CCO[>][<]}CCOC2=CC=C(C=C2)C2CC(=C(C2)C2=C(SC(=C2)C2=CC=NC=C2)C)C2=C(SC(=C2)C2=CC=NC=C2)C)C1)C=2C=C(C3=CC=NC=C3)SC2C	CC1=C(C=C(C2=CC=NC=C2)S1)C1=C(CC(C2=CC=C(C=C2)O{[>][<]CCO[>][<]}CCOC2=CC=C(C=C2)C2CC(=C(C2)C2=C(SC(=C2)C2=CC=NC=C2)C)C2=C(SC(=C2)C2=CC=NC=C2)C)C1)C=2C=C(C3=CC=NC=C3)SC2C
PolymerLit-Olsen_processed/non-covalent_si/non-covalent_si_16.corrected.mol	C[C@@]12C(C=C(S1)C1=CC=NC=C1)=C1C(CC(C3=CC=C(C=C3)O{[>][<]CCO[>][<]}CCOC3=CC=C(C=C3)C3CC4=C5C=C(S[C@@]5([C@]5(SC(=CC5=C4C3)C3=CC=NC=C3)C)C)C3=CC=NC=C3)C1)=C3C=C(C4=CC=NC=C4)S[C@]32C	C[C@@]12C(C=C(S1)C1=CC=NC=C1)=C1C(CC(C3=CC=C(C=C3)O{[>][<]CCO[>][<]}CCOC3=CC=C(C=C3)C3CC4=C5C=C(S[C@@]5([C@]5(SC(=CC5=C4C3)C3=CC=NC=C3)C)C)C3=CC=NC=C3)C1)=C3C=C(C4=CC=NC=C4)S[C@]32C
PolymerLit-Olsen_processed/non-covalent_si/non-covalent_si_17.corrected.mol	C{[>][<]=CC1CC(C(=O)OC)C(C1)/C=[>][<]}{[>][<]=C\C1CC(C(=O)O{[>][<]C[>][<]}OC2=CC(=CC(=C2)CSC2=CC=CC=C2)CSC2=CC=CC=C2)C(C1)C=[>][<]}C	[H]C{[<][>]CC(CC2C(=O)O{[<][>]C[<][>]}Oc(cc(CSc(cc%16)ccc%16)c%16)cc%16CSc(cc8)c(cc8)[H])C(C2)C[<][>]}C{[<][>]C(C(C4)C(OC)=O)CC4CC[<][>]}[H]
PolymerLit-Olsen_processed/non-covalent_si/non-covalent_si_18.corrected.mol	CCSC(S{[>][<]C(C(=O)NCCCNC(=O)C(CC1=CNC=N1)N)(C)C[>][<]}{[>][<]CC(C(=O)N(C)C)[>][<]}C(C)(C)C(=O)O)=S	CCSC(S{[>][<]C(C(=O)NCCCNC(=O)C(CC1=CNC=N1)N)(C)C[>][<]}{[>][<]CC(C(=O)N(C)C)[>][<]}C(C)(C)C(=O)O)=S
PolymerLit-Olsen_processed/non-covalent_si/non-covalent_si_19.corrected.mol	C{[>][<]C{[>][<]CC[>][<]}OC1=C(C(=O)O)C=C(C(=C1)C(=O)O)O[>][<]}C	{[][>1]CC[<1],[>1]Oc(c(c1)C(=O)O)cc(C(=O)O)c1OC[<1];[H]CC[<1],[H]CC[H],[H]CC[H],[>1]Oc(c(c1)C(=O)O)cc(C(=O)O)c1OC[H][]}
PolymerLit-Olsen_processed/non-covalent_si/non-covalent_si_2.corrected.mol	C{[>][<]CC(C)(C(OCCOP([O-1])(=O)OCC[N+1](C)(C)C)=O)[>][<]}C	[H]C{[<][>]C(C(=O)OCCOP(=O)([O-])OCC[N+](C)(C)C)(C)C[<][>]}C[H]
PolymerLit-Olsen_processed/non-covalent_si/non-covalent_si_20.corrected.mol	C{[>][<]OC1C(COC)OC([C@@]([C@@]1O)[N+1](C)C)O[C@@]1C(CO)OC(C([C@@]1OC)[N+1](C)(C)C)[>][<]}C.[Cl-1]	C{[>][<]OC1C(COC)OC([C@@]([C@@]1O)[N+1](C)C)O[C@@]1C(CO)OC(C([C@@]1OC)[N+1](C)(C)C)[>][<]}C.[Cl-1]
PolymerLit-Olsen_processed/non-covalent_si/non-covalent_si_21.corrected.mol	C{[>][<]OC1C(C(=O)[O-1])OC([C@@]([C@@]1O)OC)O[C@@]1C(COC)OC(C([C@@]1O)NOC)[>][<]}C.[Na+1].[Na+1]	C{[>][<]OC1C(C(=O)[O-1])OC([C@@]([C@@]1O)OC)O[C@@]1C(COC)OC(C([C@@]1O)NOC)[>][<]}C.[Na+1].[Na+1]
PolymerLit-Olsen_processed/non-covalent_si/non-covalent_si_22.corrected.mol	C{[>][<]{[>][<]N[C@@](C)C(=O)[>][<]}NCC{[>][<]OCC[>][<]}N{[>][<]C(=O)[C@](C)N[>][<]}C(=O)CO{[>][<]CCO[>][<]}CC(=O)[>][<]}C	{[][>1]NC(=O)C(C)[<1],[>1]NC(=O)COC{[<][>]COC[<][>]}C(=O)N{[<][>]C(C)C(=O)N[<][>]}C{[<][>]COC[<][>]}C[<1];[H]CC[H],[H]CC(=O)COC{[<][>]COC[<][>]}{[<][>]COC[<][>]}C(=O)N{[<][>]C(C)C(=O)N[<][>]}C{[<][>]COC[<][>]}C[<1],[H]CC[H],[>1]NC[H][]}
PolymerLit-Olsen_processed/non-covalent_si/non-covalent_si_23.corrected.mol	C{[>][<]CC(N1CCCC1=O)[>][<]}C	[H]C{[<][>]C(N(CC1)C(C1)=O)C[<][>]}C[H]
PolymerLit-Olsen_processed/non-covalent_si/non-covalent_si_3.corrected.mol	C{[>][<]=CC1OC(C2C1C(N(C2=O)CC[N+1](C)(C)CCCS(=O)(=O)[O-1])=O)C=[>][<]}C	[H]CC{[<][>]C(C(C1C2=O)C(N2CC[N+](C)(C)CCCS(=O)(=O)[O-])=O)OC1CC[<][>]}[H]
PolymerLit-Olsen_processed/non-covalent_si/non-covalent_si_4.corrected.mol	C{[>][<]CC(C)(C(=O)OCC[N+1](CCC(=O)[O-1])(C)C)[>][<]}C	[H]C{[<][>]C(C(=O)OCC[N+](C)(C)CCC(=O)[O-])(C)C[<][>]}C[H]
PolymerLit-Olsen_processed/non-covalent_si/non-covalent_si_5.corrected.mol	C{[>][<]CC(C)(C(OCC(C[N+1](C)(C)C(=O)[O-1])O)=O)[>][<]}C	[H]C{[<][>]C(C(=O)OCC(O)C[N+](C)(C)C(=O)[O-])(C)C[<][>]}C[H]
PolymerLit-Olsen_processed/non-covalent_si/non-covalent_si_6.corrected.mol	C{[>][<]C1=CC=C(C2=NSN=C12)C1=CC(CCCC[N+1](CCS(=O)(=O)[O-1])(C)C)=C(S1)[>][<]}C	[H]C{[<][>]c(cc2)c(ns3)c(n3)c2c(cc1CCCC[N+](CCS(=O)(=O)[O-])(C)C)sc1[<][>]}C[H]
PolymerLit-Olsen_processed/non-covalent_si/non-covalent_si_7.corrected.mol	C{[>][<]CC(C)(C(NCCC[N+1](C)(C)CCCCCC(=O)[O-1])=O)[>][<]}C	[H]C{[<][>]C(C(=O)NCCC[N+](C)(C)CCCCCC(=O)[O-])(C)C[<][>]}C[H]
PolymerLit-Olsen_processed/non-covalent_si/non-covalent_si_8.corrected.mol	C{[>][<]CC(C)(C(=O)OCC(COC(=O)CCSC[C@@](C(=O)[O-1])[N+1])O)[>][<]}C	[H]C{[<][>]C(C(=O)OCC(O)COC(=O)CCSCC([NH3+])C(=O)[O-])(C)C[<][>]}C[H]
PolymerLit-Olsen_processed/non-covalent_si/non-covalent_si_9.corrected.mol	C{[>][<]=CC1OC(C(C1C(=O)[O-1])C(=O)NCC[N+1](CCC(F)(F)C(F)(C(F)(C(F)(C(C(F)(F)F)(F)F)F)F)F)(C)C)C=[>][<]}C	[H]CC{[<][>]C(C(C1C(NCC[N+](CCC(F)(F)C(F)(F)C(F)(F)C(F)(F)C(F)(F)C(F)(F)F)(C)C)=O)C(=O)[O-])OC1CC[<][>]}[H]
